image_index,image_path,image_name,scale,inner_size,area_percent,mass_threshold,original_k,original_realized_mass_percent,retained_mass_percent,nucleus_set_overlap_percent,shared_token_count
0,/home/jihoon/jihoon/RVCD/MAIN_CODES/DB_single_concept_images_flux_generated/generated_images/adult.png,adult.png,1.0,336,100.0,0.9,7,91.36911630630493,91.36911630630493,100.0,7.0
0,/home/jihoon/jihoon/RVCD/MAIN_CODES/DB_single_concept_images_flux_generated/generated_images/adult.png,adult.png,1.5,224,44.44444444444444,0.9,7,91.36911630630493,90.38553237915039,85.71428571428571,6.0
0,/home/jihoon/jihoon/RVCD/MAIN_CODES/DB_single_concept_images_flux_generated/generated_images/adult.png,adult.png,2.0,168,25.0,0.9,7,91.36911630630493,86.06136441230774,71.42857142857143,5.0
0,/home/jihoon/jihoon/RVCD/MAIN_CODES/DB_single_concept_images_flux_generated/generated_images/adult.png,adult.png,2.5,134,16.0,0.9,7,91.36911630630493,83.5436463356018,71.42857142857143,5.0
0,/home/jihoon/jihoon/RVCD/MAIN_CODES/DB_single_concept_images_flux_generated/generated_images/adult.png,adult.png,3.0,112,11.11111111111111,0.9,7,91.36911630630493,85.30997037887573,57.142857142857146,4.000000000000001
1,/home/jihoon/jihoon/RVCD/MAIN_CODES/DB_single_concept_images_flux_generated/generated_images/air plane.png,air plane.png,1.0,336,100.0,0.9,3,97.05700278282166,97.05700278282166,100.0,3.0
1,/home/jihoon/jihoon/RVCD/MAIN_CODES/DB_single_concept_images_flux_generated/generated_images/air plane.png,air plane.png,1.5,224,44.44444444444444,0.9,3,97.05700278282166,96.96511030197144,100.0,3.0
1,/home/jihoon/jihoon/RVCD/MAIN_CODES/DB_single_concept_images_flux_generated/generated_images/air plane.png,air plane.png,2.0,168,25.0,0.9,3,97.05700278282166,96.79089188575745,100.0,3.0
1,/home/jihoon/jihoon/RVCD/MAIN_CODES/DB_single_concept_images_flux_generated/generated_images/air plane.png,air plane.png,2.5,134,16.0,0.9,3,97.05700278282166,97.0077395439148,100.0,3.0
1,/home/jihoon/jihoon/RVCD/MAIN_CODES/DB_single_concept_images_flux_generated/generated_images/air plane.png,air plane.png,3.0,112,11.11111111111111,0.9,3,97.05700278282166,96.79149389266968,100.0,3.0
2,/home/jihoon/jihoon/RVCD/MAIN_CODES/DB_single_concept_images_flux_generated/generated_images/airbus.png,airbus.png,1.0,336,100.0,0.9,3,96.36830687522888,96.36830687522888,100.0,3.0
2,/home/jihoon/jihoon/RVCD/MAIN_CODES/DB_single_concept_images_flux_generated/generated_images/airbus.png,airbus.png,1.5,224,44.44444444444444,0.9,3,96.36830687522888,97.01013565063477,100.0,3.0
2,/home/jihoon/jihoon/RVCD/MAIN_CODES/DB_single_concept_images_flux_generated/generated_images/airbus.png,airbus.png,2.0,168,25.0,0.9,3,96.36830687522888,97.04737067222595,100.0,3.0
2,/home/jihoon/jihoon/RVCD/MAIN_CODES/DB_single_concept_images_flux_generated/generated_images/airbus.png,airbus.png,2.5,134,16.0,0.9,3,96.36830687522888,97.03607559204102,100.0,3.0
2,/home/jihoon/jihoon/RVCD/MAIN_CODES/DB_single_concept_images_flux_generated/generated_images/airbus.png,airbus.png,3.0,112,11.11111111111111,0.9,3,96.36830687522888,97.03909754753113,100.0,3.0
3,/home/jihoon/jihoon/RVCD/MAIN_CODES/DB_single_concept_images_flux_generated/generated_images/aircraft.png,aircraft.png,1.0,336,100.0,0.9,2,90.49537181854248,90.49537181854248,100.0,2.0
3,/home/jihoon/jihoon/RVCD/MAIN_CODES/DB_single_concept_images_flux_generated/generated_images/aircraft.png,aircraft.png,1.5,224,44.44444444444444,0.9,2,90.49537181854248,91.36415719985962,100.0,2.0
3,/home/jihoon/jihoon/RVCD/MAIN_CODES/DB_single_concept_images_flux_generated/generated_images/aircraft.png,aircraft.png,2.0,168,25.0,0.9,2,90.49537181854248,91.70528650283813,100.0,2.0
3,/home/jihoon/jihoon/RVCD/MAIN_CODES/DB_single_concept_images_flux_generated/generated_images/aircraft.png,aircraft.png,2.5,134,16.0,0.9,2,90.49537181854248,91.15563631057739,100.0,2.0
3,/home/jihoon/jihoon/RVCD/MAIN_CODES/DB_single_concept_images_flux_generated/generated_images/aircraft.png,aircraft.png,3.0,112,11.11111111111111,0.9,2,90.49537181854248,91.82665944099426,100.0,2.0
4,/home/jihoon/jihoon/RVCD/MAIN_CODES/DB_single_concept_images_flux_generated/generated_images/airplane.png,airplane.png,1.0,336,100.0,0.9,3,97.05700278282166,97.05700278282166,100.0,3.0
4,/home/jihoon/jihoon/RVCD/MAIN_CODES/DB_single_concept_images_flux_generated/generated_images/airplane.png,airplane.png,1.5,224,44.44444444444444,0.9,3,97.05700278282166,96.96511030197144,100.0,3.0
4,/home/jihoon/jihoon/RVCD/MAIN_CODES/DB_single_concept_images_flux_generated/generated_images/airplane.png,airplane.png,2.0,168,25.0,0.9,3,97.05700278282166,96.79089188575745,100.0,3.0
4,/home/jihoon/jihoon/RVCD/MAIN_CODES/DB_single_concept_images_flux_generated/generated_images/airplane.png,airplane.png,2.5,134,16.0,0.9,3,97.05700278282166,97.0077395439148,100.0,3.0
4,/home/jihoon/jihoon/RVCD/MAIN_CODES/DB_single_concept_images_flux_generated/generated_images/airplane.png,airplane.png,3.0,112,11.11111111111111,0.9,3,97.05700278282166,96.79149389266968,100.0,3.0
5,/home/jihoon/jihoon/RVCD/MAIN_CODES/DB_single_concept_images_flux_generated/generated_images/apple.png,apple.png,1.0,336,100.0,0.9,1,95.3871488571167,95.3871488571167,100.0,1.0
5,/home/jihoon/jihoon/RVCD/MAIN_CODES/DB_single_concept_images_flux_generated/generated_images/apple.png,apple.png,1.5,224,44.44444444444444,0.9,1,95.3871488571167,94.91606950759888,100.0,1.0
5,/home/jihoon/jihoon/RVCD/MAIN_CODES/DB_single_concept_images_flux_generated/generated_images/apple.png,apple.png,2.0,168,25.0,0.9,1,95.3871488571167,94.6816623210907,100.0,1.0
5,/home/jihoon/jihoon/RVCD/MAIN_CODES/DB_single_concept_images_flux_generated/generated_images/apple.png,apple.png,2.5,134,16.0,0.9,1,95.3871488571167,93.84790062904358,100.0,1.0
5,/home/jihoon/jihoon/RVCD/MAIN_CODES/DB_single_concept_images_flux_generated/generated_images/apple.png,apple.png,3.0,112,11.11111111111111,0.9,1,95.3871488571167,94.96279954910278,100.0,1.0
6,/home/jihoon/jihoon/RVCD/MAIN_CODES/DB_single_concept_images_flux_generated/generated_images/automobile.png,automobile.png,1.0,336,100.0,0.9,1,95.92655897140503,95.92655897140503,100.0,1.0
6,/home/jihoon/jihoon/RVCD/MAIN_CODES/DB_single_concept_images_flux_generated/generated_images/automobile.png,automobile.png,1.5,224,44.44444444444444,0.9,1,95.92655897140503,95.60719728469849,100.0,1.0
6,/home/jihoon/jihoon/RVCD/MAIN_CODES/DB_single_concept_images_flux_generated/generated_images/automobile.png,automobile.png,2.0,168,25.0,0.9,1,95.92655897140503,94.17777061462402,100.0,1.0
6,/home/jihoon/jihoon/RVCD/MAIN_CODES/DB_single_concept_images_flux_generated/generated_images/automobile.png,automobile.png,2.5,134,16.0,0.9,1,95.92655897140503,95.5076813697815,100.0,1.0
6,/home/jihoon/jihoon/RVCD/MAIN_CODES/DB_single_concept_images_flux_generated/generated_images/automobile.png,automobile.png,3.0,112,11.11111111111111,0.9,1,95.92655897140503,93.70100498199463,100.0,1.0
7,/home/jihoon/jihoon/RVCD/MAIN_CODES/DB_single_concept_images_flux_generated/generated_images/baby.png,baby.png,1.0,336,100.0,0.9,1,94.94433999061584,94.94433999061584,100.0,1.0
7,/home/jihoon/jihoon/RVCD/MAIN_CODES/DB_single_concept_images_flux_generated/generated_images/baby.png,baby.png,1.5,224,44.44444444444444,0.9,1,94.94433999061584,95.03118395805359,100.0,1.0
7,/home/jihoon/jihoon/RVCD/MAIN_CODES/DB_single_concept_images_flux_generated/generated_images/baby.png,baby.png,2.0,168,25.0,0.9,1,94.94433999061584,94.60748434066772,100.0,1.0
7,/home/jihoon/jihoon/RVCD/MAIN_CODES/DB_single_concept_images_flux_generated/generated_images/baby.png,baby.png,2.5,134,16.0,0.9,1,94.94433999061584,94.60962414741516,100.0,1.0
7,/home/jihoon/jihoon/RVCD/MAIN_CODES/DB_single_concept_images_flux_generated/generated_images/baby.png,baby.png,3.0,112,11.11111111111111,0.9,1,94.94433999061584,93.96896958351135,100.0,1.0
8,/home/jihoon/jihoon/RVCD/MAIN_CODES/DB_single_concept_images_flux_generated/generated_images/backpack.png,backpack.png,1.0,336,100.0,0.9,1,93.54245066642761,93.54245066642761,100.0,1.0
8,/home/jihoon/jihoon/RVCD/MAIN_CODES/DB_single_concept_images_flux_generated/generated_images/backpack.png,backpack.png,1.5,224,44.44444444444444,0.9,1,93.54245066642761,94.69994306564331,100.0,1.0
8,/home/jihoon/jihoon/RVCD/MAIN_CODES/DB_single_concept_images_flux_generated/generated_images/backpack.png,backpack.png,2.0,168,25.0,0.9,1,93.54245066642761,92.6654040813446,100.0,1.0
8,/home/jihoon/jihoon/RVCD/MAIN_CODES/DB_single_concept_images_flux_generated/generated_images/backpack.png,backpack.png,2.5,134,16.0,0.9,1,93.54245066642761,92.10448861122131,100.0,1.0
8,/home/jihoon/jihoon/RVCD/MAIN_CODES/DB_single_concept_images_flux_generated/generated_images/backpack.png,backpack.png,3.0,112,11.11111111111111,0.9,1,93.54245066642761,92.75839328765869,100.0,1.0
9,/home/jihoon/jihoon/RVCD/MAIN_CODES/DB_single_concept_images_flux_generated/generated_images/bagel.png,bagel.png,1.0,336,100.0,0.9,3,90.6247615814209,90.6247615814209,100.0,3.0
9,/home/jihoon/jihoon/RVCD/MAIN_CODES/DB_single_concept_images_flux_generated/generated_images/bagel.png,bagel.png,1.5,224,44.44444444444444,0.9,3,90.6247615814209,94.27250623703003,100.0,3.0
9,/home/jihoon/jihoon/RVCD/MAIN_CODES/DB_single_concept_images_flux_generated/generated_images/bagel.png,bagel.png,2.0,168,25.0,0.9,3,90.6247615814209,93.34896802902222,100.0,3.0
9,/home/jihoon/jihoon/RVCD/MAIN_CODES/DB_single_concept_images_flux_generated/generated_images/bagel.png,bagel.png,2.5,134,16.0,0.9,3,90.6247615814209,89.5734965801239,100.0,3.0
9,/home/jihoon/jihoon/RVCD/MAIN_CODES/DB_single_concept_images_flux_generated/generated_images/bagel.png,bagel.png,3.0,112,11.11111111111111,0.9,3,90.6247615814209,84.79291200637817,100.0,3.0
10,/home/jihoon/jihoon/RVCD/MAIN_CODES/DB_single_concept_images_flux_generated/generated_images/baker.png,baker.png,1.0,336,100.0,0.9,92,90.03244042396545,90.03244042396545,100.0,92.0
10,/home/jihoon/jihoon/RVCD/MAIN_CODES/DB_single_concept_images_flux_generated/generated_images/baker.png,baker.png,1.5,224,44.44444444444444,0.9,92,90.03244042396545,89.44565057754517,92.3913043478261,85.00000000000001
10,/home/jihoon/jihoon/RVCD/MAIN_CODES/DB_single_concept_images_flux_generated/generated_images/baker.png,baker.png,2.0,168,25.0,0.9,92,90.03244042396545,84.2050850391388,82.6086956521739,75.99999999999999
10,/home/jihoon/jihoon/RVCD/MAIN_CODES/DB_single_concept_images_flux_generated/generated_images/baker.png,baker.png,2.5,134,16.0,0.9,92,90.03244042396545,84.17724967002869,81.52173913043478,75.0
10,/home/jihoon/jihoon/RVCD/MAIN_CODES/DB_single_concept_images_flux_generated/generated_images/baker.png,baker.png,3.0,112,11.11111111111111,0.9,92,90.03244042396545,90.05860090255737,76.08695652173913,70.0
11,/home/jihoon/jihoon/RVCD/MAIN_CODES/DB_single_concept_images_flux_generated/generated_images/ball.png,ball.png,1.0,336,100.0,0.9,2,90.2820348739624,90.2820348739624,100.0,2.0
11,/home/jihoon/jihoon/RVCD/MAIN_CODES/DB_single_concept_images_flux_generated/generated_images/ball.png,ball.png,1.5,224,44.44444444444444,0.9,2,90.2820348739624,87.79740333557129,100.0,2.0
11,/home/jihoon/jihoon/RVCD/MAIN_CODES/DB_single_concept_images_flux_generated/generated_images/ball.png,ball.png,2.0,168,25.0,0.9,2,90.2820348739624,88.51284980773926,100.0,2.0
11,/home/jihoon/jihoon/RVCD/MAIN_CODES/DB_single_concept_images_flux_generated/generated_images/ball.png,ball.png,2.5,134,16.0,0.9,2,90.2820348739624,88.30713033676147,100.0,2.0
11,/home/jihoon/jihoon/RVCD/MAIN_CODES/DB_single_concept_images_flux_generated/generated_images/ball.png,ball.png,3.0,112,11.11111111111111,0.9,2,90.2820348739624,84.63311195373535,100.0,2.0
12,/home/jihoon/jihoon/RVCD/MAIN_CODES/DB_single_concept_images_flux_generated/generated_images/banana.png,banana.png,1.0,336,100.0,0.9,1,97.37247824668884,97.37247824668884,100.0,1.0
12,/home/jihoon/jihoon/RVCD/MAIN_CODES/DB_single_concept_images_flux_generated/generated_images/banana.png,banana.png,1.5,224,44.44444444444444,0.9,1,97.37247824668884,97.32462763786316,100.0,1.0
12,/home/jihoon/jihoon/RVCD/MAIN_CODES/DB_single_concept_images_flux_generated/generated_images/banana.png,banana.png,2.0,168,25.0,0.9,1,97.37247824668884,97.09951877593994,100.0,1.0
12,/home/jihoon/jihoon/RVCD/MAIN_CODES/DB_single_concept_images_flux_generated/generated_images/banana.png,banana.png,2.5,134,16.0,0.9,1,97.37247824668884,97.30504751205444,100.0,1.0
12,/home/jihoon/jihoon/RVCD/MAIN_CODES/DB_single_concept_images_flux_generated/generated_images/banana.png,banana.png,3.0,112,11.11111111111111,0.9,1,97.37247824668884,96.94539904594421,100.0,1.0
13,/home/jihoon/jihoon/RVCD/MAIN_CODES/DB_single_concept_images_flux_generated/generated_images/barge.png,barge.png,1.0,336,100.0,0.9,2,93.3667540550232,93.3667540550232,100.0,2.0
13,/home/jihoon/jihoon/RVCD/MAIN_CODES/DB_single_concept_images_flux_generated/generated_images/barge.png,barge.png,1.5,224,44.44444444444444,0.9,2,93.3667540550232,93.23619604110718,100.0,2.0
13,/home/jihoon/jihoon/RVCD/MAIN_CODES/DB_single_concept_images_flux_generated/generated_images/barge.png,barge.png,2.0,168,25.0,0.9,2,93.3667540550232,95.10762691497803,100.0,2.0
13,/home/jihoon/jihoon/RVCD/MAIN_CODES/DB_single_concept_images_flux_generated/generated_images/barge.png,barge.png,2.5,134,16.0,0.9,2,93.3667540550232,93.998122215271,100.0,2.0
13,/home/jihoon/jihoon/RVCD/MAIN_CODES/DB_single_concept_images_flux_generated/generated_images/barge.png,barge.png,3.0,112,11.11111111111111,0.9,2,93.3667540550232,95.00696659088135,100.0,2.0
14,/home/jihoon/jihoon/RVCD/MAIN_CODES/DB_single_concept_images_flux_generated/generated_images/baseball bat.png,baseball bat.png,1.0,336,100.0,0.9,2,94.15333271026611,94.15333271026611,100.0,2.0
14,/home/jihoon/jihoon/RVCD/MAIN_CODES/DB_single_concept_images_flux_generated/generated_images/baseball bat.png,baseball bat.png,1.5,224,44.44444444444444,0.9,2,94.15333271026611,88.24922442436218,100.0,2.0
14,/home/jihoon/jihoon/RVCD/MAIN_CODES/DB_single_concept_images_flux_generated/generated_images/baseball bat.png,baseball bat.png,2.0,168,25.0,0.9,2,94.15333271026611,92.50465631484985,100.0,2.0
14,/home/jihoon/jihoon/RVCD/MAIN_CODES/DB_single_concept_images_flux_generated/generated_images/baseball bat.png,baseball bat.png,2.5,134,16.0,0.9,2,94.15333271026611,92.56008863449097,100.0,2.0
14,/home/jihoon/jihoon/RVCD/MAIN_CODES/DB_single_concept_images_flux_generated/generated_images/baseball bat.png,baseball bat.png,3.0,112,11.11111111111111,0.9,2,94.15333271026611,94.93219256401062,100.0,2.0
15,/home/jihoon/jihoon/RVCD/MAIN_CODES/DB_single_concept_images_flux_generated/generated_images/baseball glove.png,baseball glove.png,1.0,336,100.0,0.9,3,92.4141526222229,92.4141526222229,100.0,3.0
15,/home/jihoon/jihoon/RVCD/MAIN_CODES/DB_single_concept_images_flux_generated/generated_images/baseball glove.png,baseball glove.png,1.5,224,44.44444444444444,0.9,3,92.4141526222229,92.97910332679749,100.0,3.0
15,/home/jihoon/jihoon/RVCD/MAIN_CODES/DB_single_concept_images_flux_generated/generated_images/baseball glove.png,baseball glove.png,2.0,168,25.0,0.9,3,92.4141526222229,93.52423548698425,100.0,3.0
15,/home/jihoon/jihoon/RVCD/MAIN_CODES/DB_single_concept_images_flux_generated/generated_images/baseball glove.png,baseball glove.png,2.5,134,16.0,0.9,3,92.4141526222229,93.94053220748901,100.0,3.0
15,/home/jihoon/jihoon/RVCD/MAIN_CODES/DB_single_concept_images_flux_generated/generated_images/baseball glove.png,baseball glove.png,3.0,112,11.11111111111111,0.9,3,92.4141526222229,91.1150574684143,66.66666666666667,2.0
16,/home/jihoon/jihoon/RVCD/MAIN_CODES/DB_single_concept_images_flux_generated/generated_images/baseballbat.png,baseballbat.png,1.0,336,100.0,0.9,2,94.15333271026611,94.15333271026611,100.0,2.0
16,/home/jihoon/jihoon/RVCD/MAIN_CODES/DB_single_concept_images_flux_generated/generated_images/baseballbat.png,baseballbat.png,1.5,224,44.44444444444444,0.9,2,94.15333271026611,88.24922442436218,100.0,2.0
16,/home/jihoon/jihoon/RVCD/MAIN_CODES/DB_single_concept_images_flux_generated/generated_images/baseballbat.png,baseballbat.png,2.0,168,25.0,0.9,2,94.15333271026611,92.50465631484985,100.0,2.0
16,/home/jihoon/jihoon/RVCD/MAIN_CODES/DB_single_concept_images_flux_generated/generated_images/baseballbat.png,baseballbat.png,2.5,134,16.0,0.9,2,94.15333271026611,92.56008863449097,100.0,2.0
16,/home/jihoon/jihoon/RVCD/MAIN_CODES/DB_single_concept_images_flux_generated/generated_images/baseballbat.png,baseballbat.png,3.0,112,11.11111111111111,0.9,2,94.15333271026611,94.93219256401062,100.0,2.0
17,/home/jihoon/jihoon/RVCD/MAIN_CODES/DB_single_concept_images_flux_generated/generated_images/baseballglove.png,baseballglove.png,1.0,336,100.0,0.9,3,92.4141526222229,92.4141526222229,100.0,3.0
17,/home/jihoon/jihoon/RVCD/MAIN_CODES/DB_single_concept_images_flux_generated/generated_images/baseballglove.png,baseballglove.png,1.5,224,44.44444444444444,0.9,3,92.4141526222229,92.97910332679749,100.0,3.0
17,/home/jihoon/jihoon/RVCD/MAIN_CODES/DB_single_concept_images_flux_generated/generated_images/baseballglove.png,baseballglove.png,2.0,168,25.0,0.9,3,92.4141526222229,93.52423548698425,100.0,3.0
17,/home/jihoon/jihoon/RVCD/MAIN_CODES/DB_single_concept_images_flux_generated/generated_images/baseballglove.png,baseballglove.png,2.5,134,16.0,0.9,3,92.4141526222229,93.94053220748901,100.0,3.0
17,/home/jihoon/jihoon/RVCD/MAIN_CODES/DB_single_concept_images_flux_generated/generated_images/baseballglove.png,baseballglove.png,3.0,112,11.11111111111111,0.9,3,92.4141526222229,91.1150574684143,66.66666666666667,2.0
18,/home/jihoon/jihoon/RVCD/MAIN_CODES/DB_single_concept_images_flux_generated/generated_images/battleship.png,battleship.png,1.0,336,100.0,0.9,3,92.94719099998474,92.94719099998474,100.0,3.0
18,/home/jihoon/jihoon/RVCD/MAIN_CODES/DB_single_concept_images_flux_generated/generated_images/battleship.png,battleship.png,1.5,224,44.44444444444444,0.9,3,92.94719099998474,95.70406675338745,100.0,3.0
18,/home/jihoon/jihoon/RVCD/MAIN_CODES/DB_single_concept_images_flux_generated/generated_images/battleship.png,battleship.png,2.0,168,25.0,0.9,3,92.94719099998474,94.90026831626892,100.0,3.0
18,/home/jihoon/jihoon/RVCD/MAIN_CODES/DB_single_concept_images_flux_generated/generated_images/battleship.png,battleship.png,2.5,134,16.0,0.9,3,92.94719099998474,95.10931968688965,100.0,3.0
18,/home/jihoon/jihoon/RVCD/MAIN_CODES/DB_single_concept_images_flux_generated/generated_images/battleship.png,battleship.png,3.0,112,11.11111111111111,0.9,3,92.94719099998474,96.87997102737427,66.66666666666667,2.0
19,/home/jihoon/jihoon/RVCD/MAIN_CODES/DB_single_concept_images_flux_generated/generated_images/beagle.png,beagle.png,1.0,336,100.0,0.9,2,93.64176988601685,93.64176988601685,100.0,2.0
19,/home/jihoon/jihoon/RVCD/MAIN_CODES/DB_single_concept_images_flux_generated/generated_images/beagle.png,beagle.png,1.5,224,44.44444444444444,0.9,2,93.64176988601685,95.99239826202393,100.0,2.0
19,/home/jihoon/jihoon/RVCD/MAIN_CODES/DB_single_concept_images_flux_generated/generated_images/beagle.png,beagle.png,2.0,168,25.0,0.9,2,93.64176988601685,92.68704652786255,100.0,2.0
19,/home/jihoon/jihoon/RVCD/MAIN_CODES/DB_single_concept_images_flux_generated/generated_images/beagle.png,beagle.png,2.5,134,16.0,0.9,2,93.64176988601685,93.73117685317993,100.0,2.0
19,/home/jihoon/jihoon/RVCD/MAIN_CODES/DB_single_concept_images_flux_generated/generated_images/beagle.png,beagle.png,3.0,112,11.11111111111111,0.9,2,93.64176988601685,94.81968879699707,100.0,2.0
20,/home/jihoon/jihoon/RVCD/MAIN_CODES/DB_single_concept_images_flux_generated/generated_images/bear.png,bear.png,1.0,336,100.0,0.9,2,90.44948816299438,90.44948816299438,100.0,2.0
20,/home/jihoon/jihoon/RVCD/MAIN_CODES/DB_single_concept_images_flux_generated/generated_images/bear.png,bear.png,1.5,224,44.44444444444444,0.9,2,90.44948816299438,92.04541444778442,100.0,2.0
20,/home/jihoon/jihoon/RVCD/MAIN_CODES/DB_single_concept_images_flux_generated/generated_images/bear.png,bear.png,2.0,168,25.0,0.9,2,90.44948816299438,89.24984931945801,100.0,2.0
20,/home/jihoon/jihoon/RVCD/MAIN_CODES/DB_single_concept_images_flux_generated/generated_images/bear.png,bear.png,2.5,134,16.0,0.9,2,90.44948816299438,91.64750576019287,100.0,2.0
20,/home/jihoon/jihoon/RVCD/MAIN_CODES/DB_single_concept_images_flux_generated/generated_images/bear.png,bear.png,3.0,112,11.11111111111111,0.9,2,90.44948816299438,91.52114391326904,100.0,2.0
21,/home/jihoon/jihoon/RVCD/MAIN_CODES/DB_single_concept_images_flux_generated/generated_images/bed.png,bed.png,1.0,336,100.0,0.9,1,98.18609952926636,98.18609952926636,100.0,1.0
21,/home/jihoon/jihoon/RVCD/MAIN_CODES/DB_single_concept_images_flux_generated/generated_images/bed.png,bed.png,1.5,224,44.44444444444444,0.9,1,98.18609952926636,98.37504029273987,100.0,1.0
21,/home/jihoon/jihoon/RVCD/MAIN_CODES/DB_single_concept_images_flux_generated/generated_images/bed.png,bed.png,2.0,168,25.0,0.9,1,98.18609952926636,98.27975034713745,100.0,1.0
21,/home/jihoon/jihoon/RVCD/MAIN_CODES/DB_single_concept_images_flux_generated/generated_images/bed.png,bed.png,2.5,134,16.0,0.9,1,98.18609952926636,98.51321578025818,100.0,1.0
21,/home/jihoon/jihoon/RVCD/MAIN_CODES/DB_single_concept_images_flux_generated/generated_images/bed.png,bed.png,3.0,112,11.11111111111111,0.9,1,98.18609952926636,98.00002574920654,100.0,1.0
22,/home/jihoon/jihoon/RVCD/MAIN_CODES/DB_single_concept_images_flux_generated/generated_images/bench.png,bench.png,1.0,336,100.0,0.9,3,90.93095064163208,90.93095064163208,100.0,3.0
22,/home/jihoon/jihoon/RVCD/MAIN_CODES/DB_single_concept_images_flux_generated/generated_images/bench.png,bench.png,1.5,224,44.44444444444444,0.9,3,90.93095064163208,89.90605473518372,100.0,3.0
22,/home/jihoon/jihoon/RVCD/MAIN_CODES/DB_single_concept_images_flux_generated/generated_images/bench.png,bench.png,2.0,168,25.0,0.9,3,90.93095064163208,89.50662016868591,100.0,3.0
22,/home/jihoon/jihoon/RVCD/MAIN_CODES/DB_single_concept_images_flux_generated/generated_images/bench.png,bench.png,2.5,134,16.0,0.9,3,90.93095064163208,90.99401235580444,66.66666666666667,2.0
22,/home/jihoon/jihoon/RVCD/MAIN_CODES/DB_single_concept_images_flux_generated/generated_images/bench.png,bench.png,3.0,112,11.11111111111111,0.9,3,90.93095064163208,87.29052543640137,100.0,3.0
23,/home/jihoon/jihoon/RVCD/MAIN_CODES/DB_single_concept_images_flux_generated/generated_images/bicycle.png,bicycle.png,1.0,336,100.0,0.9,2,97.48423099517822,97.48423099517822,100.0,2.0
23,/home/jihoon/jihoon/RVCD/MAIN_CODES/DB_single_concept_images_flux_generated/generated_images/bicycle.png,bicycle.png,1.5,224,44.44444444444444,0.9,2,97.48423099517822,98.71674180030823,100.0,2.0
23,/home/jihoon/jihoon/RVCD/MAIN_CODES/DB_single_concept_images_flux_generated/generated_images/bicycle.png,bicycle.png,2.0,168,25.0,0.9,2,97.48423099517822,98.48767518997192,100.0,2.0
23,/home/jihoon/jihoon/RVCD/MAIN_CODES/DB_single_concept_images_flux_generated/generated_images/bicycle.png,bicycle.png,2.5,134,16.0,0.9,2,97.48423099517822,98.85618686676025,100.0,2.0
23,/home/jihoon/jihoon/RVCD/MAIN_CODES/DB_single_concept_images_flux_generated/generated_images/bicycle.png,bicycle.png,3.0,112,11.11111111111111,0.9,2,97.48423099517822,98.72192144393921,100.0,2.0
24,/home/jihoon/jihoon/RVCD/MAIN_CODES/DB_single_concept_images_flux_generated/generated_images/bicyclist.png,bicyclist.png,1.0,336,100.0,0.9,2,95.2532172203064,95.2532172203064,100.0,2.0
24,/home/jihoon/jihoon/RVCD/MAIN_CODES/DB_single_concept_images_flux_generated/generated_images/bicyclist.png,bicyclist.png,1.5,224,44.44444444444444,0.9,2,95.2532172203064,94.93368864059448,100.0,2.0
24,/home/jihoon/jihoon/RVCD/MAIN_CODES/DB_single_concept_images_flux_generated/generated_images/bicyclist.png,bicyclist.png,2.0,168,25.0,0.9,2,95.2532172203064,92.94649362564087,100.0,2.0
24,/home/jihoon/jihoon/RVCD/MAIN_CODES/DB_single_concept_images_flux_generated/generated_images/bicyclist.png,bicyclist.png,2.5,134,16.0,0.9,2,95.2532172203064,90.88939428329468,100.0,2.0
24,/home/jihoon/jihoon/RVCD/MAIN_CODES/DB_single_concept_images_flux_generated/generated_images/bicyclist.png,bicyclist.png,3.0,112,11.11111111111111,0.9,2,95.2532172203064,76.32665038108826,100.0,2.0
25,/home/jihoon/jihoon/RVCD/MAIN_CODES/DB_single_concept_images_flux_generated/generated_images/bike.png,bike.png,1.0,336,100.0,0.9,2,92.89001226425171,92.89001226425171,100.0,2.0
25,/home/jihoon/jihoon/RVCD/MAIN_CODES/DB_single_concept_images_flux_generated/generated_images/bike.png,bike.png,1.5,224,44.44444444444444,0.9,2,92.89001226425171,95.3167736530304,100.0,2.0
25,/home/jihoon/jihoon/RVCD/MAIN_CODES/DB_single_concept_images_flux_generated/generated_images/bike.png,bike.png,2.0,168,25.0,0.9,2,92.89001226425171,93.46820116043091,100.0,2.0
25,/home/jihoon/jihoon/RVCD/MAIN_CODES/DB_single_concept_images_flux_generated/generated_images/bike.png,bike.png,2.5,134,16.0,0.9,2,92.89001226425171,95.92450857162476,100.0,2.0
25,/home/jihoon/jihoon/RVCD/MAIN_CODES/DB_single_concept_images_flux_generated/generated_images/bike.png,bike.png,3.0,112,11.11111111111111,0.9,2,92.89001226425171,97.84907102584839,100.0,2.0
26,/home/jihoon/jihoon/RVCD/MAIN_CODES/DB_single_concept_images_flux_generated/generated_images/biker.png,biker.png,1.0,336,100.0,0.9,4,90.82343578338623,90.82343578338623,100.0,4.0
26,/home/jihoon/jihoon/RVCD/MAIN_CODES/DB_single_concept_images_flux_generated/generated_images/biker.png,biker.png,1.5,224,44.44444444444444,0.9,4,90.82343578338623,89.59805965423584,75.0,3.0
26,/home/jihoon/jihoon/RVCD/MAIN_CODES/DB_single_concept_images_flux_generated/generated_images/biker.png,biker.png,2.0,168,25.0,0.9,4,90.82343578338623,88.52419853210449,75.0,3.0
26,/home/jihoon/jihoon/RVCD/MAIN_CODES/DB_single_concept_images_flux_generated/generated_images/biker.png,biker.png,2.5,134,16.0,0.9,4,90.82343578338623,88.22300434112549,75.0,3.0
26,/home/jihoon/jihoon/RVCD/MAIN_CODES/DB_single_concept_images_flux_generated/generated_images/biker.png,biker.png,3.0,112,11.11111111111111,0.9,4,90.82343578338623,87.86557912826538,75.0,3.0
27,/home/jihoon/jihoon/RVCD/MAIN_CODES/DB_single_concept_images_flux_generated/generated_images/biplane.png,biplane.png,1.0,336,100.0,0.9,2,93.46827268600464,93.46827268600464,100.0,2.0
27,/home/jihoon/jihoon/RVCD/MAIN_CODES/DB_single_concept_images_flux_generated/generated_images/biplane.png,biplane.png,1.5,224,44.44444444444444,0.9,2,93.46827268600464,93.08493137359619,100.0,2.0
27,/home/jihoon/jihoon/RVCD/MAIN_CODES/DB_single_concept_images_flux_generated/generated_images/biplane.png,biplane.png,2.0,168,25.0,0.9,2,93.46827268600464,92.93763637542725,100.0,2.0
27,/home/jihoon/jihoon/RVCD/MAIN_CODES/DB_single_concept_images_flux_generated/generated_images/biplane.png,biplane.png,2.5,134,16.0,0.9,2,93.46827268600464,93.74583959579468,100.0,2.0
27,/home/jihoon/jihoon/RVCD/MAIN_CODES/DB_single_concept_images_flux_generated/generated_images/biplane.png,biplane.png,3.0,112,11.11111111111111,0.9,2,93.46827268600464,94.64374780654907,100.0,2.0
28,/home/jihoon/jihoon/RVCD/MAIN_CODES/DB_single_concept_images_flux_generated/generated_images/bird.png,bird.png,1.0,336,100.0,0.9,1,96.42991423606873,96.42991423606873,100.0,1.0
28,/home/jihoon/jihoon/RVCD/MAIN_CODES/DB_single_concept_images_flux_generated/generated_images/bird.png,bird.png,1.5,224,44.44444444444444,0.9,1,96.42991423606873,96.43785357475281,100.0,1.0
28,/home/jihoon/jihoon/RVCD/MAIN_CODES/DB_single_concept_images_flux_generated/generated_images/bird.png,bird.png,2.0,168,25.0,0.9,1,96.42991423606873,96.69121503829956,100.0,1.0
28,/home/jihoon/jihoon/RVCD/MAIN_CODES/DB_single_concept_images_flux_generated/generated_images/bird.png,bird.png,2.5,134,16.0,0.9,1,96.42991423606873,96.44389748573303,100.0,1.0
28,/home/jihoon/jihoon/RVCD/MAIN_CODES/DB_single_concept_images_flux_generated/generated_images/bird.png,bird.png,3.0,112,11.11111111111111,0.9,1,96.42991423606873,96.05081081390381,100.0,1.0
29,/home/jihoon/jihoon/RVCD/MAIN_CODES/DB_single_concept_images_flux_generated/generated_images/bison.png,bison.png,1.0,336,100.0,0.9,4,91.14041924476624,91.14041924476624,100.0,4.0
29,/home/jihoon/jihoon/RVCD/MAIN_CODES/DB_single_concept_images_flux_generated/generated_images/bison.png,bison.png,1.5,224,44.44444444444444,0.9,4,91.14041924476624,94.30894255638123,100.0,4.0
29,/home/jihoon/jihoon/RVCD/MAIN_CODES/DB_single_concept_images_flux_generated/generated_images/bison.png,bison.png,2.0,168,25.0,0.9,4,91.14041924476624,94.38899159431458,100.0,4.0
29,/home/jihoon/jihoon/RVCD/MAIN_CODES/DB_single_concept_images_flux_generated/generated_images/bison.png,bison.png,2.5,134,16.0,0.9,4,91.14041924476624,93.603515625,100.0,4.0
29,/home/jihoon/jihoon/RVCD/MAIN_CODES/DB_single_concept_images_flux_generated/generated_images/bison.png,bison.png,3.0,112,11.11111111111111,0.9,4,91.14041924476624,92.13751554489136,100.0,4.0
30,/home/jihoon/jihoon/RVCD/MAIN_CODES/DB_single_concept_images_flux_generated/generated_images/blackbird.png,blackbird.png,1.0,336,100.0,0.9,2,94.86929178237915,94.86929178237915,100.0,2.0
30,/home/jihoon/jihoon/RVCD/MAIN_CODES/DB_single_concept_images_flux_generated/generated_images/blackbird.png,blackbird.png,1.5,224,44.44444444444444,0.9,2,94.86929178237915,94.04937028884888,100.0,2.0
30,/home/jihoon/jihoon/RVCD/MAIN_CODES/DB_single_concept_images_flux_generated/generated_images/blackbird.png,blackbird.png,2.0,168,25.0,0.9,2,94.86929178237915,93.93929839134216,100.0,2.0
30,/home/jihoon/jihoon/RVCD/MAIN_CODES/DB_single_concept_images_flux_generated/generated_images/blackbird.png,blackbird.png,2.5,134,16.0,0.9,2,94.86929178237915,91.01049304008484,50.0,1.0
30,/home/jihoon/jihoon/RVCD/MAIN_CODES/DB_single_concept_images_flux_generated/generated_images/blackbird.png,blackbird.png,3.0,112,11.11111111111111,0.9,2,94.86929178237915,90.30616879463196,100.0,2.0
31,/home/jihoon/jihoon/RVCD/MAIN_CODES/DB_single_concept_images_flux_generated/generated_images/bluebird.png,bluebird.png,1.0,336,100.0,0.9,1,91.67368412017822,91.67368412017822,100.0,1.0
31,/home/jihoon/jihoon/RVCD/MAIN_CODES/DB_single_concept_images_flux_generated/generated_images/bluebird.png,bluebird.png,1.5,224,44.44444444444444,0.9,1,91.67368412017822,93.4568464756012,100.0,1.0
31,/home/jihoon/jihoon/RVCD/MAIN_CODES/DB_single_concept_images_flux_generated/generated_images/bluebird.png,bluebird.png,2.0,168,25.0,0.9,1,91.67368412017822,93.99726390838623,100.0,1.0
31,/home/jihoon/jihoon/RVCD/MAIN_CODES/DB_single_concept_images_flux_generated/generated_images/bluebird.png,bluebird.png,2.5,134,16.0,0.9,1,91.67368412017822,93.02109479904175,100.0,1.0
31,/home/jihoon/jihoon/RVCD/MAIN_CODES/DB_single_concept_images_flux_generated/generated_images/bluebird.png,bluebird.png,3.0,112,11.11111111111111,0.9,1,91.67368412017822,91.48316979408264,100.0,1.0
32,/home/jihoon/jihoon/RVCD/MAIN_CODES/DB_single_concept_images_flux_generated/generated_images/bluejay.png,bluejay.png,1.0,336,100.0,0.9,2,96.20433449745178,96.20433449745178,100.0,2.0
32,/home/jihoon/jihoon/RVCD/MAIN_CODES/DB_single_concept_images_flux_generated/generated_images/bluejay.png,bluejay.png,1.5,224,44.44444444444444,0.9,2,96.20433449745178,97.66726493835449,100.0,2.0
32,/home/jihoon/jihoon/RVCD/MAIN_CODES/DB_single_concept_images_flux_generated/generated_images/bluejay.png,bluejay.png,2.0,168,25.0,0.9,2,96.20433449745178,98.09207916259766,100.0,2.0
32,/home/jihoon/jihoon/RVCD/MAIN_CODES/DB_single_concept_images_flux_generated/generated_images/bluejay.png,bluejay.png,2.5,134,16.0,0.9,2,96.20433449745178,97.88334369659424,100.0,2.0
32,/home/jihoon/jihoon/RVCD/MAIN_CODES/DB_single_concept_images_flux_generated/generated_images/bluejay.png,bluejay.png,3.0,112,11.11111111111111,0.9,2,96.20433449745178,97.94465899467468,100.0,2.0
33,/home/jihoon/jihoon/RVCD/MAIN_CODES/DB_single_concept_images_flux_generated/generated_images/boat.png,boat.png,1.0,336,100.0,0.9,1,94.227534532547,94.227534532547,100.0,1.0
33,/home/jihoon/jihoon/RVCD/MAIN_CODES/DB_single_concept_images_flux_generated/generated_images/boat.png,boat.png,1.5,224,44.44444444444444,0.9,1,94.227534532547,95.56049704551697,100.0,1.0
33,/home/jihoon/jihoon/RVCD/MAIN_CODES/DB_single_concept_images_flux_generated/generated_images/boat.png,boat.png,2.0,168,25.0,0.9,1,94.227534532547,95.73972225189209,100.0,1.0
33,/home/jihoon/jihoon/RVCD/MAIN_CODES/DB_single_concept_images_flux_generated/generated_images/boat.png,boat.png,2.5,134,16.0,0.9,1,94.227534532547,94.53062415122986,100.0,1.0
33,/home/jihoon/jihoon/RVCD/MAIN_CODES/DB_single_concept_images_flux_generated/generated_images/boat.png,boat.png,3.0,112,11.11111111111111,0.9,1,94.227534532547,95.48448324203491,100.0,1.0
34,/home/jihoon/jihoon/RVCD/MAIN_CODES/DB_single_concept_images_flux_generated/generated_images/book.png,book.png,1.0,336,100.0,0.9,2,94.7985053062439,94.7985053062439,100.0,2.0
34,/home/jihoon/jihoon/RVCD/MAIN_CODES/DB_single_concept_images_flux_generated/generated_images/book.png,book.png,1.5,224,44.44444444444444,0.9,2,94.7985053062439,96.37302160263062,100.0,2.0
34,/home/jihoon/jihoon/RVCD/MAIN_CODES/DB_single_concept_images_flux_generated/generated_images/book.png,book.png,2.0,168,25.0,0.9,2,94.7985053062439,96.65344953536987,100.0,2.0
34,/home/jihoon/jihoon/RVCD/MAIN_CODES/DB_single_concept_images_flux_generated/generated_images/book.png,book.png,2.5,134,16.0,0.9,2,94.7985053062439,96.61512970924377,100.0,2.0
34,/home/jihoon/jihoon/RVCD/MAIN_CODES/DB_single_concept_images_flux_generated/generated_images/book.png,book.png,3.0,112,11.11111111111111,0.9,2,94.7985053062439,95.90106010437012,100.0,2.0
35,/home/jihoon/jihoon/RVCD/MAIN_CODES/DB_single_concept_images_flux_generated/generated_images/bottle.png,bottle.png,1.0,336,100.0,0.9,9,90.65961241722107,90.65961241722107,100.0,9.0
35,/home/jihoon/jihoon/RVCD/MAIN_CODES/DB_single_concept_images_flux_generated/generated_images/bottle.png,bottle.png,1.5,224,44.44444444444444,0.9,9,90.65961241722107,92.69348382949829,88.88888888888889,8.0
35,/home/jihoon/jihoon/RVCD/MAIN_CODES/DB_single_concept_images_flux_generated/generated_images/bottle.png,bottle.png,2.0,168,25.0,0.9,9,90.65961241722107,91.83776378631592,88.88888888888889,8.0
35,/home/jihoon/jihoon/RVCD/MAIN_CODES/DB_single_concept_images_flux_generated/generated_images/bottle.png,bottle.png,2.5,134,16.0,0.9,9,90.65961241722107,90.72318077087402,88.88888888888889,8.0
35,/home/jihoon/jihoon/RVCD/MAIN_CODES/DB_single_concept_images_flux_generated/generated_images/bottle.png,bottle.png,3.0,112,11.11111111111111,0.9,9,90.65961241722107,91.83334112167358,100.0,9.0
36,/home/jihoon/jihoon/RVCD/MAIN_CODES/DB_single_concept_images_flux_generated/generated_images/bow tie.png,bow tie.png,1.0,336,100.0,0.9,2,95.482736825943,95.482736825943,100.0,2.0
36,/home/jihoon/jihoon/RVCD/MAIN_CODES/DB_single_concept_images_flux_generated/generated_images/bow tie.png,bow tie.png,1.5,224,44.44444444444444,0.9,2,95.482736825943,94.56255435943604,100.0,2.0
36,/home/jihoon/jihoon/RVCD/MAIN_CODES/DB_single_concept_images_flux_generated/generated_images/bow tie.png,bow tie.png,2.0,168,25.0,0.9,2,95.482736825943,94.58514451980591,100.0,2.0
36,/home/jihoon/jihoon/RVCD/MAIN_CODES/DB_single_concept_images_flux_generated/generated_images/bow tie.png,bow tie.png,2.5,134,16.0,0.9,2,95.482736825943,93.53781342506409,100.0,2.0
36,/home/jihoon/jihoon/RVCD/MAIN_CODES/DB_single_concept_images_flux_generated/generated_images/bow tie.png,bow tie.png,3.0,112,11.11111111111111,0.9,2,95.482736825943,92.4591064453125,100.0,2.0
37,/home/jihoon/jihoon/RVCD/MAIN_CODES/DB_single_concept_images_flux_generated/generated_images/bow.png,bow.png,1.0,336,100.0,0.9,2,90.10564684867859,90.10564684867859,100.0,2.0
37,/home/jihoon/jihoon/RVCD/MAIN_CODES/DB_single_concept_images_flux_generated/generated_images/bow.png,bow.png,1.5,224,44.44444444444444,0.9,2,90.10564684867859,89.53535556793213,100.0,2.0
37,/home/jihoon/jihoon/RVCD/MAIN_CODES/DB_single_concept_images_flux_generated/generated_images/bow.png,bow.png,2.0,168,25.0,0.9,2,90.10564684867859,89.70462083816528,100.0,2.0
37,/home/jihoon/jihoon/RVCD/MAIN_CODES/DB_single_concept_images_flux_generated/generated_images/bow.png,bow.png,2.5,134,16.0,0.9,2,90.10564684867859,88.68852853775024,100.0,2.0
37,/home/jihoon/jihoon/RVCD/MAIN_CODES/DB_single_concept_images_flux_generated/generated_images/bow.png,bow.png,3.0,112,11.11111111111111,0.9,2,90.10564684867859,90.54595828056335,100.0,2.0
38,/home/jihoon/jihoon/RVCD/MAIN_CODES/DB_single_concept_images_flux_generated/generated_images/bowl.png,bowl.png,1.0,336,100.0,0.9,1,98.00645709037781,98.00645709037781,100.0,1.0
38,/home/jihoon/jihoon/RVCD/MAIN_CODES/DB_single_concept_images_flux_generated/generated_images/bowl.png,bowl.png,1.5,224,44.44444444444444,0.9,1,98.00645709037781,97.36950993537903,100.0,1.0
38,/home/jihoon/jihoon/RVCD/MAIN_CODES/DB_single_concept_images_flux_generated/generated_images/bowl.png,bowl.png,2.0,168,25.0,0.9,1,98.00645709037781,97.19969630241394,100.0,1.0
38,/home/jihoon/jihoon/RVCD/MAIN_CODES/DB_single_concept_images_flux_generated/generated_images/bowl.png,bowl.png,2.5,134,16.0,0.9,1,98.00645709037781,96.89750671386719,100.0,1.0
38,/home/jihoon/jihoon/RVCD/MAIN_CODES/DB_single_concept_images_flux_generated/generated_images/bowl.png,bowl.png,3.0,112,11.11111111111111,0.9,1,98.00645709037781,96.727854013443,100.0,1.0
39,/home/jihoon/jihoon/RVCD/MAIN_CODES/DB_single_concept_images_flux_generated/generated_images/bowtie.png,bowtie.png,1.0,336,100.0,0.9,2,95.482736825943,95.482736825943,100.0,2.0
39,/home/jihoon/jihoon/RVCD/MAIN_CODES/DB_single_concept_images_flux_generated/generated_images/bowtie.png,bowtie.png,1.5,224,44.44444444444444,0.9,2,95.482736825943,94.56255435943604,100.0,2.0
39,/home/jihoon/jihoon/RVCD/MAIN_CODES/DB_single_concept_images_flux_generated/generated_images/bowtie.png,bowtie.png,2.0,168,25.0,0.9,2,95.482736825943,94.58514451980591,100.0,2.0
39,/home/jihoon/jihoon/RVCD/MAIN_CODES/DB_single_concept_images_flux_generated/generated_images/bowtie.png,bowtie.png,2.5,134,16.0,0.9,2,95.482736825943,93.53781342506409,100.0,2.0
39,/home/jihoon/jihoon/RVCD/MAIN_CODES/DB_single_concept_images_flux_generated/generated_images/bowtie.png,bowtie.png,3.0,112,11.11111111111111,0.9,2,95.482736825943,92.4591064453125,100.0,2.0
40,/home/jihoon/jihoon/RVCD/MAIN_CODES/DB_single_concept_images_flux_generated/generated_images/boy.png,boy.png,1.0,336,100.0,0.9,6,90.84020853042603,90.84020853042603,100.0,6.0
40,/home/jihoon/jihoon/RVCD/MAIN_CODES/DB_single_concept_images_flux_generated/generated_images/boy.png,boy.png,1.5,224,44.44444444444444,0.9,6,90.84020853042603,92.18060970306396,83.33333333333333,5.0
40,/home/jihoon/jihoon/RVCD/MAIN_CODES/DB_single_concept_images_flux_generated/generated_images/boy.png,boy.png,2.0,168,25.0,0.9,6,90.84020853042603,91.79919362068176,83.33333333333333,5.0
40,/home/jihoon/jihoon/RVCD/MAIN_CODES/DB_single_concept_images_flux_generated/generated_images/boy.png,boy.png,2.5,134,16.0,0.9,6,90.84020853042603,92.7787721157074,83.33333333333333,5.0
40,/home/jihoon/jihoon/RVCD/MAIN_CODES/DB_single_concept_images_flux_generated/generated_images/boy.png,boy.png,3.0,112,11.11111111111111,0.9,6,90.84020853042603,92.35367178916931,66.66666666666667,4.0
41,/home/jihoon/jihoon/RVCD/MAIN_CODES/DB_single_concept_images_flux_generated/generated_images/bride.png,bride.png,1.0,336,100.0,0.9,6,90.42922854423523,90.42922854423523,100.0,6.0
41,/home/jihoon/jihoon/RVCD/MAIN_CODES/DB_single_concept_images_flux_generated/generated_images/bride.png,bride.png,1.5,224,44.44444444444444,0.9,6,90.42922854423523,87.88763880729675,100.0,6.0
41,/home/jihoon/jihoon/RVCD/MAIN_CODES/DB_single_concept_images_flux_generated/generated_images/bride.png,bride.png,2.0,168,25.0,0.9,6,90.42922854423523,86.4461898803711,83.33333333333333,5.0
41,/home/jihoon/jihoon/RVCD/MAIN_CODES/DB_single_concept_images_flux_generated/generated_images/bride.png,bride.png,2.5,134,16.0,0.9,6,90.42922854423523,81.35199546813965,83.33333333333333,5.0
41,/home/jihoon/jihoon/RVCD/MAIN_CODES/DB_single_concept_images_flux_generated/generated_images/bride.png,bride.png,3.0,112,11.11111111111111,0.9,6,90.42922854423523,84.84986424446106,66.66666666666667,4.0
42,/home/jihoon/jihoon/RVCD/MAIN_CODES/DB_single_concept_images_flux_generated/generated_images/briefcase.png,briefcase.png,1.0,336,100.0,0.9,11,90.71303009986877,90.71303009986877,100.0,11.0
42,/home/jihoon/jihoon/RVCD/MAIN_CODES/DB_single_concept_images_flux_generated/generated_images/briefcase.png,briefcase.png,1.5,224,44.44444444444444,0.9,11,90.71303009986877,92.72768497467041,90.9090909090909,10.0
42,/home/jihoon/jihoon/RVCD/MAIN_CODES/DB_single_concept_images_flux_generated/generated_images/briefcase.png,briefcase.png,2.0,168,25.0,0.9,11,90.71303009986877,92.78010129928589,90.9090909090909,10.0
42,/home/jihoon/jihoon/RVCD/MAIN_CODES/DB_single_concept_images_flux_generated/generated_images/briefcase.png,briefcase.png,2.5,134,16.0,0.9,11,90.71303009986877,95.08660435676575,100.0,11.0
42,/home/jihoon/jihoon/RVCD/MAIN_CODES/DB_single_concept_images_flux_generated/generated_images/briefcase.png,briefcase.png,3.0,112,11.11111111111111,0.9,11,90.71303009986877,94.54130530357361,90.9090909090909,10.0
43,/home/jihoon/jihoon/RVCD/MAIN_CODES/DB_single_concept_images_flux_generated/generated_images/brindle.png,brindle.png,1.0,336,100.0,0.9,2,92.5335705280304,92.5335705280304,100.0,2.0
43,/home/jihoon/jihoon/RVCD/MAIN_CODES/DB_single_concept_images_flux_generated/generated_images/brindle.png,brindle.png,1.5,224,44.44444444444444,0.9,2,92.5335705280304,92.89095997810364,100.0,2.0
43,/home/jihoon/jihoon/RVCD/MAIN_CODES/DB_single_concept_images_flux_generated/generated_images/brindle.png,brindle.png,2.0,168,25.0,0.9,2,92.5335705280304,93.76243352890015,100.0,2.0
43,/home/jihoon/jihoon/RVCD/MAIN_CODES/DB_single_concept_images_flux_generated/generated_images/brindle.png,brindle.png,2.5,134,16.0,0.9,2,92.5335705280304,92.94673800468445,100.0,2.0
43,/home/jihoon/jihoon/RVCD/MAIN_CODES/DB_single_concept_images_flux_generated/generated_images/brindle.png,brindle.png,3.0,112,11.11111111111111,0.9,2,92.5335705280304,92.95892119407654,100.0,2.0
44,/home/jihoon/jihoon/RVCD/MAIN_CODES/DB_single_concept_images_flux_generated/generated_images/broccoli.png,broccoli.png,1.0,336,100.0,0.9,1,91.54916405677795,91.54916405677795,100.0,1.0
44,/home/jihoon/jihoon/RVCD/MAIN_CODES/DB_single_concept_images_flux_generated/generated_images/broccoli.png,broccoli.png,1.5,224,44.44444444444444,0.9,1,91.54916405677795,94.30966377258301,100.0,1.0
44,/home/jihoon/jihoon/RVCD/MAIN_CODES/DB_single_concept_images_flux_generated/generated_images/broccoli.png,broccoli.png,2.0,168,25.0,0.9,1,91.54916405677795,93.29906702041626,100.0,1.0
44,/home/jihoon/jihoon/RVCD/MAIN_CODES/DB_single_concept_images_flux_generated/generated_images/broccoli.png,broccoli.png,2.5,134,16.0,0.9,1,91.54916405677795,91.83117747306824,100.0,1.0
44,/home/jihoon/jihoon/RVCD/MAIN_CODES/DB_single_concept_images_flux_generated/generated_images/broccoli.png,broccoli.png,3.0,112,11.11111111111111,0.9,1,91.54916405677795,93.8590943813324,100.0,1.0
45,/home/jihoon/jihoon/RVCD/MAIN_CODES/DB_single_concept_images_flux_generated/generated_images/bronc.png,bronc.png,1.0,336,100.0,0.9,2,92.76504516601562,92.76504516601562,100.0,2.0
45,/home/jihoon/jihoon/RVCD/MAIN_CODES/DB_single_concept_images_flux_generated/generated_images/bronc.png,bronc.png,1.5,224,44.44444444444444,0.9,2,92.76504516601562,89.86272811889648,100.0,2.0
45,/home/jihoon/jihoon/RVCD/MAIN_CODES/DB_single_concept_images_flux_generated/generated_images/bronc.png,bronc.png,2.0,168,25.0,0.9,2,92.76504516601562,88.93160223960876,100.0,2.0
45,/home/jihoon/jihoon/RVCD/MAIN_CODES/DB_single_concept_images_flux_generated/generated_images/bronc.png,bronc.png,2.5,134,16.0,0.9,2,92.76504516601562,89.23335075378418,100.0,2.0
45,/home/jihoon/jihoon/RVCD/MAIN_CODES/DB_single_concept_images_flux_generated/generated_images/bronc.png,bronc.png,3.0,112,11.11111111111111,0.9,2,92.76504516601562,90.064537525177,100.0,2.0
46,/home/jihoon/jihoon/RVCD/MAIN_CODES/DB_single_concept_images_flux_generated/generated_images/bronco.png,bronco.png,1.0,336,100.0,0.9,3,93.3673083782196,93.3673083782196,100.0,3.0
46,/home/jihoon/jihoon/RVCD/MAIN_CODES/DB_single_concept_images_flux_generated/generated_images/bronco.png,bronco.png,1.5,224,44.44444444444444,0.9,3,93.3673083782196,91.95362329483032,100.0,3.0
46,/home/jihoon/jihoon/RVCD/MAIN_CODES/DB_single_concept_images_flux_generated/generated_images/bronco.png,bronco.png,2.0,168,25.0,0.9,3,93.3673083782196,93.18956136703491,100.0,3.0
46,/home/jihoon/jihoon/RVCD/MAIN_CODES/DB_single_concept_images_flux_generated/generated_images/bronco.png,bronco.png,2.5,134,16.0,0.9,3,93.3673083782196,92.19411015510559,100.0,3.0
46,/home/jihoon/jihoon/RVCD/MAIN_CODES/DB_single_concept_images_flux_generated/generated_images/bronco.png,bronco.png,3.0,112,11.11111111111111,0.9,3,93.3673083782196,91.6428804397583,100.0,3.0
47,/home/jihoon/jihoon/RVCD/MAIN_CODES/DB_single_concept_images_flux_generated/generated_images/buffalo.png,buffalo.png,1.0,336,100.0,0.9,4,93.15877556800842,93.15877556800842,100.0,4.0
47,/home/jihoon/jihoon/RVCD/MAIN_CODES/DB_single_concept_images_flux_generated/generated_images/buffalo.png,buffalo.png,1.5,224,44.44444444444444,0.9,4,93.15877556800842,93.74036192893982,100.0,4.0
47,/home/jihoon/jihoon/RVCD/MAIN_CODES/DB_single_concept_images_flux_generated/generated_images/buffalo.png,buffalo.png,2.0,168,25.0,0.9,4,93.15877556800842,93.58908534049988,100.0,4.0
47,/home/jihoon/jihoon/RVCD/MAIN_CODES/DB_single_concept_images_flux_generated/generated_images/buffalo.png,buffalo.png,2.5,134,16.0,0.9,4,93.15877556800842,93.23372840881348,100.0,4.0
47,/home/jihoon/jihoon/RVCD/MAIN_CODES/DB_single_concept_images_flux_generated/generated_images/buffalo.png,buffalo.png,3.0,112,11.11111111111111,0.9,4,93.15877556800842,93.04304122924805,100.0,4.0
48,/home/jihoon/jihoon/RVCD/MAIN_CODES/DB_single_concept_images_flux_generated/generated_images/bull.png,bull.png,1.0,336,100.0,0.9,2,91.95764064788818,91.95764064788818,100.0,2.0
48,/home/jihoon/jihoon/RVCD/MAIN_CODES/DB_single_concept_images_flux_generated/generated_images/bull.png,bull.png,1.5,224,44.44444444444444,0.9,2,91.95764064788818,92.45648384094238,100.0,2.0
48,/home/jihoon/jihoon/RVCD/MAIN_CODES/DB_single_concept_images_flux_generated/generated_images/bull.png,bull.png,2.0,168,25.0,0.9,2,91.95764064788818,91.18976593017578,100.0,2.0
48,/home/jihoon/jihoon/RVCD/MAIN_CODES/DB_single_concept_images_flux_generated/generated_images/bull.png,bull.png,2.5,134,16.0,0.9,2,91.95764064788818,90.19254446029663,100.0,2.0
48,/home/jihoon/jihoon/RVCD/MAIN_CODES/DB_single_concept_images_flux_generated/generated_images/bull.png,bull.png,3.0,112,11.11111111111111,0.9,2,91.95764064788818,90.26246070861816,100.0,2.0
49,/home/jihoon/jihoon/RVCD/MAIN_CODES/DB_single_concept_images_flux_generated/generated_images/bulldog.png,bulldog.png,1.0,336,100.0,0.9,2,93.29666495323181,93.29666495323181,100.0,2.0
49,/home/jihoon/jihoon/RVCD/MAIN_CODES/DB_single_concept_images_flux_generated/generated_images/bulldog.png,bulldog.png,1.5,224,44.44444444444444,0.9,2,93.29666495323181,93.39495897293091,100.0,2.0
49,/home/jihoon/jihoon/RVCD/MAIN_CODES/DB_single_concept_images_flux_generated/generated_images/bulldog.png,bulldog.png,2.0,168,25.0,0.9,2,93.29666495323181,94.04407739639282,100.0,2.0
49,/home/jihoon/jihoon/RVCD/MAIN_CODES/DB_single_concept_images_flux_generated/generated_images/bulldog.png,bulldog.png,2.5,134,16.0,0.9,2,93.29666495323181,94.0636396408081,100.0,2.0
49,/home/jihoon/jihoon/RVCD/MAIN_CODES/DB_single_concept_images_flux_generated/generated_images/bulldog.png,bulldog.png,3.0,112,11.11111111111111,0.9,2,93.29666495323181,92.74945259094238,100.0,2.0
50,/home/jihoon/jihoon/RVCD/MAIN_CODES/DB_single_concept_images_flux_generated/generated_images/burger.png,burger.png,1.0,336,100.0,0.9,3,93.19002628326416,93.19002628326416,100.0,3.0
50,/home/jihoon/jihoon/RVCD/MAIN_CODES/DB_single_concept_images_flux_generated/generated_images/burger.png,burger.png,1.5,224,44.44444444444444,0.9,3,93.19002628326416,93.33113431930542,100.0,3.0
50,/home/jihoon/jihoon/RVCD/MAIN_CODES/DB_single_concept_images_flux_generated/generated_images/burger.png,burger.png,2.0,168,25.0,0.9,3,93.19002628326416,91.5948212146759,100.0,3.0
50,/home/jihoon/jihoon/RVCD/MAIN_CODES/DB_single_concept_images_flux_generated/generated_images/burger.png,burger.png,2.5,134,16.0,0.9,3,93.19002628326416,90.95503687858582,66.66666666666667,2.0
50,/home/jihoon/jihoon/RVCD/MAIN_CODES/DB_single_concept_images_flux_generated/generated_images/burger.png,burger.png,3.0,112,11.11111111111111,0.9,3,93.19002628326416,91.6353166103363,100.0,3.0
51,/home/jihoon/jihoon/RVCD/MAIN_CODES/DB_single_concept_images_flux_generated/generated_images/bus.png,bus.png,1.0,336,100.0,0.9,1,95.03278136253357,95.03278136253357,100.0,1.0
51,/home/jihoon/jihoon/RVCD/MAIN_CODES/DB_single_concept_images_flux_generated/generated_images/bus.png,bus.png,1.5,224,44.44444444444444,0.9,1,95.03278136253357,97.4450409412384,100.0,1.0
51,/home/jihoon/jihoon/RVCD/MAIN_CODES/DB_single_concept_images_flux_generated/generated_images/bus.png,bus.png,2.0,168,25.0,0.9,1,95.03278136253357,98.01552891731262,100.0,1.0
51,/home/jihoon/jihoon/RVCD/MAIN_CODES/DB_single_concept_images_flux_generated/generated_images/bus.png,bus.png,2.5,134,16.0,0.9,1,95.03278136253357,97.22610712051392,100.0,1.0
51,/home/jihoon/jihoon/RVCD/MAIN_CODES/DB_single_concept_images_flux_generated/generated_images/bus.png,bus.png,3.0,112,11.11111111111111,0.9,1,95.03278136253357,97.57088422775269,100.0,1.0
52,/home/jihoon/jihoon/RVCD/MAIN_CODES/DB_single_concept_images_flux_generated/generated_images/buyer.png,buyer.png,1.0,336,100.0,0.9,11,90.41314125061035,90.41314125061035,100.0,11.0
52,/home/jihoon/jihoon/RVCD/MAIN_CODES/DB_single_concept_images_flux_generated/generated_images/buyer.png,buyer.png,1.5,224,44.44444444444444,0.9,11,90.41314125061035,89.73740339279175,81.81818181818181,9.0
52,/home/jihoon/jihoon/RVCD/MAIN_CODES/DB_single_concept_images_flux_generated/generated_images/buyer.png,buyer.png,2.0,168,25.0,0.9,11,90.41314125061035,90.28956890106201,63.63636363636363,7.0
52,/home/jihoon/jihoon/RVCD/MAIN_CODES/DB_single_concept_images_flux_generated/generated_images/buyer.png,buyer.png,2.5,134,16.0,0.9,11,90.41314125061035,90.83434343338013,81.81818181818181,9.0
52,/home/jihoon/jihoon/RVCD/MAIN_CODES/DB_single_concept_images_flux_generated/generated_images/buyer.png,buyer.png,3.0,112,11.11111111111111,0.9,11,90.41314125061035,89.84260559082031,54.54545454545455,6.0
53,/home/jihoon/jihoon/RVCD/MAIN_CODES/DB_single_concept_images_flux_generated/generated_images/buzzard.png,buzzard.png,1.0,336,100.0,0.9,3,92.21874475479126,92.21874475479126,100.0,3.0
53,/home/jihoon/jihoon/RVCD/MAIN_CODES/DB_single_concept_images_flux_generated/generated_images/buzzard.png,buzzard.png,1.5,224,44.44444444444444,0.9,3,92.21874475479126,92.08442568778992,100.0,3.0
53,/home/jihoon/jihoon/RVCD/MAIN_CODES/DB_single_concept_images_flux_generated/generated_images/buzzard.png,buzzard.png,2.0,168,25.0,0.9,3,92.21874475479126,89.15796279907227,66.66666666666667,2.0
53,/home/jihoon/jihoon/RVCD/MAIN_CODES/DB_single_concept_images_flux_generated/generated_images/buzzard.png,buzzard.png,2.5,134,16.0,0.9,3,92.21874475479126,88.37873935699463,100.0,3.0
53,/home/jihoon/jihoon/RVCD/MAIN_CODES/DB_single_concept_images_flux_generated/generated_images/buzzard.png,buzzard.png,3.0,112,11.11111111111111,0.9,3,92.21874475479126,87.50560283660889,66.66666666666667,2.0
54,/home/jihoon/jihoon/RVCD/MAIN_CODES/DB_single_concept_images_flux_generated/generated_images/cab.png,cab.png,1.0,336,100.0,0.9,2,96.8953549861908,96.8953549861908,100.0,2.0
54,/home/jihoon/jihoon/RVCD/MAIN_CODES/DB_single_concept_images_flux_generated/generated_images/cab.png,cab.png,1.5,224,44.44444444444444,0.9,2,96.8953549861908,96.27988338470459,100.0,2.0
54,/home/jihoon/jihoon/RVCD/MAIN_CODES/DB_single_concept_images_flux_generated/generated_images/cab.png,cab.png,2.0,168,25.0,0.9,2,96.8953549861908,96.21223211288452,100.0,2.0
54,/home/jihoon/jihoon/RVCD/MAIN_CODES/DB_single_concept_images_flux_generated/generated_images/cab.png,cab.png,2.5,134,16.0,0.9,2,96.8953549861908,95.3016996383667,100.0,2.0
54,/home/jihoon/jihoon/RVCD/MAIN_CODES/DB_single_concept_images_flux_generated/generated_images/cab.png,cab.png,3.0,112,11.11111111111111,0.9,2,96.8953549861908,95.09288668632507,100.0,2.0
55,/home/jihoon/jihoon/RVCD/MAIN_CODES/DB_single_concept_images_flux_generated/generated_images/caboose.png,caboose.png,1.0,336,100.0,0.9,3,94.22235488891602,94.22235488891602,100.0,3.0
55,/home/jihoon/jihoon/RVCD/MAIN_CODES/DB_single_concept_images_flux_generated/generated_images/caboose.png,caboose.png,1.5,224,44.44444444444444,0.9,3,94.22235488891602,94.14759874343872,100.0,3.0
55,/home/jihoon/jihoon/RVCD/MAIN_CODES/DB_single_concept_images_flux_generated/generated_images/caboose.png,caboose.png,2.0,168,25.0,0.9,3,94.22235488891602,92.3742413520813,100.0,3.0
55,/home/jihoon/jihoon/RVCD/MAIN_CODES/DB_single_concept_images_flux_generated/generated_images/caboose.png,caboose.png,2.5,134,16.0,0.9,3,94.22235488891602,92.54286289215088,100.0,3.0
55,/home/jihoon/jihoon/RVCD/MAIN_CODES/DB_single_concept_images_flux_generated/generated_images/caboose.png,caboose.png,3.0,112,11.11111111111111,0.9,3,94.22235488891602,93.2342529296875,100.0,3.0
56,/home/jihoon/jihoon/RVCD/MAIN_CODES/DB_single_concept_images_flux_generated/generated_images/cake.png,cake.png,1.0,336,100.0,0.9,4,92.79187321662903,92.79187321662903,100.0,4.0
56,/home/jihoon/jihoon/RVCD/MAIN_CODES/DB_single_concept_images_flux_generated/generated_images/cake.png,cake.png,1.5,224,44.44444444444444,0.9,4,92.79187321662903,91.28938913345337,100.0,4.0
56,/home/jihoon/jihoon/RVCD/MAIN_CODES/DB_single_concept_images_flux_generated/generated_images/cake.png,cake.png,2.0,168,25.0,0.9,4,92.79187321662903,89.2454743385315,100.0,4.0
56,/home/jihoon/jihoon/RVCD/MAIN_CODES/DB_single_concept_images_flux_generated/generated_images/cake.png,cake.png,2.5,134,16.0,0.9,4,92.79187321662903,86.89126968383789,100.0,4.0
56,/home/jihoon/jihoon/RVCD/MAIN_CODES/DB_single_concept_images_flux_generated/generated_images/cake.png,cake.png,3.0,112,11.11111111111111,0.9,4,92.79187321662903,85.29021739959717,75.0,3.0
57,/home/jihoon/jihoon/RVCD/MAIN_CODES/DB_single_concept_images_flux_generated/generated_images/calf.png,calf.png,1.0,336,100.0,0.9,2,95.14013528823853,95.14013528823853,100.0,2.0
57,/home/jihoon/jihoon/RVCD/MAIN_CODES/DB_single_concept_images_flux_generated/generated_images/calf.png,calf.png,1.5,224,44.44444444444444,0.9,2,95.14013528823853,96.34114503860474,100.0,2.0
57,/home/jihoon/jihoon/RVCD/MAIN_CODES/DB_single_concept_images_flux_generated/generated_images/calf.png,calf.png,2.0,168,25.0,0.9,2,95.14013528823853,95.73362469673157,100.0,2.0
57,/home/jihoon/jihoon/RVCD/MAIN_CODES/DB_single_concept_images_flux_generated/generated_images/calf.png,calf.png,2.5,134,16.0,0.9,2,95.14013528823853,94.65386867523193,100.0,2.0
57,/home/jihoon/jihoon/RVCD/MAIN_CODES/DB_single_concept_images_flux_generated/generated_images/calf.png,calf.png,3.0,112,11.11111111111111,0.9,2,95.14013528823853,95.55777311325073,100.0,2.0
58,/home/jihoon/jihoon/RVCD/MAIN_CODES/DB_single_concept_images_flux_generated/generated_images/caller.png,caller.png,1.0,336,100.0,0.9,21,90.15111923217773,90.15111923217773,100.0,21.0
58,/home/jihoon/jihoon/RVCD/MAIN_CODES/DB_single_concept_images_flux_generated/generated_images/caller.png,caller.png,1.5,224,44.44444444444444,0.9,21,90.15111923217773,90.81123471260071,71.42857142857143,15.0
58,/home/jihoon/jihoon/RVCD/MAIN_CODES/DB_single_concept_images_flux_generated/generated_images/caller.png,caller.png,2.0,168,25.0,0.9,21,90.15111923217773,87.40481734275818,66.66666666666667,14.000000000000002
58,/home/jihoon/jihoon/RVCD/MAIN_CODES/DB_single_concept_images_flux_generated/generated_images/caller.png,caller.png,2.5,134,16.0,0.9,21,90.15111923217773,87.65254616737366,71.42857142857143,15.0
58,/home/jihoon/jihoon/RVCD/MAIN_CODES/DB_single_concept_images_flux_generated/generated_images/caller.png,caller.png,3.0,112,11.11111111111111,0.9,21,90.15111923217773,85.98131537437439,57.142857142857146,12.000000000000002
59,/home/jihoon/jihoon/RVCD/MAIN_CODES/DB_single_concept_images_flux_generated/generated_images/camper.png,camper.png,1.0,336,100.0,0.9,6,91.25240445137024,91.25240445137024,100.0,6.0
59,/home/jihoon/jihoon/RVCD/MAIN_CODES/DB_single_concept_images_flux_generated/generated_images/camper.png,camper.png,1.5,224,44.44444444444444,0.9,6,91.25240445137024,91.64352416992188,100.0,6.0
59,/home/jihoon/jihoon/RVCD/MAIN_CODES/DB_single_concept_images_flux_generated/generated_images/camper.png,camper.png,2.0,168,25.0,0.9,6,91.25240445137024,93.67075562477112,100.0,6.0
59,/home/jihoon/jihoon/RVCD/MAIN_CODES/DB_single_concept_images_flux_generated/generated_images/camper.png,camper.png,2.5,134,16.0,0.9,6,91.25240445137024,94.47687268257141,100.0,6.0
59,/home/jihoon/jihoon/RVCD/MAIN_CODES/DB_single_concept_images_flux_generated/generated_images/camper.png,camper.png,3.0,112,11.11111111111111,0.9,6,91.25240445137024,93.3555006980896,100.0,6.0
60,/home/jihoon/jihoon/RVCD/MAIN_CODES/DB_single_concept_images_flux_generated/generated_images/canine.png,canine.png,1.0,336,100.0,0.9,2,94.15251612663269,94.15251612663269,100.0,2.0
60,/home/jihoon/jihoon/RVCD/MAIN_CODES/DB_single_concept_images_flux_generated/generated_images/canine.png,canine.png,1.5,224,44.44444444444444,0.9,2,94.15251612663269,94.9168860912323,100.0,2.0
60,/home/jihoon/jihoon/RVCD/MAIN_CODES/DB_single_concept_images_flux_generated/generated_images/canine.png,canine.png,2.0,168,25.0,0.9,2,94.15251612663269,93.46638917922974,100.0,2.0
60,/home/jihoon/jihoon/RVCD/MAIN_CODES/DB_single_concept_images_flux_generated/generated_images/canine.png,canine.png,2.5,134,16.0,0.9,2,94.15251612663269,91.90187454223633,100.0,2.0
60,/home/jihoon/jihoon/RVCD/MAIN_CODES/DB_single_concept_images_flux_generated/generated_images/canine.png,canine.png,3.0,112,11.11111111111111,0.9,2,94.15251612663269,91.9258713722229,100.0,2.0
61,/home/jihoon/jihoon/RVCD/MAIN_CODES/DB_single_concept_images_flux_generated/generated_images/canoe.png,canoe.png,1.0,336,100.0,0.9,2,95.14791965484619,95.14791965484619,100.0,2.0
61,/home/jihoon/jihoon/RVCD/MAIN_CODES/DB_single_concept_images_flux_generated/generated_images/canoe.png,canoe.png,1.5,224,44.44444444444444,0.9,2,95.14791965484619,93.70826482772827,100.0,2.0
61,/home/jihoon/jihoon/RVCD/MAIN_CODES/DB_single_concept_images_flux_generated/generated_images/canoe.png,canoe.png,2.0,168,25.0,0.9,2,95.14791965484619,94.55020427703857,100.0,2.0
61,/home/jihoon/jihoon/RVCD/MAIN_CODES/DB_single_concept_images_flux_generated/generated_images/canoe.png,canoe.png,2.5,134,16.0,0.9,2,95.14791965484619,91.95279479026794,100.0,2.0
61,/home/jihoon/jihoon/RVCD/MAIN_CODES/DB_single_concept_images_flux_generated/generated_images/canoe.png,canoe.png,3.0,112,11.11111111111111,0.9,2,95.14791965484619,92.91163086891174,100.0,2.0
62,/home/jihoon/jihoon/RVCD/MAIN_CODES/DB_single_concept_images_flux_generated/generated_images/car.png,car.png,1.0,336,100.0,0.9,1,96.36303186416626,96.36303186416626,100.0,1.0
62,/home/jihoon/jihoon/RVCD/MAIN_CODES/DB_single_concept_images_flux_generated/generated_images/car.png,car.png,1.5,224,44.44444444444444,0.9,1,96.36303186416626,96.36731147766113,100.0,1.0
62,/home/jihoon/jihoon/RVCD/MAIN_CODES/DB_single_concept_images_flux_generated/generated_images/car.png,car.png,2.0,168,25.0,0.9,1,96.36303186416626,95.71408033370972,100.0,1.0
62,/home/jihoon/jihoon/RVCD/MAIN_CODES/DB_single_concept_images_flux_generated/generated_images/car.png,car.png,2.5,134,16.0,0.9,1,96.36303186416626,95.35495638847351,100.0,1.0
62,/home/jihoon/jihoon/RVCD/MAIN_CODES/DB_single_concept_images_flux_generated/generated_images/car.png,car.png,3.0,112,11.11111111111111,0.9,1,96.36303186416626,84.01244878768921,100.0,1.0
63,/home/jihoon/jihoon/RVCD/MAIN_CODES/DB_single_concept_images_flux_generated/generated_images/carrot.png,carrot.png,1.0,336,100.0,0.9,1,95.69082856178284,95.69082856178284,100.0,1.0
63,/home/jihoon/jihoon/RVCD/MAIN_CODES/DB_single_concept_images_flux_generated/generated_images/carrot.png,carrot.png,1.5,224,44.44444444444444,0.9,1,95.69082856178284,94.67869400978088,100.0,1.0
63,/home/jihoon/jihoon/RVCD/MAIN_CODES/DB_single_concept_images_flux_generated/generated_images/carrot.png,carrot.png,2.0,168,25.0,0.9,1,95.69082856178284,93.35333108901978,100.0,1.0
63,/home/jihoon/jihoon/RVCD/MAIN_CODES/DB_single_concept_images_flux_generated/generated_images/carrot.png,carrot.png,2.5,134,16.0,0.9,1,95.69082856178284,89.19726014137268,100.0,1.0
63,/home/jihoon/jihoon/RVCD/MAIN_CODES/DB_single_concept_images_flux_generated/generated_images/carrot.png,carrot.png,3.0,112,11.11111111111111,0.9,1,95.69082856178284,82.63181447982788,100.0,1.0
64,/home/jihoon/jihoon/RVCD/MAIN_CODES/DB_single_concept_images_flux_generated/generated_images/cat.png,cat.png,1.0,336,100.0,0.9,1,96.58600091934204,96.58600091934204,100.0,1.0
64,/home/jihoon/jihoon/RVCD/MAIN_CODES/DB_single_concept_images_flux_generated/generated_images/cat.png,cat.png,1.5,224,44.44444444444444,0.9,1,96.58600091934204,96.61543369293213,100.0,1.0
64,/home/jihoon/jihoon/RVCD/MAIN_CODES/DB_single_concept_images_flux_generated/generated_images/cat.png,cat.png,2.0,168,25.0,0.9,1,96.58600091934204,96.0889458656311,100.0,1.0
64,/home/jihoon/jihoon/RVCD/MAIN_CODES/DB_single_concept_images_flux_generated/generated_images/cat.png,cat.png,2.5,134,16.0,0.9,1,96.58600091934204,95.355623960495,100.0,1.0
64,/home/jihoon/jihoon/RVCD/MAIN_CODES/DB_single_concept_images_flux_generated/generated_images/cat.png,cat.png,3.0,112,11.11111111111111,0.9,1,96.58600091934204,94.60251927375793,100.0,1.0
65,/home/jihoon/jihoon/RVCD/MAIN_CODES/DB_single_concept_images_flux_generated/generated_images/catamaran.png,catamaran.png,1.0,336,100.0,0.9,2,96.18339538574219,96.18339538574219,100.0,2.0
65,/home/jihoon/jihoon/RVCD/MAIN_CODES/DB_single_concept_images_flux_generated/generated_images/catamaran.png,catamaran.png,1.5,224,44.44444444444444,0.9,2,96.18339538574219,96.25460505485535,100.0,2.0
65,/home/jihoon/jihoon/RVCD/MAIN_CODES/DB_single_concept_images_flux_generated/generated_images/catamaran.png,catamaran.png,2.0,168,25.0,0.9,2,96.18339538574219,95.91808915138245,100.0,2.0
65,/home/jihoon/jihoon/RVCD/MAIN_CODES/DB_single_concept_images_flux_generated/generated_images/catamaran.png,catamaran.png,2.5,134,16.0,0.9,2,96.18339538574219,96.88628315925598,100.0,2.0
65,/home/jihoon/jihoon/RVCD/MAIN_CODES/DB_single_concept_images_flux_generated/generated_images/catamaran.png,catamaran.png,3.0,112,11.11111111111111,0.9,2,96.18339538574219,97.81121611595154,100.0,2.0
66,/home/jihoon/jihoon/RVCD/MAIN_CODES/DB_single_concept_images_flux_generated/generated_images/cattle.png,cattle.png,1.0,336,100.0,0.9,1,95.68583965301514,95.68583965301514,100.0,1.0
66,/home/jihoon/jihoon/RVCD/MAIN_CODES/DB_single_concept_images_flux_generated/generated_images/cattle.png,cattle.png,1.5,224,44.44444444444444,0.9,1,95.68583965301514,96.80212736129761,100.0,1.0
66,/home/jihoon/jihoon/RVCD/MAIN_CODES/DB_single_concept_images_flux_generated/generated_images/cattle.png,cattle.png,2.0,168,25.0,0.9,1,95.68583965301514,96.65112495422363,100.0,1.0
66,/home/jihoon/jihoon/RVCD/MAIN_CODES/DB_single_concept_images_flux_generated/generated_images/cattle.png,cattle.png,2.5,134,16.0,0.9,1,95.68583965301514,95.81966996192932,100.0,1.0
66,/home/jihoon/jihoon/RVCD/MAIN_CODES/DB_single_concept_images_flux_generated/generated_images/cattle.png,cattle.png,3.0,112,11.11111111111111,0.9,1,95.68583965301514,94.5888876914978,100.0,1.0
67,/home/jihoon/jihoon/RVCD/MAIN_CODES/DB_single_concept_images_flux_generated/generated_images/cell phone.png,cell phone.png,1.0,336,100.0,0.9,3,94.30846571922302,94.30846571922302,100.0,3.0
67,/home/jihoon/jihoon/RVCD/MAIN_CODES/DB_single_concept_images_flux_generated/generated_images/cell phone.png,cell phone.png,1.5,224,44.44444444444444,0.9,3,94.30846571922302,94.81708407402039,100.0,3.0
67,/home/jihoon/jihoon/RVCD/MAIN_CODES/DB_single_concept_images_flux_generated/generated_images/cell phone.png,cell phone.png,2.0,168,25.0,0.9,3,94.30846571922302,93.76872181892395,100.0,3.0
67,/home/jihoon/jihoon/RVCD/MAIN_CODES/DB_single_concept_images_flux_generated/generated_images/cell phone.png,cell phone.png,2.5,134,16.0,0.9,3,94.30846571922302,91.7237639427185,100.0,3.0
67,/home/jihoon/jihoon/RVCD/MAIN_CODES/DB_single_concept_images_flux_generated/generated_images/cell phone.png,cell phone.png,3.0,112,11.11111111111111,0.9,3,94.30846571922302,85.89107394218445,66.66666666666667,2.0
68,/home/jihoon/jihoon/RVCD/MAIN_CODES/DB_single_concept_images_flux_generated/generated_images/cellphone.png,cellphone.png,1.0,336,100.0,0.9,3,94.30846571922302,94.30846571922302,100.0,3.0
68,/home/jihoon/jihoon/RVCD/MAIN_CODES/DB_single_concept_images_flux_generated/generated_images/cellphone.png,cellphone.png,1.5,224,44.44444444444444,0.9,3,94.30846571922302,94.81708407402039,100.0,3.0
68,/home/jihoon/jihoon/RVCD/MAIN_CODES/DB_single_concept_images_flux_generated/generated_images/cellphone.png,cellphone.png,2.0,168,25.0,0.9,3,94.30846571922302,93.76872181892395,100.0,3.0
68,/home/jihoon/jihoon/RVCD/MAIN_CODES/DB_single_concept_images_flux_generated/generated_images/cellphone.png,cellphone.png,2.5,134,16.0,0.9,3,94.30846571922302,91.7237639427185,100.0,3.0
68,/home/jihoon/jihoon/RVCD/MAIN_CODES/DB_single_concept_images_flux_generated/generated_images/cellphone.png,cellphone.png,3.0,112,11.11111111111111,0.9,3,94.30846571922302,85.89107394218445,66.66666666666667,2.0
69,/home/jihoon/jihoon/RVCD/MAIN_CODES/DB_single_concept_images_flux_generated/generated_images/chair.png,chair.png,1.0,336,100.0,0.9,1,95.77988386154175,95.77988386154175,100.0,1.0
69,/home/jihoon/jihoon/RVCD/MAIN_CODES/DB_single_concept_images_flux_generated/generated_images/chair.png,chair.png,1.5,224,44.44444444444444,0.9,1,95.77988386154175,95.15107274055481,100.0,1.0
69,/home/jihoon/jihoon/RVCD/MAIN_CODES/DB_single_concept_images_flux_generated/generated_images/chair.png,chair.png,2.0,168,25.0,0.9,1,95.77988386154175,93.8696026802063,100.0,1.0
69,/home/jihoon/jihoon/RVCD/MAIN_CODES/DB_single_concept_images_flux_generated/generated_images/chair.png,chair.png,2.5,134,16.0,0.9,1,95.77988386154175,94.21506524085999,100.0,1.0
69,/home/jihoon/jihoon/RVCD/MAIN_CODES/DB_single_concept_images_flux_generated/generated_images/chair.png,chair.png,3.0,112,11.11111111111111,0.9,1,95.77988386154175,94.81644630432129,100.0,1.0
70,/home/jihoon/jihoon/RVCD/MAIN_CODES/DB_single_concept_images_flux_generated/generated_images/cheeseburger.png,cheeseburger.png,1.0,336,100.0,0.9,4,93.32844614982605,93.32844614982605,100.0,4.0
70,/home/jihoon/jihoon/RVCD/MAIN_CODES/DB_single_concept_images_flux_generated/generated_images/cheeseburger.png,cheeseburger.png,1.5,224,44.44444444444444,0.9,4,93.32844614982605,91.21556282043457,100.0,4.0
70,/home/jihoon/jihoon/RVCD/MAIN_CODES/DB_single_concept_images_flux_generated/generated_images/cheeseburger.png,cheeseburger.png,2.0,168,25.0,0.9,4,93.32844614982605,95.17958760261536,100.0,4.0
70,/home/jihoon/jihoon/RVCD/MAIN_CODES/DB_single_concept_images_flux_generated/generated_images/cheeseburger.png,cheeseburger.png,2.5,134,16.0,0.9,4,93.32844614982605,94.43525671958923,100.0,4.0
70,/home/jihoon/jihoon/RVCD/MAIN_CODES/DB_single_concept_images_flux_generated/generated_images/cheeseburger.png,cheeseburger.png,3.0,112,11.11111111111111,0.9,4,93.32844614982605,94.7682797908783,100.0,4.0
71,/home/jihoon/jihoon/RVCD/MAIN_CODES/DB_single_concept_images_flux_generated/generated_images/cheesecake.png,cheesecake.png,1.0,336,100.0,0.9,11,90.6889259815216,90.6889259815216,100.0,11.0
71,/home/jihoon/jihoon/RVCD/MAIN_CODES/DB_single_concept_images_flux_generated/generated_images/cheesecake.png,cheesecake.png,1.5,224,44.44444444444444,0.9,11,90.6889259815216,88.81820440292358,100.0,11.0
71,/home/jihoon/jihoon/RVCD/MAIN_CODES/DB_single_concept_images_flux_generated/generated_images/cheesecake.png,cheesecake.png,2.0,168,25.0,0.9,11,90.6889259815216,88.62713575363159,90.9090909090909,10.0
71,/home/jihoon/jihoon/RVCD/MAIN_CODES/DB_single_concept_images_flux_generated/generated_images/cheesecake.png,cheesecake.png,2.5,134,16.0,0.9,11,90.6889259815216,89.47274684906006,90.9090909090909,10.0
71,/home/jihoon/jihoon/RVCD/MAIN_CODES/DB_single_concept_images_flux_generated/generated_images/cheesecake.png,cheesecake.png,3.0,112,11.11111111111111,0.9,11,90.6889259815216,89.26771879196167,90.9090909090909,10.0
72,/home/jihoon/jihoon/RVCD/MAIN_CODES/DB_single_concept_images_flux_generated/generated_images/chef.png,chef.png,1.0,336,100.0,0.9,6,90.06406664848328,90.06406664848328,100.0,6.0
72,/home/jihoon/jihoon/RVCD/MAIN_CODES/DB_single_concept_images_flux_generated/generated_images/chef.png,chef.png,1.5,224,44.44444444444444,0.9,6,90.06406664848328,92.7712619304657,83.33333333333333,5.0
72,/home/jihoon/jihoon/RVCD/MAIN_CODES/DB_single_concept_images_flux_generated/generated_images/chef.png,chef.png,2.0,168,25.0,0.9,6,90.06406664848328,93.19067597389221,83.33333333333333,5.0
72,/home/jihoon/jihoon/RVCD/MAIN_CODES/DB_single_concept_images_flux_generated/generated_images/chef.png,chef.png,2.5,134,16.0,0.9,6,90.06406664848328,92.12974309921265,83.33333333333333,5.0
72,/home/jihoon/jihoon/RVCD/MAIN_CODES/DB_single_concept_images_flux_generated/generated_images/chef.png,chef.png,3.0,112,11.11111111111111,0.9,6,90.06406664848328,92.23436713218689,83.33333333333333,5.0
73,/home/jihoon/jihoon/RVCD/MAIN_CODES/DB_single_concept_images_flux_generated/generated_images/chesterfield.png,chesterfield.png,1.0,336,100.0,0.9,3,90.09013772010803,90.09013772010803,100.0,3.0
73,/home/jihoon/jihoon/RVCD/MAIN_CODES/DB_single_concept_images_flux_generated/generated_images/chesterfield.png,chesterfield.png,1.5,224,44.44444444444444,0.9,3,90.09013772010803,90.81603288650513,66.66666666666667,2.0
73,/home/jihoon/jihoon/RVCD/MAIN_CODES/DB_single_concept_images_flux_generated/generated_images/chesterfield.png,chesterfield.png,2.0,168,25.0,0.9,3,90.09013772010803,91.71589612960815,66.66666666666667,2.0
73,/home/jihoon/jihoon/RVCD/MAIN_CODES/DB_single_concept_images_flux_generated/generated_images/chesterfield.png,chesterfield.png,2.5,134,16.0,0.9,3,90.09013772010803,90.80872535705566,66.66666666666667,2.0
73,/home/jihoon/jihoon/RVCD/MAIN_CODES/DB_single_concept_images_flux_generated/generated_images/chesterfield.png,chesterfield.png,3.0,112,11.11111111111111,0.9,3,90.09013772010803,91.05456471443176,66.66666666666667,2.0
74,/home/jihoon/jihoon/RVCD/MAIN_CODES/DB_single_concept_images_flux_generated/generated_images/chickadee.png,chickadee.png,1.0,336,100.0,0.9,2,91.90220236778259,91.90220236778259,100.0,2.0
74,/home/jihoon/jihoon/RVCD/MAIN_CODES/DB_single_concept_images_flux_generated/generated_images/chickadee.png,chickadee.png,1.5,224,44.44444444444444,0.9,2,91.90220236778259,91.76777601242065,100.0,2.0
74,/home/jihoon/jihoon/RVCD/MAIN_CODES/DB_single_concept_images_flux_generated/generated_images/chickadee.png,chickadee.png,2.0,168,25.0,0.9,2,91.90220236778259,92.20318794250488,100.0,2.0
74,/home/jihoon/jihoon/RVCD/MAIN_CODES/DB_single_concept_images_flux_generated/generated_images/chickadee.png,chickadee.png,2.5,134,16.0,0.9,2,91.90220236778259,91.208416223526,100.0,2.0
74,/home/jihoon/jihoon/RVCD/MAIN_CODES/DB_single_concept_images_flux_generated/generated_images/chickadee.png,chickadee.png,3.0,112,11.11111111111111,0.9,2,91.90220236778259,90.29625058174133,50.0,1.0
75,/home/jihoon/jihoon/RVCD/MAIN_CODES/DB_single_concept_images_flux_generated/generated_images/chihuahua.png,chihuahua.png,1.0,336,100.0,0.9,4,91.36123061180115,91.36123061180115,100.0,4.0
75,/home/jihoon/jihoon/RVCD/MAIN_CODES/DB_single_concept_images_flux_generated/generated_images/chihuahua.png,chihuahua.png,1.5,224,44.44444444444444,0.9,4,91.36123061180115,92.24885106086731,100.0,4.0
75,/home/jihoon/jihoon/RVCD/MAIN_CODES/DB_single_concept_images_flux_generated/generated_images/chihuahua.png,chihuahua.png,2.0,168,25.0,0.9,4,91.36123061180115,92.6908791065216,100.0,4.0
75,/home/jihoon/jihoon/RVCD/MAIN_CODES/DB_single_concept_images_flux_generated/generated_images/chihuahua.png,chihuahua.png,2.5,134,16.0,0.9,4,91.36123061180115,91.01755023002625,100.0,4.0
75,/home/jihoon/jihoon/RVCD/MAIN_CODES/DB_single_concept_images_flux_generated/generated_images/chihuahua.png,chihuahua.png,3.0,112,11.11111111111111,0.9,4,91.36123061180115,91.8250024318695,100.0,4.0
76,/home/jihoon/jihoon/RVCD/MAIN_CODES/DB_single_concept_images_flux_generated/generated_images/child.png,child.png,1.0,336,100.0,0.9,6,90.5026912689209,90.5026912689209,100.0,6.0
76,/home/jihoon/jihoon/RVCD/MAIN_CODES/DB_single_concept_images_flux_generated/generated_images/child.png,child.png,1.5,224,44.44444444444444,0.9,6,90.5026912689209,93.38340759277344,66.66666666666667,4.0
76,/home/jihoon/jihoon/RVCD/MAIN_CODES/DB_single_concept_images_flux_generated/generated_images/child.png,child.png,2.0,168,25.0,0.9,6,90.5026912689209,92.07399487495422,66.66666666666667,4.0
76,/home/jihoon/jihoon/RVCD/MAIN_CODES/DB_single_concept_images_flux_generated/generated_images/child.png,child.png,2.5,134,16.0,0.9,6,90.5026912689209,91.09668135643005,66.66666666666667,4.0
76,/home/jihoon/jihoon/RVCD/MAIN_CODES/DB_single_concept_images_flux_generated/generated_images/child.png,child.png,3.0,112,11.11111111111111,0.9,6,90.5026912689209,92.09741353988647,83.33333333333333,5.0
77,/home/jihoon/jihoon/RVCD/MAIN_CODES/DB_single_concept_images_flux_generated/generated_images/children.png,children.png,1.0,336,100.0,0.9,22,90.02528190612793,90.02528190612793,100.0,22.0
77,/home/jihoon/jihoon/RVCD/MAIN_CODES/DB_single_concept_images_flux_generated/generated_images/children.png,children.png,1.5,224,44.44444444444444,0.9,22,90.02528190612793,92.01872944831848,90.9090909090909,20.0
77,/home/jihoon/jihoon/RVCD/MAIN_CODES/DB_single_concept_images_flux_generated/generated_images/children.png,children.png,2.0,168,25.0,0.9,22,90.02528190612793,89.30197358131409,86.36363636363636,19.0
77,/home/jihoon/jihoon/RVCD/MAIN_CODES/DB_single_concept_images_flux_generated/generated_images/children.png,children.png,2.5,134,16.0,0.9,22,90.02528190612793,88.63701820373535,86.36363636363636,19.0
77,/home/jihoon/jihoon/RVCD/MAIN_CODES/DB_single_concept_images_flux_generated/generated_images/children.png,children.png,3.0,112,11.11111111111111,0.9,22,90.02528190612793,87.59173154830933,86.36363636363636,19.0
78,/home/jihoon/jihoon/RVCD/MAIN_CODES/DB_single_concept_images_flux_generated/generated_images/clock.png,clock.png,1.0,336,100.0,0.9,1,96.48863673210144,96.48863673210144,100.0,1.0
78,/home/jihoon/jihoon/RVCD/MAIN_CODES/DB_single_concept_images_flux_generated/generated_images/clock.png,clock.png,1.5,224,44.44444444444444,0.9,1,96.48863673210144,95.59414386749268,100.0,1.0
78,/home/jihoon/jihoon/RVCD/MAIN_CODES/DB_single_concept_images_flux_generated/generated_images/clock.png,clock.png,2.0,168,25.0,0.9,1,96.48863673210144,94.34183239936829,100.0,1.0
78,/home/jihoon/jihoon/RVCD/MAIN_CODES/DB_single_concept_images_flux_generated/generated_images/clock.png,clock.png,2.5,134,16.0,0.9,1,96.48863673210144,94.95243430137634,100.0,1.0
78,/home/jihoon/jihoon/RVCD/MAIN_CODES/DB_single_concept_images_flux_generated/generated_images/clock.png,clock.png,3.0,112,11.11111111111111,0.9,1,96.48863673210144,94.29221749305725,100.0,1.0
79,/home/jihoon/jihoon/RVCD/MAIN_CODES/DB_single_concept_images_flux_generated/generated_images/clydesdale.png,clydesdale.png,1.0,336,100.0,0.9,1,97.95228242874146,97.95228242874146,100.0,1.0
79,/home/jihoon/jihoon/RVCD/MAIN_CODES/DB_single_concept_images_flux_generated/generated_images/clydesdale.png,clydesdale.png,1.5,224,44.44444444444444,0.9,1,97.95228242874146,98.35399389266968,100.0,1.0
79,/home/jihoon/jihoon/RVCD/MAIN_CODES/DB_single_concept_images_flux_generated/generated_images/clydesdale.png,clydesdale.png,2.0,168,25.0,0.9,1,97.95228242874146,98.28137159347534,100.0,1.0
79,/home/jihoon/jihoon/RVCD/MAIN_CODES/DB_single_concept_images_flux_generated/generated_images/clydesdale.png,clydesdale.png,2.5,134,16.0,0.9,1,97.95228242874146,97.46305346488953,100.0,1.0
79,/home/jihoon/jihoon/RVCD/MAIN_CODES/DB_single_concept_images_flux_generated/generated_images/clydesdale.png,clydesdale.png,3.0,112,11.11111111111111,0.9,1,97.95228242874146,97.61150479316711,100.0,1.0
80,/home/jihoon/jihoon/RVCD/MAIN_CODES/DB_single_concept_images_flux_generated/generated_images/cockatiel.png,cockatiel.png,1.0,336,100.0,0.9,2,93.88054609298706,93.88054609298706,100.0,2.0
80,/home/jihoon/jihoon/RVCD/MAIN_CODES/DB_single_concept_images_flux_generated/generated_images/cockatiel.png,cockatiel.png,1.5,224,44.44444444444444,0.9,2,93.88054609298706,95.14886736869812,100.0,2.0
80,/home/jihoon/jihoon/RVCD/MAIN_CODES/DB_single_concept_images_flux_generated/generated_images/cockatiel.png,cockatiel.png,2.0,168,25.0,0.9,2,93.88054609298706,92.61946082115173,100.0,2.0
80,/home/jihoon/jihoon/RVCD/MAIN_CODES/DB_single_concept_images_flux_generated/generated_images/cockatiel.png,cockatiel.png,2.5,134,16.0,0.9,2,93.88054609298706,92.09070801734924,100.0,2.0
80,/home/jihoon/jihoon/RVCD/MAIN_CODES/DB_single_concept_images_flux_generated/generated_images/cockatiel.png,cockatiel.png,3.0,112,11.11111111111111,0.9,2,93.88054609298706,92.89084076881409,50.0,1.0
81,/home/jihoon/jihoon/RVCD/MAIN_CODES/DB_single_concept_images_flux_generated/generated_images/cockatoo.png,cockatoo.png,1.0,336,100.0,0.9,3,91.66761040687561,91.66761040687561,100.0,3.0
81,/home/jihoon/jihoon/RVCD/MAIN_CODES/DB_single_concept_images_flux_generated/generated_images/cockatoo.png,cockatoo.png,1.5,224,44.44444444444444,0.9,3,91.66761040687561,95.15472650527954,100.0,3.0
81,/home/jihoon/jihoon/RVCD/MAIN_CODES/DB_single_concept_images_flux_generated/generated_images/cockatoo.png,cockatoo.png,2.0,168,25.0,0.9,3,91.66761040687561,94.97738480567932,100.0,3.0
81,/home/jihoon/jihoon/RVCD/MAIN_CODES/DB_single_concept_images_flux_generated/generated_images/cockatoo.png,cockatoo.png,2.5,134,16.0,0.9,3,91.66761040687561,95.30870914459229,100.0,3.0
81,/home/jihoon/jihoon/RVCD/MAIN_CODES/DB_single_concept_images_flux_generated/generated_images/cockatoo.png,cockatoo.png,3.0,112,11.11111111111111,0.9,3,91.66761040687561,95.23923397064209,100.0,3.0
82,/home/jihoon/jihoon/RVCD/MAIN_CODES/DB_single_concept_images_flux_generated/generated_images/cocker.png,cocker.png,1.0,336,100.0,0.9,2,94.6195662021637,94.6195662021637,100.0,2.0
82,/home/jihoon/jihoon/RVCD/MAIN_CODES/DB_single_concept_images_flux_generated/generated_images/cocker.png,cocker.png,1.5,224,44.44444444444444,0.9,2,94.6195662021637,94.31732296943665,100.0,2.0
82,/home/jihoon/jihoon/RVCD/MAIN_CODES/DB_single_concept_images_flux_generated/generated_images/cocker.png,cocker.png,2.0,168,25.0,0.9,2,94.6195662021637,94.04356479644775,100.0,2.0
82,/home/jihoon/jihoon/RVCD/MAIN_CODES/DB_single_concept_images_flux_generated/generated_images/cocker.png,cocker.png,2.5,134,16.0,0.9,2,94.6195662021637,92.79863834381104,100.0,2.0
82,/home/jihoon/jihoon/RVCD/MAIN_CODES/DB_single_concept_images_flux_generated/generated_images/cocker.png,cocker.png,3.0,112,11.11111111111111,0.9,2,94.6195662021637,93.25780272483826,100.0,2.0
83,/home/jihoon/jihoon/RVCD/MAIN_CODES/DB_single_concept_images_flux_generated/generated_images/coffeecake.png,coffeecake.png,1.0,336,100.0,0.9,8,90.08889198303223,90.08889198303223,100.0,8.0
83,/home/jihoon/jihoon/RVCD/MAIN_CODES/DB_single_concept_images_flux_generated/generated_images/coffeecake.png,coffeecake.png,1.5,224,44.44444444444444,0.9,8,90.08889198303223,91.47231578826904,87.5,7.0
83,/home/jihoon/jihoon/RVCD/MAIN_CODES/DB_single_concept_images_flux_generated/generated_images/coffeecake.png,coffeecake.png,2.0,168,25.0,0.9,8,90.08889198303223,91.00874066352844,75.0,6.0
83,/home/jihoon/jihoon/RVCD/MAIN_CODES/DB_single_concept_images_flux_generated/generated_images/coffeecake.png,coffeecake.png,2.5,134,16.0,0.9,8,90.08889198303223,91.62963628768921,87.5,7.0
83,/home/jihoon/jihoon/RVCD/MAIN_CODES/DB_single_concept_images_flux_generated/generated_images/coffeecake.png,coffeecake.png,3.0,112,11.11111111111111,0.9,8,90.08889198303223,90.27501940727234,87.5,7.0
84,/home/jihoon/jihoon/RVCD/MAIN_CODES/DB_single_concept_images_flux_generated/generated_images/collie.png,collie.png,1.0,336,100.0,0.9,1,94.6174144744873,94.6174144744873,100.0,1.0
84,/home/jihoon/jihoon/RVCD/MAIN_CODES/DB_single_concept_images_flux_generated/generated_images/collie.png,collie.png,1.5,224,44.44444444444444,0.9,1,94.6174144744873,91.36978387832642,100.0,1.0
84,/home/jihoon/jihoon/RVCD/MAIN_CODES/DB_single_concept_images_flux_generated/generated_images/collie.png,collie.png,2.0,168,25.0,0.9,1,94.6174144744873,92.19678044319153,100.0,1.0
84,/home/jihoon/jihoon/RVCD/MAIN_CODES/DB_single_concept_images_flux_generated/generated_images/collie.png,collie.png,2.5,134,16.0,0.9,1,94.6174144744873,87.01106309890747,100.0,1.0
84,/home/jihoon/jihoon/RVCD/MAIN_CODES/DB_single_concept_images_flux_generated/generated_images/collie.png,collie.png,3.0,112,11.11111111111111,0.9,1,94.6174144744873,91.29632115364075,100.0,1.0
85,/home/jihoon/jihoon/RVCD/MAIN_CODES/DB_single_concept_images_flux_generated/generated_images/colt.png,colt.png,1.0,336,100.0,0.9,4,91.3112223148346,91.3112223148346,100.0,4.0
85,/home/jihoon/jihoon/RVCD/MAIN_CODES/DB_single_concept_images_flux_generated/generated_images/colt.png,colt.png,1.5,224,44.44444444444444,0.9,4,91.3112223148346,90.659499168396,100.0,4.0
85,/home/jihoon/jihoon/RVCD/MAIN_CODES/DB_single_concept_images_flux_generated/generated_images/colt.png,colt.png,2.0,168,25.0,0.9,4,91.3112223148346,90.35321474075317,100.0,4.0
85,/home/jihoon/jihoon/RVCD/MAIN_CODES/DB_single_concept_images_flux_generated/generated_images/colt.png,colt.png,2.5,134,16.0,0.9,4,91.3112223148346,90.81613421440125,100.0,4.0
85,/home/jihoon/jihoon/RVCD/MAIN_CODES/DB_single_concept_images_flux_generated/generated_images/colt.png,colt.png,3.0,112,11.11111111111111,0.9,4,91.3112223148346,91.8773353099823,75.0,3.0
86,/home/jihoon/jihoon/RVCD/MAIN_CODES/DB_single_concept_images_flux_generated/generated_images/commode.png,commode.png,1.0,336,100.0,0.9,1,97.10062146186829,97.10062146186829,100.0,1.0
86,/home/jihoon/jihoon/RVCD/MAIN_CODES/DB_single_concept_images_flux_generated/generated_images/commode.png,commode.png,1.5,224,44.44444444444444,0.9,1,97.10062146186829,96.46562337875366,100.0,1.0
86,/home/jihoon/jihoon/RVCD/MAIN_CODES/DB_single_concept_images_flux_generated/generated_images/commode.png,commode.png,2.0,168,25.0,0.9,1,97.10062146186829,95.90298533439636,100.0,1.0
86,/home/jihoon/jihoon/RVCD/MAIN_CODES/DB_single_concept_images_flux_generated/generated_images/commode.png,commode.png,2.5,134,16.0,0.9,1,97.10062146186829,95.6186294555664,100.0,1.0
86,/home/jihoon/jihoon/RVCD/MAIN_CODES/DB_single_concept_images_flux_generated/generated_images/commode.png,commode.png,3.0,112,11.11111111111111,0.9,1,97.10062146186829,96.27504348754883,100.0,1.0
87,/home/jihoon/jihoon/RVCD/MAIN_CODES/DB_single_concept_images_flux_generated/generated_images/computer.png,computer.png,1.0,336,100.0,0.9,3,92.17852354049683,92.17852354049683,100.0,3.0
87,/home/jihoon/jihoon/RVCD/MAIN_CODES/DB_single_concept_images_flux_generated/generated_images/computer.png,computer.png,1.5,224,44.44444444444444,0.9,3,92.17852354049683,89.65193033218384,100.0,3.0
87,/home/jihoon/jihoon/RVCD/MAIN_CODES/DB_single_concept_images_flux_generated/generated_images/computer.png,computer.png,2.0,168,25.0,0.9,3,92.17852354049683,88.1344735622406,66.66666666666667,2.0
87,/home/jihoon/jihoon/RVCD/MAIN_CODES/DB_single_concept_images_flux_generated/generated_images/computer.png,computer.png,2.5,134,16.0,0.9,3,92.17852354049683,89.6021842956543,100.0,3.0
87,/home/jihoon/jihoon/RVCD/MAIN_CODES/DB_single_concept_images_flux_generated/generated_images/computer.png,computer.png,3.0,112,11.11111111111111,0.9,3,92.17852354049683,85.30717492103577,66.66666666666667,2.0
88,/home/jihoon/jihoon/RVCD/MAIN_CODES/DB_single_concept_images_flux_generated/generated_images/condor.png,condor.png,1.0,336,100.0,0.9,3,90.76074957847595,90.76074957847595,100.0,3.0
88,/home/jihoon/jihoon/RVCD/MAIN_CODES/DB_single_concept_images_flux_generated/generated_images/condor.png,condor.png,1.5,224,44.44444444444444,0.9,3,90.76074957847595,92.19929575920105,100.0,3.0
88,/home/jihoon/jihoon/RVCD/MAIN_CODES/DB_single_concept_images_flux_generated/generated_images/condor.png,condor.png,2.0,168,25.0,0.9,3,90.76074957847595,91.72711372375488,100.0,3.0
88,/home/jihoon/jihoon/RVCD/MAIN_CODES/DB_single_concept_images_flux_generated/generated_images/condor.png,condor.png,2.5,134,16.0,0.9,3,90.76074957847595,89.36914205551147,100.0,3.0
88,/home/jihoon/jihoon/RVCD/MAIN_CODES/DB_single_concept_images_flux_generated/generated_images/condor.png,condor.png,3.0,112,11.11111111111111,0.9,3,90.76074957847595,88.46688866615295,100.0,3.0
89,/home/jihoon/jihoon/RVCD/MAIN_CODES/DB_single_concept_images_flux_generated/generated_images/container.png,container.png,1.0,336,100.0,0.9,7,90.18773436546326,90.18773436546326,100.0,7.0
89,/home/jihoon/jihoon/RVCD/MAIN_CODES/DB_single_concept_images_flux_generated/generated_images/container.png,container.png,1.5,224,44.44444444444444,0.9,7,90.18773436546326,89.92169499397278,100.0,7.0
89,/home/jihoon/jihoon/RVCD/MAIN_CODES/DB_single_concept_images_flux_generated/generated_images/container.png,container.png,2.0,168,25.0,0.9,7,90.18773436546326,85.86971759796143,100.0,7.0
89,/home/jihoon/jihoon/RVCD/MAIN_CODES/DB_single_concept_images_flux_generated/generated_images/container.png,container.png,2.5,134,16.0,0.9,7,90.18773436546326,86.03295087814331,85.71428571428571,6.0
89,/home/jihoon/jihoon/RVCD/MAIN_CODES/DB_single_concept_images_flux_generated/generated_images/container.png,container.png,3.0,112,11.11111111111111,0.9,7,90.18773436546326,62.26950287818909,71.42857142857143,5.0
90,/home/jihoon/jihoon/RVCD/MAIN_CODES/DB_single_concept_images_flux_generated/generated_images/cop.png,cop.png,1.0,336,100.0,0.9,18,90.19119143486023,90.19119143486023,100.0,18.0
90,/home/jihoon/jihoon/RVCD/MAIN_CODES/DB_single_concept_images_flux_generated/generated_images/cop.png,cop.png,1.5,224,44.44444444444444,0.9,18,90.19119143486023,91.87147617340088,88.88888888888889,16.0
90,/home/jihoon/jihoon/RVCD/MAIN_CODES/DB_single_concept_images_flux_generated/generated_images/cop.png,cop.png,2.0,168,25.0,0.9,18,90.19119143486023,91.35351181030273,83.33333333333333,14.999999999999998
90,/home/jihoon/jihoon/RVCD/MAIN_CODES/DB_single_concept_images_flux_generated/generated_images/cop.png,cop.png,2.5,134,16.0,0.9,18,90.19119143486023,90.1824414730072,77.77777777777777,13.999999999999998
90,/home/jihoon/jihoon/RVCD/MAIN_CODES/DB_single_concept_images_flux_generated/generated_images/cop.png,cop.png,3.0,112,11.11111111111111,0.9,18,90.19119143486023,86.94770932197571,55.55555555555556,10.0
91,/home/jihoon/jihoon/RVCD/MAIN_CODES/DB_single_concept_images_flux_generated/generated_images/corgi.png,corgi.png,1.0,336,100.0,0.9,2,90.46677350997925,90.46677350997925,100.0,2.0
91,/home/jihoon/jihoon/RVCD/MAIN_CODES/DB_single_concept_images_flux_generated/generated_images/corgi.png,corgi.png,1.5,224,44.44444444444444,0.9,2,90.46677350997925,92.51805543899536,100.0,2.0
91,/home/jihoon/jihoon/RVCD/MAIN_CODES/DB_single_concept_images_flux_generated/generated_images/corgi.png,corgi.png,2.0,168,25.0,0.9,2,90.46677350997925,90.54901003837585,100.0,2.0
91,/home/jihoon/jihoon/RVCD/MAIN_CODES/DB_single_concept_images_flux_generated/generated_images/corgi.png,corgi.png,2.5,134,16.0,0.9,2,90.46677350997925,89.58964943885803,50.0,1.0
91,/home/jihoon/jihoon/RVCD/MAIN_CODES/DB_single_concept_images_flux_generated/generated_images/corgi.png,corgi.png,3.0,112,11.11111111111111,0.9,2,90.46677350997925,88.98115754127502,50.0,1.0
92,/home/jihoon/jihoon/RVCD/MAIN_CODES/DB_single_concept_images_flux_generated/generated_images/cormorant.png,cormorant.png,1.0,336,100.0,0.9,2,90.29926657676697,90.29926657676697,100.0,2.0
92,/home/jihoon/jihoon/RVCD/MAIN_CODES/DB_single_concept_images_flux_generated/generated_images/cormorant.png,cormorant.png,1.5,224,44.44444444444444,0.9,2,90.29926657676697,91.6489839553833,100.0,2.0
92,/home/jihoon/jihoon/RVCD/MAIN_CODES/DB_single_concept_images_flux_generated/generated_images/cormorant.png,cormorant.png,2.0,168,25.0,0.9,2,90.29926657676697,92.47701168060303,100.0,2.0
92,/home/jihoon/jihoon/RVCD/MAIN_CODES/DB_single_concept_images_flux_generated/generated_images/cormorant.png,cormorant.png,2.5,134,16.0,0.9,2,90.29926657676697,88.66661787033081,100.0,2.0
92,/home/jihoon/jihoon/RVCD/MAIN_CODES/DB_single_concept_images_flux_generated/generated_images/cormorant.png,cormorant.png,3.0,112,11.11111111111111,0.9,2,90.29926657676697,92.6734983921051,100.0,2.0
93,/home/jihoon/jihoon/RVCD/MAIN_CODES/DB_single_concept_images_flux_generated/generated_images/couch.png,couch.png,1.0,336,100.0,0.9,2,92.6448106765747,92.6448106765747,100.0,2.0
93,/home/jihoon/jihoon/RVCD/MAIN_CODES/DB_single_concept_images_flux_generated/generated_images/couch.png,couch.png,1.5,224,44.44444444444444,0.9,2,92.6448106765747,94.43172216415405,100.0,2.0
93,/home/jihoon/jihoon/RVCD/MAIN_CODES/DB_single_concept_images_flux_generated/generated_images/couch.png,couch.png,2.0,168,25.0,0.9,2,92.6448106765747,93.60991716384888,100.0,2.0
93,/home/jihoon/jihoon/RVCD/MAIN_CODES/DB_single_concept_images_flux_generated/generated_images/couch.png,couch.png,2.5,134,16.0,0.9,2,92.6448106765747,94.07404661178589,100.0,2.0
93,/home/jihoon/jihoon/RVCD/MAIN_CODES/DB_single_concept_images_flux_generated/generated_images/couch.png,couch.png,3.0,112,11.11111111111111,0.9,2,92.6448106765747,92.8566575050354,100.0,2.0
94,/home/jihoon/jihoon/RVCD/MAIN_CODES/DB_single_concept_images_flux_generated/generated_images/coupe.png,coupe.png,1.0,336,100.0,0.9,1,97.50540256500244,97.50540256500244,100.0,1.0
94,/home/jihoon/jihoon/RVCD/MAIN_CODES/DB_single_concept_images_flux_generated/generated_images/coupe.png,coupe.png,1.5,224,44.44444444444444,0.9,1,97.50540256500244,96.41985893249512,100.0,1.0
94,/home/jihoon/jihoon/RVCD/MAIN_CODES/DB_single_concept_images_flux_generated/generated_images/coupe.png,coupe.png,2.0,168,25.0,0.9,1,97.50540256500244,93.65019202232361,100.0,1.0
94,/home/jihoon/jihoon/RVCD/MAIN_CODES/DB_single_concept_images_flux_generated/generated_images/coupe.png,coupe.png,2.5,134,16.0,0.9,1,97.50540256500244,92.07608103752136,100.0,1.0
94,/home/jihoon/jihoon/RVCD/MAIN_CODES/DB_single_concept_images_flux_generated/generated_images/coupe.png,coupe.png,3.0,112,11.11111111111111,0.9,1,97.50540256500244,93.16798448562622,100.0,1.0
95,/home/jihoon/jihoon/RVCD/MAIN_CODES/DB_single_concept_images_flux_generated/generated_images/cow.png,cow.png,1.0,336,100.0,0.9,1,96.88882231712341,96.88882231712341,100.0,1.0
95,/home/jihoon/jihoon/RVCD/MAIN_CODES/DB_single_concept_images_flux_generated/generated_images/cow.png,cow.png,1.5,224,44.44444444444444,0.9,1,96.88882231712341,97.57879376411438,100.0,1.0
95,/home/jihoon/jihoon/RVCD/MAIN_CODES/DB_single_concept_images_flux_generated/generated_images/cow.png,cow.png,2.0,168,25.0,0.9,1,96.88882231712341,96.92283272743225,100.0,1.0
95,/home/jihoon/jihoon/RVCD/MAIN_CODES/DB_single_concept_images_flux_generated/generated_images/cow.png,cow.png,2.5,134,16.0,0.9,1,96.88882231712341,96.40412926673889,100.0,1.0
95,/home/jihoon/jihoon/RVCD/MAIN_CODES/DB_single_concept_images_flux_generated/generated_images/cow.png,cow.png,3.0,112,11.11111111111111,0.9,1,96.88882231712341,97.2841739654541,100.0,1.0
96,/home/jihoon/jihoon/RVCD/MAIN_CODES/DB_single_concept_images_flux_generated/generated_images/cowbird.png,cowbird.png,1.0,336,100.0,0.9,1,93.9134955406189,93.9134955406189,100.0,1.0
96,/home/jihoon/jihoon/RVCD/MAIN_CODES/DB_single_concept_images_flux_generated/generated_images/cowbird.png,cowbird.png,1.5,224,44.44444444444444,0.9,1,93.9134955406189,96.39344811439514,100.0,1.0
96,/home/jihoon/jihoon/RVCD/MAIN_CODES/DB_single_concept_images_flux_generated/generated_images/cowbird.png,cowbird.png,2.0,168,25.0,0.9,1,93.9134955406189,96.6903030872345,100.0,1.0
96,/home/jihoon/jihoon/RVCD/MAIN_CODES/DB_single_concept_images_flux_generated/generated_images/cowbird.png,cowbird.png,2.5,134,16.0,0.9,1,93.9134955406189,95.36596536636353,100.0,1.0
96,/home/jihoon/jihoon/RVCD/MAIN_CODES/DB_single_concept_images_flux_generated/generated_images/cowbird.png,cowbird.png,3.0,112,11.11111111111111,0.9,1,93.9134955406189,96.25236392021179,100.0,1.0
97,/home/jihoon/jihoon/RVCD/MAIN_CODES/DB_single_concept_images_flux_generated/generated_images/cowboy.png,cowboy.png,1.0,336,100.0,0.9,15,90.38175344467163,90.38175344467163,100.0,15.0
97,/home/jihoon/jihoon/RVCD/MAIN_CODES/DB_single_concept_images_flux_generated/generated_images/cowboy.png,cowboy.png,1.5,224,44.44444444444444,0.9,15,90.38175344467163,93.13504099845886,80.0,12.0
97,/home/jihoon/jihoon/RVCD/MAIN_CODES/DB_single_concept_images_flux_generated/generated_images/cowboy.png,cowboy.png,2.0,168,25.0,0.9,15,90.38175344467163,85.30369997024536,60.0,9.0
97,/home/jihoon/jihoon/RVCD/MAIN_CODES/DB_single_concept_images_flux_generated/generated_images/cowboy.png,cowboy.png,2.5,134,16.0,0.9,15,90.38175344467163,86.6811752319336,80.0,12.0
97,/home/jihoon/jihoon/RVCD/MAIN_CODES/DB_single_concept_images_flux_generated/generated_images/cowboy.png,cowboy.png,3.0,112,11.11111111111111,0.9,15,90.38175344467163,89.01299834251404,53.333333333333336,8.0
98,/home/jihoon/jihoon/RVCD/MAIN_CODES/DB_single_concept_images_flux_generated/generated_images/coworker.png,coworker.png,1.0,336,100.0,0.9,32,90.13005495071411,90.13005495071411,96.875,31.0
98,/home/jihoon/jihoon/RVCD/MAIN_CODES/DB_single_concept_images_flux_generated/generated_images/coworker.png,coworker.png,1.5,224,44.44444444444444,0.9,32,90.13005495071411,92.75333881378174,87.5,28.0
98,/home/jihoon/jihoon/RVCD/MAIN_CODES/DB_single_concept_images_flux_generated/generated_images/coworker.png,coworker.png,2.0,168,25.0,0.9,32,90.13005495071411,90.69273471832275,84.375,27.0
98,/home/jihoon/jihoon/RVCD/MAIN_CODES/DB_single_concept_images_flux_generated/generated_images/coworker.png,coworker.png,2.5,134,16.0,0.9,32,90.13005495071411,89.79724645614624,81.25,26.0
98,/home/jihoon/jihoon/RVCD/MAIN_CODES/DB_single_concept_images_flux_generated/generated_images/coworker.png,coworker.png,3.0,112,11.11111111111111,0.9,32,90.13005495071411,89.01425004005432,65.625,21.0
99,/home/jihoon/jihoon/RVCD/MAIN_CODES/DB_single_concept_images_flux_generated/generated_images/crow.png,crow.png,1.0,336,100.0,0.9,3,94.12527680397034,94.12527680397034,100.0,3.0
99,/home/jihoon/jihoon/RVCD/MAIN_CODES/DB_single_concept_images_flux_generated/generated_images/crow.png,crow.png,1.5,224,44.44444444444444,0.9,3,94.12527680397034,94.89995837211609,100.0,3.0
99,/home/jihoon/jihoon/RVCD/MAIN_CODES/DB_single_concept_images_flux_generated/generated_images/crow.png,crow.png,2.0,168,25.0,0.9,3,94.12527680397034,94.33476328849792,100.0,3.0
99,/home/jihoon/jihoon/RVCD/MAIN_CODES/DB_single_concept_images_flux_generated/generated_images/crow.png,crow.png,2.5,134,16.0,0.9,3,94.12527680397034,94.2226231098175,100.0,3.0
99,/home/jihoon/jihoon/RVCD/MAIN_CODES/DB_single_concept_images_flux_generated/generated_images/crow.png,crow.png,3.0,112,11.11111111111111,0.9,3,94.12527680397034,93.92185807228088,100.0,3.0
100,/home/jihoon/jihoon/RVCD/MAIN_CODES/DB_single_concept_images_flux_generated/generated_images/cup.png,cup.png,1.0,336,100.0,0.9,2,92.60221719741821,92.60221719741821,100.0,2.0
100,/home/jihoon/jihoon/RVCD/MAIN_CODES/DB_single_concept_images_flux_generated/generated_images/cup.png,cup.png,1.5,224,44.44444444444444,0.9,2,92.60221719741821,90.6228244304657,100.0,2.0
100,/home/jihoon/jihoon/RVCD/MAIN_CODES/DB_single_concept_images_flux_generated/generated_images/cup.png,cup.png,2.0,168,25.0,0.9,2,92.60221719741821,88.78107070922852,100.0,2.0
100,/home/jihoon/jihoon/RVCD/MAIN_CODES/DB_single_concept_images_flux_generated/generated_images/cup.png,cup.png,2.5,134,16.0,0.9,2,92.60221719741821,88.30400705337524,100.0,2.0
100,/home/jihoon/jihoon/RVCD/MAIN_CODES/DB_single_concept_images_flux_generated/generated_images/cup.png,cup.png,3.0,112,11.11111111111111,0.9,2,92.60221719741821,90.15418291091919,100.0,2.0
101,/home/jihoon/jihoon/RVCD/MAIN_CODES/DB_single_concept_images_flux_generated/generated_images/cupcake.png,cupcake.png,1.0,336,100.0,0.9,1,92.91967749595642,92.91967749595642,100.0,1.0
101,/home/jihoon/jihoon/RVCD/MAIN_CODES/DB_single_concept_images_flux_generated/generated_images/cupcake.png,cupcake.png,1.5,224,44.44444444444444,0.9,1,92.91967749595642,92.71634817123413,100.0,1.0
101,/home/jihoon/jihoon/RVCD/MAIN_CODES/DB_single_concept_images_flux_generated/generated_images/cupcake.png,cupcake.png,2.0,168,25.0,0.9,1,92.91967749595642,91.37539863586426,100.0,1.0
101,/home/jihoon/jihoon/RVCD/MAIN_CODES/DB_single_concept_images_flux_generated/generated_images/cupcake.png,cupcake.png,2.5,134,16.0,0.9,1,92.91967749595642,92.55741238594055,100.0,1.0
101,/home/jihoon/jihoon/RVCD/MAIN_CODES/DB_single_concept_images_flux_generated/generated_images/cupcake.png,cupcake.png,3.0,112,11.11111111111111,0.9,1,92.91967749595642,91.77594780921936,100.0,1.0
102,/home/jihoon/jihoon/RVCD/MAIN_CODES/DB_single_concept_images_flux_generated/generated_images/dachshund.png,dachshund.png,1.0,336,100.0,0.9,1,90.68641066551208,90.68641066551208,100.0,1.0
102,/home/jihoon/jihoon/RVCD/MAIN_CODES/DB_single_concept_images_flux_generated/generated_images/dachshund.png,dachshund.png,1.5,224,44.44444444444444,0.9,1,90.68641066551208,91.93214774131775,100.0,1.0
102,/home/jihoon/jihoon/RVCD/MAIN_CODES/DB_single_concept_images_flux_generated/generated_images/dachshund.png,dachshund.png,2.0,168,25.0,0.9,1,90.68641066551208,88.60808610916138,100.0,1.0
102,/home/jihoon/jihoon/RVCD/MAIN_CODES/DB_single_concept_images_flux_generated/generated_images/dachshund.png,dachshund.png,2.5,134,16.0,0.9,1,90.68641066551208,83.40142369270325,100.0,1.0
102,/home/jihoon/jihoon/RVCD/MAIN_CODES/DB_single_concept_images_flux_generated/generated_images/dachshund.png,dachshund.png,3.0,112,11.11111111111111,0.9,1,90.68641066551208,81.84171319007874,100.0,1.0
103,/home/jihoon/jihoon/RVCD/MAIN_CODES/DB_single_concept_images_flux_generated/generated_images/desk.png,desk.png,1.0,336,100.0,0.9,5,91.01395606994629,91.01395606994629,100.0,5.0
103,/home/jihoon/jihoon/RVCD/MAIN_CODES/DB_single_concept_images_flux_generated/generated_images/desk.png,desk.png,1.5,224,44.44444444444444,0.9,5,91.01395606994629,89.6409273147583,60.0,3.0
103,/home/jihoon/jihoon/RVCD/MAIN_CODES/DB_single_concept_images_flux_generated/generated_images/desk.png,desk.png,2.0,168,25.0,0.9,5,91.01395606994629,87.8328800201416,60.0,3.0
103,/home/jihoon/jihoon/RVCD/MAIN_CODES/DB_single_concept_images_flux_generated/generated_images/desk.png,desk.png,2.5,134,16.0,0.9,5,91.01395606994629,87.93818950653076,60.0,3.0
103,/home/jihoon/jihoon/RVCD/MAIN_CODES/DB_single_concept_images_flux_generated/generated_images/desk.png,desk.png,3.0,112,11.11111111111111,0.9,5,91.01395606994629,85.6549859046936,60.0,3.0
104,/home/jihoon/jihoon/RVCD/MAIN_CODES/DB_single_concept_images_flux_generated/generated_images/dinghy.png,dinghy.png,1.0,336,100.0,0.9,3,93.63524317741394,93.63524317741394,100.0,3.0
104,/home/jihoon/jihoon/RVCD/MAIN_CODES/DB_single_concept_images_flux_generated/generated_images/dinghy.png,dinghy.png,1.5,224,44.44444444444444,0.9,3,93.63524317741394,95.91681957244873,100.0,3.0
104,/home/jihoon/jihoon/RVCD/MAIN_CODES/DB_single_concept_images_flux_generated/generated_images/dinghy.png,dinghy.png,2.0,168,25.0,0.9,3,93.63524317741394,94.50984597206116,100.0,3.0
104,/home/jihoon/jihoon/RVCD/MAIN_CODES/DB_single_concept_images_flux_generated/generated_images/dinghy.png,dinghy.png,2.5,134,16.0,0.9,3,93.63524317741394,92.53600239753723,66.66666666666667,2.0
104,/home/jihoon/jihoon/RVCD/MAIN_CODES/DB_single_concept_images_flux_generated/generated_images/dinghy.png,dinghy.png,3.0,112,11.11111111111111,0.9,3,93.63524317741394,89.99547958374023,66.66666666666667,2.0
105,/home/jihoon/jihoon/RVCD/MAIN_CODES/DB_single_concept_images_flux_generated/generated_images/dining table.png,dining table.png,1.0,336,100.0,0.9,2,90.20606875419617,90.20606875419617,100.0,2.0
105,/home/jihoon/jihoon/RVCD/MAIN_CODES/DB_single_concept_images_flux_generated/generated_images/dining table.png,dining table.png,1.5,224,44.44444444444444,0.9,2,90.20606875419617,86.49871349334717,100.0,2.0
105,/home/jihoon/jihoon/RVCD/MAIN_CODES/DB_single_concept_images_flux_generated/generated_images/dining table.png,dining table.png,2.0,168,25.0,0.9,2,90.20606875419617,85.52089929580688,50.0,1.0
105,/home/jihoon/jihoon/RVCD/MAIN_CODES/DB_single_concept_images_flux_generated/generated_images/dining table.png,dining table.png,2.5,134,16.0,0.9,2,90.20606875419617,81.26001954078674,100.0,2.0
105,/home/jihoon/jihoon/RVCD/MAIN_CODES/DB_single_concept_images_flux_generated/generated_images/dining table.png,dining table.png,3.0,112,11.11111111111111,0.9,2,90.20606875419617,80.3152084350586,50.0,1.0
106,/home/jihoon/jihoon/RVCD/MAIN_CODES/DB_single_concept_images_flux_generated/generated_images/diningtable.png,diningtable.png,1.0,336,100.0,0.9,2,90.20606875419617,90.20606875419617,100.0,2.0
106,/home/jihoon/jihoon/RVCD/MAIN_CODES/DB_single_concept_images_flux_generated/generated_images/diningtable.png,diningtable.png,1.5,224,44.44444444444444,0.9,2,90.20606875419617,86.49871349334717,100.0,2.0
106,/home/jihoon/jihoon/RVCD/MAIN_CODES/DB_single_concept_images_flux_generated/generated_images/diningtable.png,diningtable.png,2.0,168,25.0,0.9,2,90.20606875419617,85.52089929580688,50.0,1.0
106,/home/jihoon/jihoon/RVCD/MAIN_CODES/DB_single_concept_images_flux_generated/generated_images/diningtable.png,diningtable.png,2.5,134,16.0,0.9,2,90.20606875419617,81.26001954078674,100.0,2.0
106,/home/jihoon/jihoon/RVCD/MAIN_CODES/DB_single_concept_images_flux_generated/generated_images/diningtable.png,diningtable.png,3.0,112,11.11111111111111,0.9,2,90.20606875419617,80.3152084350586,50.0,1.0
107,/home/jihoon/jihoon/RVCD/MAIN_CODES/DB_single_concept_images_flux_generated/generated_images/doberman.png,doberman.png,1.0,336,100.0,0.9,1,93.45974326133728,93.45974326133728,100.0,1.0
107,/home/jihoon/jihoon/RVCD/MAIN_CODES/DB_single_concept_images_flux_generated/generated_images/doberman.png,doberman.png,1.5,224,44.44444444444444,0.9,1,93.45974326133728,91.52103066444397,100.0,1.0
107,/home/jihoon/jihoon/RVCD/MAIN_CODES/DB_single_concept_images_flux_generated/generated_images/doberman.png,doberman.png,2.0,168,25.0,0.9,1,93.45974326133728,91.82354807853699,100.0,1.0
107,/home/jihoon/jihoon/RVCD/MAIN_CODES/DB_single_concept_images_flux_generated/generated_images/doberman.png,doberman.png,2.5,134,16.0,0.9,1,93.45974326133728,91.13638997077942,100.0,1.0
107,/home/jihoon/jihoon/RVCD/MAIN_CODES/DB_single_concept_images_flux_generated/generated_images/doberman.png,doberman.png,3.0,112,11.11111111111111,0.9,1,93.45974326133728,93.34321022033691,100.0,1.0
108,/home/jihoon/jihoon/RVCD/MAIN_CODES/DB_single_concept_images_flux_generated/generated_images/doctor.png,doctor.png,1.0,336,100.0,0.9,11,90.39402604103088,90.39402604103088,100.0,11.0
108,/home/jihoon/jihoon/RVCD/MAIN_CODES/DB_single_concept_images_flux_generated/generated_images/doctor.png,doctor.png,1.5,224,44.44444444444444,0.9,11,90.39402604103088,92.14978218078613,90.9090909090909,10.0
108,/home/jihoon/jihoon/RVCD/MAIN_CODES/DB_single_concept_images_flux_generated/generated_images/doctor.png,doctor.png,2.0,168,25.0,0.9,11,90.39402604103088,91.1206305027008,81.81818181818181,9.0
108,/home/jihoon/jihoon/RVCD/MAIN_CODES/DB_single_concept_images_flux_generated/generated_images/doctor.png,doctor.png,2.5,134,16.0,0.9,11,90.39402604103088,91.33358001708984,72.72727272727273,8.0
108,/home/jihoon/jihoon/RVCD/MAIN_CODES/DB_single_concept_images_flux_generated/generated_images/doctor.png,doctor.png,3.0,112,11.11111111111111,0.9,11,90.39402604103088,89.10908102989197,72.72727272727273,8.0
109,/home/jihoon/jihoon/RVCD/MAIN_CODES/DB_single_concept_images_flux_generated/generated_images/dog.png,dog.png,1.0,336,100.0,0.9,2,95.06866931915283,95.06866931915283,100.0,2.0
109,/home/jihoon/jihoon/RVCD/MAIN_CODES/DB_single_concept_images_flux_generated/generated_images/dog.png,dog.png,1.5,224,44.44444444444444,0.9,2,95.06866931915283,95.96390724182129,100.0,2.0
109,/home/jihoon/jihoon/RVCD/MAIN_CODES/DB_single_concept_images_flux_generated/generated_images/dog.png,dog.png,2.0,168,25.0,0.9,2,95.06866931915283,94.87029314041138,100.0,2.0
109,/home/jihoon/jihoon/RVCD/MAIN_CODES/DB_single_concept_images_flux_generated/generated_images/dog.png,dog.png,2.5,134,16.0,0.9,2,95.06866931915283,93.92718076705933,100.0,2.0
109,/home/jihoon/jihoon/RVCD/MAIN_CODES/DB_single_concept_images_flux_generated/generated_images/dog.png,dog.png,3.0,112,11.11111111111111,0.9,2,95.06866931915283,93.45157742500305,100.0,2.0
110,/home/jihoon/jihoon/RVCD/MAIN_CODES/DB_single_concept_images_flux_generated/generated_images/doggie.png,doggie.png,1.0,336,100.0,0.9,2,93.62688064575195,93.62688064575195,100.0,2.0
110,/home/jihoon/jihoon/RVCD/MAIN_CODES/DB_single_concept_images_flux_generated/generated_images/doggie.png,doggie.png,1.5,224,44.44444444444444,0.9,2,93.62688064575195,93.624347448349,100.0,2.0
110,/home/jihoon/jihoon/RVCD/MAIN_CODES/DB_single_concept_images_flux_generated/generated_images/doggie.png,doggie.png,2.0,168,25.0,0.9,2,93.62688064575195,92.53191947937012,100.0,2.0
110,/home/jihoon/jihoon/RVCD/MAIN_CODES/DB_single_concept_images_flux_generated/generated_images/doggie.png,doggie.png,2.5,134,16.0,0.9,2,93.62688064575195,91.39374494552612,100.0,2.0
110,/home/jihoon/jihoon/RVCD/MAIN_CODES/DB_single_concept_images_flux_generated/generated_images/doggie.png,doggie.png,3.0,112,11.11111111111111,0.9,2,93.62688064575195,91.17840528488159,100.0,2.0
111,/home/jihoon/jihoon/RVCD/MAIN_CODES/DB_single_concept_images_flux_generated/generated_images/doggy.png,doggy.png,1.0,336,100.0,0.9,2,93.0402398109436,93.0402398109436,100.0,2.0
111,/home/jihoon/jihoon/RVCD/MAIN_CODES/DB_single_concept_images_flux_generated/generated_images/doggy.png,doggy.png,1.5,224,44.44444444444444,0.9,2,93.0402398109436,92.61436462402344,100.0,2.0
111,/home/jihoon/jihoon/RVCD/MAIN_CODES/DB_single_concept_images_flux_generated/generated_images/doggy.png,doggy.png,2.0,168,25.0,0.9,2,93.0402398109436,91.98544025421143,100.0,2.0
111,/home/jihoon/jihoon/RVCD/MAIN_CODES/DB_single_concept_images_flux_generated/generated_images/doggy.png,doggy.png,2.5,134,16.0,0.9,2,93.0402398109436,89.44244384765625,100.0,2.0
111,/home/jihoon/jihoon/RVCD/MAIN_CODES/DB_single_concept_images_flux_generated/generated_images/doggy.png,doggy.png,3.0,112,11.11111111111111,0.9,2,93.0402398109436,90.54197669029236,100.0,2.0
112,/home/jihoon/jihoon/RVCD/MAIN_CODES/DB_single_concept_images_flux_generated/generated_images/donut.png,donut.png,1.0,336,100.0,0.9,2,92.18335151672363,92.18335151672363,100.0,2.0
112,/home/jihoon/jihoon/RVCD/MAIN_CODES/DB_single_concept_images_flux_generated/generated_images/donut.png,donut.png,1.5,224,44.44444444444444,0.9,2,92.18335151672363,93.65472197532654,100.0,2.0
112,/home/jihoon/jihoon/RVCD/MAIN_CODES/DB_single_concept_images_flux_generated/generated_images/donut.png,donut.png,2.0,168,25.0,0.9,2,92.18335151672363,94.04411911964417,100.0,2.0
112,/home/jihoon/jihoon/RVCD/MAIN_CODES/DB_single_concept_images_flux_generated/generated_images/donut.png,donut.png,2.5,134,16.0,0.9,2,92.18335151672363,92.36121773719788,100.0,2.0
112,/home/jihoon/jihoon/RVCD/MAIN_CODES/DB_single_concept_images_flux_generated/generated_images/donut.png,donut.png,3.0,112,11.11111111111111,0.9,2,92.18335151672363,93.08688044548035,100.0,2.0
113,/home/jihoon/jihoon/RVCD/MAIN_CODES/DB_single_concept_images_flux_generated/generated_images/doughnut.png,doughnut.png,1.0,336,100.0,0.9,5,90.25247097015381,90.25247097015381,100.0,5.0
113,/home/jihoon/jihoon/RVCD/MAIN_CODES/DB_single_concept_images_flux_generated/generated_images/doughnut.png,doughnut.png,1.5,224,44.44444444444444,0.9,5,90.25247097015381,90.02776145935059,80.0,4.0
113,/home/jihoon/jihoon/RVCD/MAIN_CODES/DB_single_concept_images_flux_generated/generated_images/doughnut.png,doughnut.png,2.0,168,25.0,0.9,5,90.25247097015381,93.05326342582703,80.0,4.0
113,/home/jihoon/jihoon/RVCD/MAIN_CODES/DB_single_concept_images_flux_generated/generated_images/doughnut.png,doughnut.png,2.5,134,16.0,0.9,5,90.25247097015381,91.59438610076904,80.0,4.0
113,/home/jihoon/jihoon/RVCD/MAIN_CODES/DB_single_concept_images_flux_generated/generated_images/doughnut.png,doughnut.png,3.0,112,11.11111111111111,0.9,5,90.25247097015381,91.84767603874207,80.0,4.0
114,/home/jihoon/jihoon/RVCD/MAIN_CODES/DB_single_concept_images_flux_generated/generated_images/drinker.png,drinker.png,1.0,336,100.0,0.9,9,90.14540314674377,90.14540314674377,100.0,9.0
114,/home/jihoon/jihoon/RVCD/MAIN_CODES/DB_single_concept_images_flux_generated/generated_images/drinker.png,drinker.png,1.5,224,44.44444444444444,0.9,9,90.14540314674377,92.17497706413269,88.88888888888889,8.0
114,/home/jihoon/jihoon/RVCD/MAIN_CODES/DB_single_concept_images_flux_generated/generated_images/drinker.png,drinker.png,2.0,168,25.0,0.9,9,90.14540314674377,87.71190047264099,77.77777777777777,6.999999999999999
114,/home/jihoon/jihoon/RVCD/MAIN_CODES/DB_single_concept_images_flux_generated/generated_images/drinker.png,drinker.png,2.5,134,16.0,0.9,9,90.14540314674377,90.68063497543335,88.88888888888889,8.0
114,/home/jihoon/jihoon/RVCD/MAIN_CODES/DB_single_concept_images_flux_generated/generated_images/drinker.png,drinker.png,3.0,112,11.11111111111111,0.9,9,90.14540314674377,90.04678130149841,77.77777777777777,6.999999999999999
115,/home/jihoon/jihoon/RVCD/MAIN_CODES/DB_single_concept_images_flux_generated/generated_images/driver.png,driver.png,1.0,336,100.0,0.9,8,90.40916562080383,90.40916562080383,100.0,8.0
115,/home/jihoon/jihoon/RVCD/MAIN_CODES/DB_single_concept_images_flux_generated/generated_images/driver.png,driver.png,1.5,224,44.44444444444444,0.9,8,90.40916562080383,85.7015311717987,75.0,6.0
115,/home/jihoon/jihoon/RVCD/MAIN_CODES/DB_single_concept_images_flux_generated/generated_images/driver.png,driver.png,2.0,168,25.0,0.9,8,90.40916562080383,88.78664970397949,75.0,6.0
115,/home/jihoon/jihoon/RVCD/MAIN_CODES/DB_single_concept_images_flux_generated/generated_images/driver.png,driver.png,2.5,134,16.0,0.9,8,90.40916562080383,83.38750004768372,75.0,6.0
115,/home/jihoon/jihoon/RVCD/MAIN_CODES/DB_single_concept_images_flux_generated/generated_images/driver.png,driver.png,3.0,112,11.11111111111111,0.9,8,90.40916562080383,90.44201970100403,75.0,6.0
116,/home/jihoon/jihoon/RVCD/MAIN_CODES/DB_single_concept_images_flux_generated/generated_images/duck.png,duck.png,1.0,336,100.0,0.9,1,93.30928325653076,93.30928325653076,100.0,1.0
116,/home/jihoon/jihoon/RVCD/MAIN_CODES/DB_single_concept_images_flux_generated/generated_images/duck.png,duck.png,1.5,224,44.44444444444444,0.9,1,93.30928325653076,92.48413443565369,100.0,1.0
116,/home/jihoon/jihoon/RVCD/MAIN_CODES/DB_single_concept_images_flux_generated/generated_images/duck.png,duck.png,2.0,168,25.0,0.9,1,93.30928325653076,94.03389096260071,100.0,1.0
116,/home/jihoon/jihoon/RVCD/MAIN_CODES/DB_single_concept_images_flux_generated/generated_images/duck.png,duck.png,2.5,134,16.0,0.9,1,93.30928325653076,91.00393652915955,100.0,1.0
116,/home/jihoon/jihoon/RVCD/MAIN_CODES/DB_single_concept_images_flux_generated/generated_images/duck.png,duck.png,3.0,112,11.11111111111111,0.9,1,93.30928325653076,93.53423118591309,100.0,1.0
117,/home/jihoon/jihoon/RVCD/MAIN_CODES/DB_single_concept_images_flux_generated/generated_images/egret.png,egret.png,1.0,336,100.0,0.9,4,91.55189990997314,91.55189990997314,100.0,4.0
117,/home/jihoon/jihoon/RVCD/MAIN_CODES/DB_single_concept_images_flux_generated/generated_images/egret.png,egret.png,1.5,224,44.44444444444444,0.9,4,91.55189990997314,93.87379288673401,75.0,3.0
117,/home/jihoon/jihoon/RVCD/MAIN_CODES/DB_single_concept_images_flux_generated/generated_images/egret.png,egret.png,2.0,168,25.0,0.9,4,91.55189990997314,92.53125786781311,75.0,3.0
117,/home/jihoon/jihoon/RVCD/MAIN_CODES/DB_single_concept_images_flux_generated/generated_images/egret.png,egret.png,2.5,134,16.0,0.9,4,91.55189990997314,93.81558895111084,75.0,3.0
117,/home/jihoon/jihoon/RVCD/MAIN_CODES/DB_single_concept_images_flux_generated/generated_images/egret.png,egret.png,3.0,112,11.11111111111111,0.9,4,91.55189990997314,92.91144609451294,100.0,4.0
118,/home/jihoon/jihoon/RVCD/MAIN_CODES/DB_single_concept_images_flux_generated/generated_images/elephant.png,elephant.png,1.0,336,100.0,0.9,1,94.06611323356628,94.06611323356628,100.0,1.0
118,/home/jihoon/jihoon/RVCD/MAIN_CODES/DB_single_concept_images_flux_generated/generated_images/elephant.png,elephant.png,1.5,224,44.44444444444444,0.9,1,94.06611323356628,95.43911814689636,100.0,1.0
118,/home/jihoon/jihoon/RVCD/MAIN_CODES/DB_single_concept_images_flux_generated/generated_images/elephant.png,elephant.png,2.0,168,25.0,0.9,1,94.06611323356628,96.10224962234497,100.0,1.0
118,/home/jihoon/jihoon/RVCD/MAIN_CODES/DB_single_concept_images_flux_generated/generated_images/elephant.png,elephant.png,2.5,134,16.0,0.9,1,94.06611323356628,95.99723815917969,100.0,1.0
118,/home/jihoon/jihoon/RVCD/MAIN_CODES/DB_single_concept_images_flux_generated/generated_images/elephant.png,elephant.png,3.0,112,11.11111111111111,0.9,1,94.06611323356628,96.7715859413147,100.0,1.0
119,/home/jihoon/jihoon/RVCD/MAIN_CODES/DB_single_concept_images_flux_generated/generated_images/equine.png,equine.png,1.0,336,100.0,0.9,1,96.9512939453125,96.9512939453125,100.0,1.0
119,/home/jihoon/jihoon/RVCD/MAIN_CODES/DB_single_concept_images_flux_generated/generated_images/equine.png,equine.png,1.5,224,44.44444444444444,0.9,1,96.9512939453125,97.79115915298462,100.0,1.0
119,/home/jihoon/jihoon/RVCD/MAIN_CODES/DB_single_concept_images_flux_generated/generated_images/equine.png,equine.png,2.0,168,25.0,0.9,1,96.9512939453125,97.89395332336426,100.0,1.0
119,/home/jihoon/jihoon/RVCD/MAIN_CODES/DB_single_concept_images_flux_generated/generated_images/equine.png,equine.png,2.5,134,16.0,0.9,1,96.9512939453125,96.15560173988342,100.0,1.0
119,/home/jihoon/jihoon/RVCD/MAIN_CODES/DB_single_concept_images_flux_generated/generated_images/equine.png,equine.png,3.0,112,11.11111111111111,0.9,1,96.9512939453125,96.60369753837585,100.0,1.0
120,/home/jihoon/jihoon/RVCD/MAIN_CODES/DB_single_concept_images_flux_generated/generated_images/ewe.png,ewe.png,1.0,336,100.0,0.9,3,91.61248803138733,91.61248803138733,100.0,3.0
120,/home/jihoon/jihoon/RVCD/MAIN_CODES/DB_single_concept_images_flux_generated/generated_images/ewe.png,ewe.png,1.5,224,44.44444444444444,0.9,3,91.61248803138733,91.2360668182373,100.0,3.0
120,/home/jihoon/jihoon/RVCD/MAIN_CODES/DB_single_concept_images_flux_generated/generated_images/ewe.png,ewe.png,2.0,168,25.0,0.9,3,91.61248803138733,91.99373722076416,100.0,3.0
120,/home/jihoon/jihoon/RVCD/MAIN_CODES/DB_single_concept_images_flux_generated/generated_images/ewe.png,ewe.png,2.5,134,16.0,0.9,3,91.61248803138733,89.97214436531067,100.0,3.0
120,/home/jihoon/jihoon/RVCD/MAIN_CODES/DB_single_concept_images_flux_generated/generated_images/ewe.png,ewe.png,3.0,112,11.11111111111111,0.9,3,91.61248803138733,93.04748177528381,100.0,3.0
121,/home/jihoon/jihoon/RVCD/MAIN_CODES/DB_single_concept_images_flux_generated/generated_images/falcon.png,falcon.png,1.0,336,100.0,0.9,5,90.96344709396362,90.96344709396362,100.0,5.0
121,/home/jihoon/jihoon/RVCD/MAIN_CODES/DB_single_concept_images_flux_generated/generated_images/falcon.png,falcon.png,1.5,224,44.44444444444444,0.9,5,90.96344709396362,95.02673745155334,100.0,5.0
121,/home/jihoon/jihoon/RVCD/MAIN_CODES/DB_single_concept_images_flux_generated/generated_images/falcon.png,falcon.png,2.0,168,25.0,0.9,5,90.96344709396362,95.50145864486694,100.0,5.0
121,/home/jihoon/jihoon/RVCD/MAIN_CODES/DB_single_concept_images_flux_generated/generated_images/falcon.png,falcon.png,2.5,134,16.0,0.9,5,90.96344709396362,94.7445273399353,100.0,5.0
121,/home/jihoon/jihoon/RVCD/MAIN_CODES/DB_single_concept_images_flux_generated/generated_images/falcon.png,falcon.png,3.0,112,11.11111111111111,0.9,5,90.96344709396362,94.18352246284485,100.0,5.0
122,/home/jihoon/jihoon/RVCD/MAIN_CODES/DB_single_concept_images_flux_generated/generated_images/father.png,father.png,1.0,336,100.0,0.9,23,90.25511741638184,90.25511741638184,100.0,23.0
122,/home/jihoon/jihoon/RVCD/MAIN_CODES/DB_single_concept_images_flux_generated/generated_images/father.png,father.png,1.5,224,44.44444444444444,0.9,23,90.25511741638184,83.73445272445679,73.91304347826087,17.0
122,/home/jihoon/jihoon/RVCD/MAIN_CODES/DB_single_concept_images_flux_generated/generated_images/father.png,father.png,2.0,168,25.0,0.9,23,90.25511741638184,76.37259364128113,73.91304347826087,17.0
122,/home/jihoon/jihoon/RVCD/MAIN_CODES/DB_single_concept_images_flux_generated/generated_images/father.png,father.png,2.5,134,16.0,0.9,23,90.25511741638184,75.87524056434631,52.17391304347826,12.0
122,/home/jihoon/jihoon/RVCD/MAIN_CODES/DB_single_concept_images_flux_generated/generated_images/father.png,father.png,3.0,112,11.11111111111111,0.9,23,90.25511741638184,86.21514439582825,56.52173913043478,12.999999999999998
123,/home/jihoon/jihoon/RVCD/MAIN_CODES/DB_single_concept_images_flux_generated/generated_images/feline.png,feline.png,1.0,336,100.0,0.9,2,97.20097184181213,97.20097184181213,100.0,2.0
123,/home/jihoon/jihoon/RVCD/MAIN_CODES/DB_single_concept_images_flux_generated/generated_images/feline.png,feline.png,1.5,224,44.44444444444444,0.9,2,97.20097184181213,97.73144721984863,100.0,2.0
123,/home/jihoon/jihoon/RVCD/MAIN_CODES/DB_single_concept_images_flux_generated/generated_images/feline.png,feline.png,2.0,168,25.0,0.9,2,97.20097184181213,97.6611852645874,100.0,2.0
123,/home/jihoon/jihoon/RVCD/MAIN_CODES/DB_single_concept_images_flux_generated/generated_images/feline.png,feline.png,2.5,134,16.0,0.9,2,97.20097184181213,97.34784364700317,100.0,2.0
123,/home/jihoon/jihoon/RVCD/MAIN_CODES/DB_single_concept_images_flux_generated/generated_images/feline.png,feline.png,3.0,112,11.11111111111111,0.9,2,97.20097184181213,97.13648557662964,100.0,2.0
124,/home/jihoon/jihoon/RVCD/MAIN_CODES/DB_single_concept_images_flux_generated/generated_images/female.png,female.png,1.0,336,100.0,0.9,15,90.25906324386597,90.25906324386597,100.0,15.0
124,/home/jihoon/jihoon/RVCD/MAIN_CODES/DB_single_concept_images_flux_generated/generated_images/female.png,female.png,1.5,224,44.44444444444444,0.9,15,90.25906324386597,88.16661834716797,86.66666666666667,13.0
124,/home/jihoon/jihoon/RVCD/MAIN_CODES/DB_single_concept_images_flux_generated/generated_images/female.png,female.png,2.0,168,25.0,0.9,15,90.25906324386597,89.07391428947449,86.66666666666667,13.0
124,/home/jihoon/jihoon/RVCD/MAIN_CODES/DB_single_concept_images_flux_generated/generated_images/female.png,female.png,2.5,134,16.0,0.9,15,90.25906324386597,89.7001564502716,73.33333333333333,11.0
124,/home/jihoon/jihoon/RVCD/MAIN_CODES/DB_single_concept_images_flux_generated/generated_images/female.png,female.png,3.0,112,11.11111111111111,0.9,15,90.25906324386597,89.86539244651794,73.33333333333333,11.0
125,/home/jihoon/jihoon/RVCD/MAIN_CODES/DB_single_concept_images_flux_generated/generated_images/ferry.png,ferry.png,1.0,336,100.0,0.9,2,94.73544359207153,94.73544359207153,100.0,2.0
125,/home/jihoon/jihoon/RVCD/MAIN_CODES/DB_single_concept_images_flux_generated/generated_images/ferry.png,ferry.png,1.5,224,44.44444444444444,0.9,2,94.73544359207153,96.28695249557495,100.0,2.0
125,/home/jihoon/jihoon/RVCD/MAIN_CODES/DB_single_concept_images_flux_generated/generated_images/ferry.png,ferry.png,2.0,168,25.0,0.9,2,94.73544359207153,96.7764139175415,100.0,2.0
125,/home/jihoon/jihoon/RVCD/MAIN_CODES/DB_single_concept_images_flux_generated/generated_images/ferry.png,ferry.png,2.5,134,16.0,0.9,2,94.73544359207153,96.71169519424438,100.0,2.0
125,/home/jihoon/jihoon/RVCD/MAIN_CODES/DB_single_concept_images_flux_generated/generated_images/ferry.png,ferry.png,3.0,112,11.11111111111111,0.9,2,94.73544359207153,96.23811841011047,100.0,2.0
126,/home/jihoon/jihoon/RVCD/MAIN_CODES/DB_single_concept_images_flux_generated/generated_images/ferryboat.png,ferryboat.png,1.0,336,100.0,0.9,2,96.82486057281494,96.82486057281494,100.0,2.0
126,/home/jihoon/jihoon/RVCD/MAIN_CODES/DB_single_concept_images_flux_generated/generated_images/ferryboat.png,ferryboat.png,1.5,224,44.44444444444444,0.9,2,96.82486057281494,96.97352647781372,100.0,2.0
126,/home/jihoon/jihoon/RVCD/MAIN_CODES/DB_single_concept_images_flux_generated/generated_images/ferryboat.png,ferryboat.png,2.0,168,25.0,0.9,2,96.82486057281494,97.58384823799133,100.0,2.0
126,/home/jihoon/jihoon/RVCD/MAIN_CODES/DB_single_concept_images_flux_generated/generated_images/ferryboat.png,ferryboat.png,2.5,134,16.0,0.9,2,96.82486057281494,96.94942235946655,100.0,2.0
126,/home/jihoon/jihoon/RVCD/MAIN_CODES/DB_single_concept_images_flux_generated/generated_images/ferryboat.png,ferryboat.png,3.0,112,11.11111111111111,0.9,2,96.82486057281494,97.01601266860962,100.0,2.0
127,/home/jihoon/jihoon/RVCD/MAIN_CODES/DB_single_concept_images_flux_generated/generated_images/finch.png,finch.png,1.0,336,100.0,0.9,1,93.15761923789978,93.15761923789978,100.0,1.0
127,/home/jihoon/jihoon/RVCD/MAIN_CODES/DB_single_concept_images_flux_generated/generated_images/finch.png,finch.png,1.5,224,44.44444444444444,0.9,1,93.15761923789978,95.76404094696045,100.0,1.0
127,/home/jihoon/jihoon/RVCD/MAIN_CODES/DB_single_concept_images_flux_generated/generated_images/finch.png,finch.png,2.0,168,25.0,0.9,1,93.15761923789978,94.37927007675171,100.0,1.0
127,/home/jihoon/jihoon/RVCD/MAIN_CODES/DB_single_concept_images_flux_generated/generated_images/finch.png,finch.png,2.5,134,16.0,0.9,1,93.15761923789978,93.72975826263428,100.0,1.0
127,/home/jihoon/jihoon/RVCD/MAIN_CODES/DB_single_concept_images_flux_generated/generated_images/finch.png,finch.png,3.0,112,11.11111111111111,0.9,1,93.15761923789978,92.51330494880676,100.0,1.0
128,/home/jihoon/jihoon/RVCD/MAIN_CODES/DB_single_concept_images_flux_generated/generated_images/fire hydrant.png,fire hydrant.png,1.0,336,100.0,0.9,2,96.0167944431305,96.0167944431305,100.0,2.0
128,/home/jihoon/jihoon/RVCD/MAIN_CODES/DB_single_concept_images_flux_generated/generated_images/fire hydrant.png,fire hydrant.png,1.5,224,44.44444444444444,0.9,2,96.0167944431305,96.56654596328735,100.0,2.0
128,/home/jihoon/jihoon/RVCD/MAIN_CODES/DB_single_concept_images_flux_generated/generated_images/fire hydrant.png,fire hydrant.png,2.0,168,25.0,0.9,2,96.0167944431305,96.87268733978271,100.0,2.0
128,/home/jihoon/jihoon/RVCD/MAIN_CODES/DB_single_concept_images_flux_generated/generated_images/fire hydrant.png,fire hydrant.png,2.5,134,16.0,0.9,2,96.0167944431305,97.6844072341919,100.0,2.0
128,/home/jihoon/jihoon/RVCD/MAIN_CODES/DB_single_concept_images_flux_generated/generated_images/fire hydrant.png,fire hydrant.png,3.0,112,11.11111111111111,0.9,2,96.0167944431305,98.10025691986084,100.0,2.0
129,/home/jihoon/jihoon/RVCD/MAIN_CODES/DB_single_concept_images_flux_generated/generated_images/firehydrant.png,firehydrant.png,1.0,336,100.0,0.9,2,96.0167944431305,96.0167944431305,100.0,2.0
129,/home/jihoon/jihoon/RVCD/MAIN_CODES/DB_single_concept_images_flux_generated/generated_images/firehydrant.png,firehydrant.png,1.5,224,44.44444444444444,0.9,2,96.0167944431305,96.56654596328735,100.0,2.0
129,/home/jihoon/jihoon/RVCD/MAIN_CODES/DB_single_concept_images_flux_generated/generated_images/firehydrant.png,firehydrant.png,2.0,168,25.0,0.9,2,96.0167944431305,96.87268733978271,100.0,2.0
129,/home/jihoon/jihoon/RVCD/MAIN_CODES/DB_single_concept_images_flux_generated/generated_images/firehydrant.png,firehydrant.png,2.5,134,16.0,0.9,2,96.0167944431305,97.6844072341919,100.0,2.0
129,/home/jihoon/jihoon/RVCD/MAIN_CODES/DB_single_concept_images_flux_generated/generated_images/firehydrant.png,firehydrant.png,3.0,112,11.11111111111111,0.9,2,96.0167944431305,98.10025691986084,100.0,2.0
130,/home/jihoon/jihoon/RVCD/MAIN_CODES/DB_single_concept_images_flux_generated/generated_images/firetruck.png,firetruck.png,1.0,336,100.0,0.9,2,96.74319624900818,96.74319624900818,100.0,2.0
130,/home/jihoon/jihoon/RVCD/MAIN_CODES/DB_single_concept_images_flux_generated/generated_images/firetruck.png,firetruck.png,1.5,224,44.44444444444444,0.9,2,96.74319624900818,96.1975634098053,100.0,2.0
130,/home/jihoon/jihoon/RVCD/MAIN_CODES/DB_single_concept_images_flux_generated/generated_images/firetruck.png,firetruck.png,2.0,168,25.0,0.9,2,96.74319624900818,96.56628370285034,100.0,2.0
130,/home/jihoon/jihoon/RVCD/MAIN_CODES/DB_single_concept_images_flux_generated/generated_images/firetruck.png,firetruck.png,2.5,134,16.0,0.9,2,96.74319624900818,96.03703022003174,100.0,2.0
130,/home/jihoon/jihoon/RVCD/MAIN_CODES/DB_single_concept_images_flux_generated/generated_images/firetruck.png,firetruck.png,3.0,112,11.11111111111111,0.9,2,96.74319624900818,93.59689354896545,100.0,2.0
131,/home/jihoon/jihoon/RVCD/MAIN_CODES/DB_single_concept_images_flux_generated/generated_images/flamingo.png,flamingo.png,1.0,336,100.0,0.9,3,92.23758578300476,92.23758578300476,100.0,3.0
131,/home/jihoon/jihoon/RVCD/MAIN_CODES/DB_single_concept_images_flux_generated/generated_images/flamingo.png,flamingo.png,1.5,224,44.44444444444444,0.9,3,92.23758578300476,95.75737714767456,100.0,3.0
131,/home/jihoon/jihoon/RVCD/MAIN_CODES/DB_single_concept_images_flux_generated/generated_images/flamingo.png,flamingo.png,2.0,168,25.0,0.9,3,92.23758578300476,96.53661251068115,100.0,3.0
131,/home/jihoon/jihoon/RVCD/MAIN_CODES/DB_single_concept_images_flux_generated/generated_images/flamingo.png,flamingo.png,2.5,134,16.0,0.9,3,92.23758578300476,95.51217555999756,66.66666666666667,2.0
131,/home/jihoon/jihoon/RVCD/MAIN_CODES/DB_single_concept_images_flux_generated/generated_images/flamingo.png,flamingo.png,3.0,112,11.11111111111111,0.9,3,92.23758578300476,95.00519633293152,66.66666666666667,2.0
132,/home/jihoon/jihoon/RVCD/MAIN_CODES/DB_single_concept_images_flux_generated/generated_images/foal.png,foal.png,1.0,336,100.0,0.9,1,94.21896934509277,94.21896934509277,100.0,1.0
132,/home/jihoon/jihoon/RVCD/MAIN_CODES/DB_single_concept_images_flux_generated/generated_images/foal.png,foal.png,1.5,224,44.44444444444444,0.9,1,94.21896934509277,96.74770832061768,100.0,1.0
132,/home/jihoon/jihoon/RVCD/MAIN_CODES/DB_single_concept_images_flux_generated/generated_images/foal.png,foal.png,2.0,168,25.0,0.9,1,94.21896934509277,96.26625776290894,100.0,1.0
132,/home/jihoon/jihoon/RVCD/MAIN_CODES/DB_single_concept_images_flux_generated/generated_images/foal.png,foal.png,2.5,134,16.0,0.9,1,94.21896934509277,95.96942663192749,100.0,1.0
132,/home/jihoon/jihoon/RVCD/MAIN_CODES/DB_single_concept_images_flux_generated/generated_images/foal.png,foal.png,3.0,112,11.11111111111111,0.9,1,94.21896934509277,97.52771854400635,100.0,1.0
133,/home/jihoon/jihoon/RVCD/MAIN_CODES/DB_single_concept_images_flux_generated/generated_images/foreigner.png,foreigner.png,1.0,336,100.0,0.9,10,91.0207748413086,91.0207748413086,100.0,10.0
133,/home/jihoon/jihoon/RVCD/MAIN_CODES/DB_single_concept_images_flux_generated/generated_images/foreigner.png,foreigner.png,1.5,224,44.44444444444444,0.9,10,91.0207748413086,89.30780291557312,90.0,9.0
133,/home/jihoon/jihoon/RVCD/MAIN_CODES/DB_single_concept_images_flux_generated/generated_images/foreigner.png,foreigner.png,2.0,168,25.0,0.9,10,91.0207748413086,86.55272722244263,70.0,7.0
133,/home/jihoon/jihoon/RVCD/MAIN_CODES/DB_single_concept_images_flux_generated/generated_images/foreigner.png,foreigner.png,2.5,134,16.0,0.9,10,91.0207748413086,86.15212440490723,70.0,7.0
133,/home/jihoon/jihoon/RVCD/MAIN_CODES/DB_single_concept_images_flux_generated/generated_images/foreigner.png,foreigner.png,3.0,112,11.11111111111111,0.9,10,91.0207748413086,84.00249481201172,70.0,7.0
134,/home/jihoon/jihoon/RVCD/MAIN_CODES/DB_single_concept_images_flux_generated/generated_images/fork.png,fork.png,1.0,336,100.0,0.9,4,90.79660177230835,90.79660177230835,100.0,4.0
134,/home/jihoon/jihoon/RVCD/MAIN_CODES/DB_single_concept_images_flux_generated/generated_images/fork.png,fork.png,1.5,224,44.44444444444444,0.9,4,90.79660177230835,92.43277907371521,100.0,4.0
134,/home/jihoon/jihoon/RVCD/MAIN_CODES/DB_single_concept_images_flux_generated/generated_images/fork.png,fork.png,2.0,168,25.0,0.9,4,90.79660177230835,91.71523451805115,75.0,3.0
134,/home/jihoon/jihoon/RVCD/MAIN_CODES/DB_single_concept_images_flux_generated/generated_images/fork.png,fork.png,2.5,134,16.0,0.9,4,90.79660177230835,92.13086366653442,75.0,3.0
134,/home/jihoon/jihoon/RVCD/MAIN_CODES/DB_single_concept_images_flux_generated/generated_images/fork.png,fork.png,3.0,112,11.11111111111111,0.9,4,90.79660177230835,92.532479763031,75.0,3.0
135,/home/jihoon/jihoon/RVCD/MAIN_CODES/DB_single_concept_images_flux_generated/generated_images/fowl.png,fowl.png,1.0,336,100.0,0.9,4,91.13273620605469,91.13273620605469,100.0,4.0
135,/home/jihoon/jihoon/RVCD/MAIN_CODES/DB_single_concept_images_flux_generated/generated_images/fowl.png,fowl.png,1.5,224,44.44444444444444,0.9,4,91.13273620605469,92.10105538368225,75.0,3.0
135,/home/jihoon/jihoon/RVCD/MAIN_CODES/DB_single_concept_images_flux_generated/generated_images/fowl.png,fowl.png,2.0,168,25.0,0.9,4,91.13273620605469,92.65003204345703,75.0,3.0
135,/home/jihoon/jihoon/RVCD/MAIN_CODES/DB_single_concept_images_flux_generated/generated_images/fowl.png,fowl.png,2.5,134,16.0,0.9,4,91.13273620605469,91.10946655273438,75.0,3.0
135,/home/jihoon/jihoon/RVCD/MAIN_CODES/DB_single_concept_images_flux_generated/generated_images/fowl.png,fowl.png,3.0,112,11.11111111111111,0.9,4,91.13273620605469,91.72769784927368,75.0,3.0
136,/home/jihoon/jihoon/RVCD/MAIN_CODES/DB_single_concept_images_flux_generated/generated_images/freezer.png,freezer.png,1.0,336,100.0,0.9,3,93.88371109962463,93.88371109962463,100.0,3.0
136,/home/jihoon/jihoon/RVCD/MAIN_CODES/DB_single_concept_images_flux_generated/generated_images/freezer.png,freezer.png,1.5,224,44.44444444444444,0.9,3,93.88371109962463,97.06471562385559,100.0,3.0
136,/home/jihoon/jihoon/RVCD/MAIN_CODES/DB_single_concept_images_flux_generated/generated_images/freezer.png,freezer.png,2.0,168,25.0,0.9,3,93.88371109962463,93.93191933631897,100.0,3.0
136,/home/jihoon/jihoon/RVCD/MAIN_CODES/DB_single_concept_images_flux_generated/generated_images/freezer.png,freezer.png,2.5,134,16.0,0.9,3,93.88371109962463,96.80455327033997,100.0,3.0
136,/home/jihoon/jihoon/RVCD/MAIN_CODES/DB_single_concept_images_flux_generated/generated_images/freezer.png,freezer.png,3.0,112,11.11111111111111,0.9,3,93.88371109962463,94.6929931640625,100.0,3.0
137,/home/jihoon/jihoon/RVCD/MAIN_CODES/DB_single_concept_images_flux_generated/generated_images/freighter.png,freighter.png,1.0,336,100.0,0.9,2,97.28953838348389,97.28953838348389,100.0,2.0
137,/home/jihoon/jihoon/RVCD/MAIN_CODES/DB_single_concept_images_flux_generated/generated_images/freighter.png,freighter.png,1.5,224,44.44444444444444,0.9,2,97.28953838348389,97.68081307411194,100.0,2.0
137,/home/jihoon/jihoon/RVCD/MAIN_CODES/DB_single_concept_images_flux_generated/generated_images/freighter.png,freighter.png,2.0,168,25.0,0.9,2,97.28953838348389,97.47276306152344,100.0,2.0
137,/home/jihoon/jihoon/RVCD/MAIN_CODES/DB_single_concept_images_flux_generated/generated_images/freighter.png,freighter.png,2.5,134,16.0,0.9,2,97.28953838348389,97.47751951217651,100.0,2.0
137,/home/jihoon/jihoon/RVCD/MAIN_CODES/DB_single_concept_images_flux_generated/generated_images/freighter.png,freighter.png,3.0,112,11.11111111111111,0.9,2,97.28953838348389,98.06632995605469,100.0,2.0
138,/home/jihoon/jihoon/RVCD/MAIN_CODES/DB_single_concept_images_flux_generated/generated_images/fridge.png,fridge.png,1.0,336,100.0,0.9,2,97.46948480606079,97.46948480606079,100.0,2.0
138,/home/jihoon/jihoon/RVCD/MAIN_CODES/DB_single_concept_images_flux_generated/generated_images/fridge.png,fridge.png,1.5,224,44.44444444444444,0.9,2,97.46948480606079,96.32270336151123,100.0,2.0
138,/home/jihoon/jihoon/RVCD/MAIN_CODES/DB_single_concept_images_flux_generated/generated_images/fridge.png,fridge.png,2.0,168,25.0,0.9,2,97.46948480606079,96.79931402206421,100.0,2.0
138,/home/jihoon/jihoon/RVCD/MAIN_CODES/DB_single_concept_images_flux_generated/generated_images/fridge.png,fridge.png,2.5,134,16.0,0.9,2,97.46948480606079,95.68842649459839,100.0,2.0
138,/home/jihoon/jihoon/RVCD/MAIN_CODES/DB_single_concept_images_flux_generated/generated_images/fridge.png,fridge.png,3.0,112,11.11111111111111,0.9,2,97.46948480606079,92.88837909698486,100.0,2.0
139,/home/jihoon/jihoon/RVCD/MAIN_CODES/DB_single_concept_images_flux_generated/generated_images/frisbee.png,frisbee.png,1.0,336,100.0,0.9,20,90.18558263778687,90.18558263778687,100.0,20.0
139,/home/jihoon/jihoon/RVCD/MAIN_CODES/DB_single_concept_images_flux_generated/generated_images/frisbee.png,frisbee.png,1.5,224,44.44444444444444,0.9,20,90.18558263778687,84.75717902183533,90.0,18.0
139,/home/jihoon/jihoon/RVCD/MAIN_CODES/DB_single_concept_images_flux_generated/generated_images/frisbee.png,frisbee.png,2.0,168,25.0,0.9,20,90.18558263778687,79.73620891571045,85.0,17.0
139,/home/jihoon/jihoon/RVCD/MAIN_CODES/DB_single_concept_images_flux_generated/generated_images/frisbee.png,frisbee.png,2.5,134,16.0,0.9,20,90.18558263778687,76.49110555648804,80.0,16.0
139,/home/jihoon/jihoon/RVCD/MAIN_CODES/DB_single_concept_images_flux_generated/generated_images/frisbee.png,frisbee.png,3.0,112,11.11111111111111,0.9,20,90.18558263778687,67.75518655776978,70.0,14.0
140,/home/jihoon/jihoon/RVCD/MAIN_CODES/DB_single_concept_images_flux_generated/generated_images/futon.png,futon.png,1.0,336,100.0,0.9,3,90.93988537788391,90.93988537788391,100.0,3.0
140,/home/jihoon/jihoon/RVCD/MAIN_CODES/DB_single_concept_images_flux_generated/generated_images/futon.png,futon.png,1.5,224,44.44444444444444,0.9,3,90.93988537788391,92.01375842094421,100.0,3.0
140,/home/jihoon/jihoon/RVCD/MAIN_CODES/DB_single_concept_images_flux_generated/generated_images/futon.png,futon.png,2.0,168,25.0,0.9,3,90.93988537788391,92.87549257278442,100.0,3.0
140,/home/jihoon/jihoon/RVCD/MAIN_CODES/DB_single_concept_images_flux_generated/generated_images/futon.png,futon.png,2.5,134,16.0,0.9,3,90.93988537788391,92.91005730628967,100.0,3.0
140,/home/jihoon/jihoon/RVCD/MAIN_CODES/DB_single_concept_images_flux_generated/generated_images/futon.png,futon.png,3.0,112,11.11111111111111,0.9,3,90.93988537788391,92.88850426673889,100.0,3.0
141,/home/jihoon/jihoon/RVCD/MAIN_CODES/DB_single_concept_images_flux_generated/generated_images/gentleman.png,gentleman.png,1.0,336,100.0,0.9,4,92.83303022384644,92.83303022384644,100.0,4.0
141,/home/jihoon/jihoon/RVCD/MAIN_CODES/DB_single_concept_images_flux_generated/generated_images/gentleman.png,gentleman.png,1.5,224,44.44444444444444,0.9,4,92.83303022384644,91.89396500587463,100.0,4.0
141,/home/jihoon/jihoon/RVCD/MAIN_CODES/DB_single_concept_images_flux_generated/generated_images/gentleman.png,gentleman.png,2.0,168,25.0,0.9,4,92.83303022384644,89.62873220443726,100.0,4.0
141,/home/jihoon/jihoon/RVCD/MAIN_CODES/DB_single_concept_images_flux_generated/generated_images/gentleman.png,gentleman.png,2.5,134,16.0,0.9,4,92.83303022384644,90.8663272857666,75.0,3.0
141,/home/jihoon/jihoon/RVCD/MAIN_CODES/DB_single_concept_images_flux_generated/generated_images/gentleman.png,gentleman.png,3.0,112,11.11111111111111,0.9,4,92.83303022384644,91.429603099823,75.0,3.0
142,/home/jihoon/jihoon/RVCD/MAIN_CODES/DB_single_concept_images_flux_generated/generated_images/giraffe.png,giraffe.png,1.0,336,100.0,0.9,1,92.71592497825623,92.71592497825623,100.0,1.0
142,/home/jihoon/jihoon/RVCD/MAIN_CODES/DB_single_concept_images_flux_generated/generated_images/giraffe.png,giraffe.png,1.5,224,44.44444444444444,0.9,1,92.71592497825623,93.03142428398132,100.0,1.0
142,/home/jihoon/jihoon/RVCD/MAIN_CODES/DB_single_concept_images_flux_generated/generated_images/giraffe.png,giraffe.png,2.0,168,25.0,0.9,1,92.71592497825623,92.02584624290466,100.0,1.0
142,/home/jihoon/jihoon/RVCD/MAIN_CODES/DB_single_concept_images_flux_generated/generated_images/giraffe.png,giraffe.png,2.5,134,16.0,0.9,1,92.71592497825623,92.0363187789917,100.0,1.0
142,/home/jihoon/jihoon/RVCD/MAIN_CODES/DB_single_concept_images_flux_generated/generated_images/giraffe.png,giraffe.png,3.0,112,11.11111111111111,0.9,1,92.71592497825623,91.12550020217896,100.0,1.0
143,/home/jihoon/jihoon/RVCD/MAIN_CODES/DB_single_concept_images_flux_generated/generated_images/girl.png,girl.png,1.0,336,100.0,0.9,30,90.01984596252441,90.01984596252441,100.0,30.0
143,/home/jihoon/jihoon/RVCD/MAIN_CODES/DB_single_concept_images_flux_generated/generated_images/girl.png,girl.png,1.5,224,44.44444444444444,0.9,30,90.01984596252441,90.43742418289185,80.0,24.0
143,/home/jihoon/jihoon/RVCD/MAIN_CODES/DB_single_concept_images_flux_generated/generated_images/girl.png,girl.png,2.0,168,25.0,0.9,30,90.01984596252441,89.19341564178467,80.0,24.0
143,/home/jihoon/jihoon/RVCD/MAIN_CODES/DB_single_concept_images_flux_generated/generated_images/girl.png,girl.png,2.5,134,16.0,0.9,30,90.01984596252441,91.93949699401855,70.0,21.0
143,/home/jihoon/jihoon/RVCD/MAIN_CODES/DB_single_concept_images_flux_generated/generated_images/girl.png,girl.png,3.0,112,11.11111111111111,0.9,30,90.01984596252441,92.78075695037842,70.0,21.0
144,/home/jihoon/jihoon/RVCD/MAIN_CODES/DB_single_concept_images_flux_generated/generated_images/goat.png,goat.png,1.0,336,100.0,0.9,3,92.54118204116821,92.54118204116821,100.0,3.0
144,/home/jihoon/jihoon/RVCD/MAIN_CODES/DB_single_concept_images_flux_generated/generated_images/goat.png,goat.png,1.5,224,44.44444444444444,0.9,3,92.54118204116821,91.17540121078491,100.0,3.0
144,/home/jihoon/jihoon/RVCD/MAIN_CODES/DB_single_concept_images_flux_generated/generated_images/goat.png,goat.png,2.0,168,25.0,0.9,3,92.54118204116821,90.93007445335388,100.0,3.0
144,/home/jihoon/jihoon/RVCD/MAIN_CODES/DB_single_concept_images_flux_generated/generated_images/goat.png,goat.png,2.5,134,16.0,0.9,3,92.54118204116821,88.93129229545593,100.0,3.0
144,/home/jihoon/jihoon/RVCD/MAIN_CODES/DB_single_concept_images_flux_generated/generated_images/goat.png,goat.png,3.0,112,11.11111111111111,0.9,3,92.54118204116821,90.31307101249695,100.0,3.0
145,/home/jihoon/jihoon/RVCD/MAIN_CODES/DB_single_concept_images_flux_generated/generated_images/goose.png,goose.png,1.0,336,100.0,0.9,3,91.32583737373352,91.32583737373352,100.0,3.0
145,/home/jihoon/jihoon/RVCD/MAIN_CODES/DB_single_concept_images_flux_generated/generated_images/goose.png,goose.png,1.5,224,44.44444444444444,0.9,3,91.32583737373352,91.41173958778381,100.0,3.0
145,/home/jihoon/jihoon/RVCD/MAIN_CODES/DB_single_concept_images_flux_generated/generated_images/goose.png,goose.png,2.0,168,25.0,0.9,3,91.32583737373352,90.17269015312195,100.0,3.0
145,/home/jihoon/jihoon/RVCD/MAIN_CODES/DB_single_concept_images_flux_generated/generated_images/goose.png,goose.png,2.5,134,16.0,0.9,3,91.32583737373352,89.69491720199585,100.0,3.0
145,/home/jihoon/jihoon/RVCD/MAIN_CODES/DB_single_concept_images_flux_generated/generated_images/goose.png,goose.png,3.0,112,11.11111111111111,0.9,3,91.32583737373352,90.68832993507385,100.0,3.0
146,/home/jihoon/jihoon/RVCD/MAIN_CODES/DB_single_concept_images_flux_generated/generated_images/gosling.png,gosling.png,1.0,336,100.0,0.9,2,90.85819721221924,90.85819721221924,100.0,2.0
146,/home/jihoon/jihoon/RVCD/MAIN_CODES/DB_single_concept_images_flux_generated/generated_images/gosling.png,gosling.png,1.5,224,44.44444444444444,0.9,2,90.85819721221924,86.62827014923096,100.0,2.0
146,/home/jihoon/jihoon/RVCD/MAIN_CODES/DB_single_concept_images_flux_generated/generated_images/gosling.png,gosling.png,2.0,168,25.0,0.9,2,90.85819721221924,90.52736759185791,100.0,2.0
146,/home/jihoon/jihoon/RVCD/MAIN_CODES/DB_single_concept_images_flux_generated/generated_images/gosling.png,gosling.png,2.5,134,16.0,0.9,2,90.85819721221924,86.72051429748535,100.0,2.0
146,/home/jihoon/jihoon/RVCD/MAIN_CODES/DB_single_concept_images_flux_generated/generated_images/gosling.png,gosling.png,3.0,112,11.11111111111111,0.9,2,90.85819721221924,92.02964305877686,100.0,2.0
147,/home/jihoon/jihoon/RVCD/MAIN_CODES/DB_single_concept_images_flux_generated/generated_images/grandchild.png,grandchild.png,1.0,336,100.0,0.9,5,90.1185691356659,90.1185691356659,100.0,5.0
147,/home/jihoon/jihoon/RVCD/MAIN_CODES/DB_single_concept_images_flux_generated/generated_images/grandchild.png,grandchild.png,1.5,224,44.44444444444444,0.9,5,90.1185691356659,94.19745802879333,60.0,3.0
147,/home/jihoon/jihoon/RVCD/MAIN_CODES/DB_single_concept_images_flux_generated/generated_images/grandchild.png,grandchild.png,2.0,168,25.0,0.9,5,90.1185691356659,92.1352744102478,60.0,3.0
147,/home/jihoon/jihoon/RVCD/MAIN_CODES/DB_single_concept_images_flux_generated/generated_images/grandchild.png,grandchild.png,2.5,134,16.0,0.9,5,90.1185691356659,89.7649884223938,60.0,3.0
147,/home/jihoon/jihoon/RVCD/MAIN_CODES/DB_single_concept_images_flux_generated/generated_images/grandchild.png,grandchild.png,3.0,112,11.11111111111111,0.9,5,90.1185691356659,92.84879565238953,60.0,3.0
148,/home/jihoon/jihoon/RVCD/MAIN_CODES/DB_single_concept_images_flux_generated/generated_images/greyhound.png,greyhound.png,1.0,336,100.0,0.9,2,91.62421226501465,91.62421226501465,100.0,2.0
148,/home/jihoon/jihoon/RVCD/MAIN_CODES/DB_single_concept_images_flux_generated/generated_images/greyhound.png,greyhound.png,1.5,224,44.44444444444444,0.9,2,91.62421226501465,92.12085008621216,100.0,2.0
148,/home/jihoon/jihoon/RVCD/MAIN_CODES/DB_single_concept_images_flux_generated/generated_images/greyhound.png,greyhound.png,2.0,168,25.0,0.9,2,91.62421226501465,89.05935287475586,100.0,2.0
148,/home/jihoon/jihoon/RVCD/MAIN_CODES/DB_single_concept_images_flux_generated/generated_images/greyhound.png,greyhound.png,2.5,134,16.0,0.9,2,91.62421226501465,84.78401899337769,100.0,2.0
148,/home/jihoon/jihoon/RVCD/MAIN_CODES/DB_single_concept_images_flux_generated/generated_images/greyhound.png,greyhound.png,3.0,112,11.11111111111111,0.9,2,91.62421226501465,89.19392824172974,100.0,2.0
149,/home/jihoon/jihoon/RVCD/MAIN_CODES/DB_single_concept_images_flux_generated/generated_images/groom.png,groom.png,1.0,336,100.0,0.9,7,90.54176807403564,90.54176807403564,100.0,7.0
149,/home/jihoon/jihoon/RVCD/MAIN_CODES/DB_single_concept_images_flux_generated/generated_images/groom.png,groom.png,1.5,224,44.44444444444444,0.9,7,90.54176807403564,88.09931874275208,100.0,7.0
149,/home/jihoon/jihoon/RVCD/MAIN_CODES/DB_single_concept_images_flux_generated/generated_images/groom.png,groom.png,2.0,168,25.0,0.9,7,90.54176807403564,89.52314853668213,100.0,7.0
149,/home/jihoon/jihoon/RVCD/MAIN_CODES/DB_single_concept_images_flux_generated/generated_images/groom.png,groom.png,2.5,134,16.0,0.9,7,90.54176807403564,88.01936507225037,100.0,7.0
149,/home/jihoon/jihoon/RVCD/MAIN_CODES/DB_single_concept_images_flux_generated/generated_images/groom.png,groom.png,3.0,112,11.11111111111111,0.9,7,90.54176807403564,84.65287685394287,57.142857142857146,4.000000000000001
150,/home/jihoon/jihoon/RVCD/MAIN_CODES/DB_single_concept_images_flux_generated/generated_images/gull.png,gull.png,1.0,336,100.0,0.9,2,95.02323865890503,95.02323865890503,100.0,2.0
150,/home/jihoon/jihoon/RVCD/MAIN_CODES/DB_single_concept_images_flux_generated/generated_images/gull.png,gull.png,1.5,224,44.44444444444444,0.9,2,95.02323865890503,95.6490695476532,100.0,2.0
150,/home/jihoon/jihoon/RVCD/MAIN_CODES/DB_single_concept_images_flux_generated/generated_images/gull.png,gull.png,2.0,168,25.0,0.9,2,95.02323865890503,95.3266978263855,100.0,2.0
150,/home/jihoon/jihoon/RVCD/MAIN_CODES/DB_single_concept_images_flux_generated/generated_images/gull.png,gull.png,2.5,134,16.0,0.9,2,95.02323865890503,94.68900561332703,100.0,2.0
150,/home/jihoon/jihoon/RVCD/MAIN_CODES/DB_single_concept_images_flux_generated/generated_images/gull.png,gull.png,3.0,112,11.11111111111111,0.9,2,95.02323865890503,95.14503479003906,100.0,2.0
151,/home/jihoon/jihoon/RVCD/MAIN_CODES/DB_single_concept_images_flux_generated/generated_images/guy.png,guy.png,1.0,336,100.0,0.9,7,90.31982421875,90.31982421875,100.0,7.0
151,/home/jihoon/jihoon/RVCD/MAIN_CODES/DB_single_concept_images_flux_generated/generated_images/guy.png,guy.png,1.5,224,44.44444444444444,0.9,7,90.31982421875,88.28773498535156,71.42857142857143,5.0
151,/home/jihoon/jihoon/RVCD/MAIN_CODES/DB_single_concept_images_flux_generated/generated_images/guy.png,guy.png,2.0,168,25.0,0.9,7,90.31982421875,80.38963675498962,42.857142857142854,3.0
151,/home/jihoon/jihoon/RVCD/MAIN_CODES/DB_single_concept_images_flux_generated/generated_images/guy.png,guy.png,2.5,134,16.0,0.9,7,90.31982421875,77.71344184875488,42.857142857142854,3.0
151,/home/jihoon/jihoon/RVCD/MAIN_CODES/DB_single_concept_images_flux_generated/generated_images/guy.png,guy.png,3.0,112,11.11111111111111,0.9,7,90.31982421875,79.08633947372437,42.857142857142854,3.0
152,/home/jihoon/jihoon/RVCD/MAIN_CODES/DB_single_concept_images_flux_generated/generated_images/hair drier.png,hair drier.png,1.0,336,100.0,0.9,3,91.16149544715881,91.16149544715881,100.0,3.0
152,/home/jihoon/jihoon/RVCD/MAIN_CODES/DB_single_concept_images_flux_generated/generated_images/hair drier.png,hair drier.png,1.5,224,44.44444444444444,0.9,3,91.16149544715881,93.9579427242279,100.0,3.0
152,/home/jihoon/jihoon/RVCD/MAIN_CODES/DB_single_concept_images_flux_generated/generated_images/hair drier.png,hair drier.png,2.0,168,25.0,0.9,3,91.16149544715881,94.02594566345215,100.0,3.0
152,/home/jihoon/jihoon/RVCD/MAIN_CODES/DB_single_concept_images_flux_generated/generated_images/hair drier.png,hair drier.png,2.5,134,16.0,0.9,3,91.16149544715881,88.43827247619629,100.0,3.0
152,/home/jihoon/jihoon/RVCD/MAIN_CODES/DB_single_concept_images_flux_generated/generated_images/hair drier.png,hair drier.png,3.0,112,11.11111111111111,0.9,3,91.16149544715881,87.93277740478516,100.0,3.0
153,/home/jihoon/jihoon/RVCD/MAIN_CODES/DB_single_concept_images_flux_generated/generated_images/hairdrier.png,hairdrier.png,1.0,336,100.0,0.9,3,91.16149544715881,91.16149544715881,100.0,3.0
153,/home/jihoon/jihoon/RVCD/MAIN_CODES/DB_single_concept_images_flux_generated/generated_images/hairdrier.png,hairdrier.png,1.5,224,44.44444444444444,0.9,3,91.16149544715881,93.9579427242279,100.0,3.0
153,/home/jihoon/jihoon/RVCD/MAIN_CODES/DB_single_concept_images_flux_generated/generated_images/hairdrier.png,hairdrier.png,2.0,168,25.0,0.9,3,91.16149544715881,94.02594566345215,100.0,3.0
153,/home/jihoon/jihoon/RVCD/MAIN_CODES/DB_single_concept_images_flux_generated/generated_images/hairdrier.png,hairdrier.png,2.5,134,16.0,0.9,3,91.16149544715881,88.43827247619629,100.0,3.0
153,/home/jihoon/jihoon/RVCD/MAIN_CODES/DB_single_concept_images_flux_generated/generated_images/hairdrier.png,hairdrier.png,3.0,112,11.11111111111111,0.9,3,91.16149544715881,87.93277740478516,100.0,3.0
154,/home/jihoon/jihoon/RVCD/MAIN_CODES/DB_single_concept_images_flux_generated/generated_images/hairdryer.png,hairdryer.png,1.0,336,100.0,0.9,4,93.80175471305847,93.80175471305847,100.0,4.0
154,/home/jihoon/jihoon/RVCD/MAIN_CODES/DB_single_concept_images_flux_generated/generated_images/hairdryer.png,hairdryer.png,1.5,224,44.44444444444444,0.9,4,93.80175471305847,93.97302865982056,100.0,4.0
154,/home/jihoon/jihoon/RVCD/MAIN_CODES/DB_single_concept_images_flux_generated/generated_images/hairdryer.png,hairdryer.png,2.0,168,25.0,0.9,4,93.80175471305847,95.45764923095703,100.0,4.0
154,/home/jihoon/jihoon/RVCD/MAIN_CODES/DB_single_concept_images_flux_generated/generated_images/hairdryer.png,hairdryer.png,2.5,134,16.0,0.9,4,93.80175471305847,93.52781176567078,100.0,4.0
154,/home/jihoon/jihoon/RVCD/MAIN_CODES/DB_single_concept_images_flux_generated/generated_images/hairdryer.png,hairdryer.png,3.0,112,11.11111111111111,0.9,4,93.80175471305847,94.28200721740723,100.0,4.0
155,/home/jihoon/jihoon/RVCD/MAIN_CODES/DB_single_concept_images_flux_generated/generated_images/hamburger.png,hamburger.png,1.0,336,100.0,0.9,4,92.67657995223999,92.67657995223999,100.0,4.0
155,/home/jihoon/jihoon/RVCD/MAIN_CODES/DB_single_concept_images_flux_generated/generated_images/hamburger.png,hamburger.png,1.5,224,44.44444444444444,0.9,4,92.67657995223999,93.06825995445251,100.0,4.0
155,/home/jihoon/jihoon/RVCD/MAIN_CODES/DB_single_concept_images_flux_generated/generated_images/hamburger.png,hamburger.png,2.0,168,25.0,0.9,4,92.67657995223999,95.74697613716125,100.0,4.0
155,/home/jihoon/jihoon/RVCD/MAIN_CODES/DB_single_concept_images_flux_generated/generated_images/hamburger.png,hamburger.png,2.5,134,16.0,0.9,4,92.67657995223999,95.276540517807,100.0,4.0
155,/home/jihoon/jihoon/RVCD/MAIN_CODES/DB_single_concept_images_flux_generated/generated_images/hamburger.png,hamburger.png,3.0,112,11.11111111111111,0.9,4,92.67657995223999,95.76873183250427,100.0,4.0
156,/home/jihoon/jihoon/RVCD/MAIN_CODES/DB_single_concept_images_flux_generated/generated_images/handbag.png,handbag.png,1.0,336,100.0,0.9,3,92.40655303001404,92.40655303001404,100.0,3.0
156,/home/jihoon/jihoon/RVCD/MAIN_CODES/DB_single_concept_images_flux_generated/generated_images/handbag.png,handbag.png,1.5,224,44.44444444444444,0.9,3,92.40655303001404,93.34418177604675,100.0,3.0
156,/home/jihoon/jihoon/RVCD/MAIN_CODES/DB_single_concept_images_flux_generated/generated_images/handbag.png,handbag.png,2.0,168,25.0,0.9,3,92.40655303001404,92.87186861038208,100.0,3.0
156,/home/jihoon/jihoon/RVCD/MAIN_CODES/DB_single_concept_images_flux_generated/generated_images/handbag.png,handbag.png,2.5,134,16.0,0.9,3,92.40655303001404,93.03070306777954,100.0,3.0
156,/home/jihoon/jihoon/RVCD/MAIN_CODES/DB_single_concept_images_flux_generated/generated_images/handbag.png,handbag.png,3.0,112,11.11111111111111,0.9,3,92.40655303001404,92.57876873016357,100.0,3.0
157,/home/jihoon/jihoon/RVCD/MAIN_CODES/DB_single_concept_images_flux_generated/generated_images/hatchback.png,hatchback.png,1.0,336,100.0,0.9,1,91.9790506362915,91.9790506362915,100.0,1.0
157,/home/jihoon/jihoon/RVCD/MAIN_CODES/DB_single_concept_images_flux_generated/generated_images/hatchback.png,hatchback.png,1.5,224,44.44444444444444,0.9,1,91.9790506362915,92.24439859390259,100.0,1.0
157,/home/jihoon/jihoon/RVCD/MAIN_CODES/DB_single_concept_images_flux_generated/generated_images/hatchback.png,hatchback.png,2.0,168,25.0,0.9,1,91.9790506362915,95.17931342124939,100.0,1.0
157,/home/jihoon/jihoon/RVCD/MAIN_CODES/DB_single_concept_images_flux_generated/generated_images/hatchback.png,hatchback.png,2.5,134,16.0,0.9,1,91.9790506362915,95.53765058517456,100.0,1.0
157,/home/jihoon/jihoon/RVCD/MAIN_CODES/DB_single_concept_images_flux_generated/generated_images/hatchback.png,hatchback.png,3.0,112,11.11111111111111,0.9,1,91.9790506362915,96.90302610397339,100.0,1.0
158,/home/jihoon/jihoon/RVCD/MAIN_CODES/DB_single_concept_images_flux_generated/generated_images/hauler.png,hauler.png,1.0,336,100.0,0.9,1,90.60465097427368,90.60465097427368,100.0,1.0
158,/home/jihoon/jihoon/RVCD/MAIN_CODES/DB_single_concept_images_flux_generated/generated_images/hauler.png,hauler.png,1.5,224,44.44444444444444,0.9,1,90.60465097427368,90.10433554649353,100.0,1.0
158,/home/jihoon/jihoon/RVCD/MAIN_CODES/DB_single_concept_images_flux_generated/generated_images/hauler.png,hauler.png,2.0,168,25.0,0.9,1,90.60465097427368,91.48380756378174,100.0,1.0
158,/home/jihoon/jihoon/RVCD/MAIN_CODES/DB_single_concept_images_flux_generated/generated_images/hauler.png,hauler.png,2.5,134,16.0,0.9,1,90.60465097427368,91.60031080245972,100.0,1.0
158,/home/jihoon/jihoon/RVCD/MAIN_CODES/DB_single_concept_images_flux_generated/generated_images/hauler.png,hauler.png,3.0,112,11.11111111111111,0.9,1,90.60465097427368,91.63320064544678,100.0,1.0
159,/home/jihoon/jihoon/RVCD/MAIN_CODES/DB_single_concept_images_flux_generated/generated_images/heifer.png,heifer.png,1.0,336,100.0,0.9,2,95.4126238822937,95.4126238822937,100.0,2.0
159,/home/jihoon/jihoon/RVCD/MAIN_CODES/DB_single_concept_images_flux_generated/generated_images/heifer.png,heifer.png,1.5,224,44.44444444444444,0.9,2,95.4126238822937,96.27372026443481,100.0,2.0
159,/home/jihoon/jihoon/RVCD/MAIN_CODES/DB_single_concept_images_flux_generated/generated_images/heifer.png,heifer.png,2.0,168,25.0,0.9,2,95.4126238822937,95.67561149597168,100.0,2.0
159,/home/jihoon/jihoon/RVCD/MAIN_CODES/DB_single_concept_images_flux_generated/generated_images/heifer.png,heifer.png,2.5,134,16.0,0.9,2,95.4126238822937,95.24632692337036,100.0,2.0
159,/home/jihoon/jihoon/RVCD/MAIN_CODES/DB_single_concept_images_flux_generated/generated_images/heifer.png,heifer.png,3.0,112,11.11111111111111,0.9,2,95.4126238822937,95.34281492233276,100.0,2.0
160,/home/jihoon/jihoon/RVCD/MAIN_CODES/DB_single_concept_images_flux_generated/generated_images/heron.png,heron.png,1.0,336,100.0,0.9,3,90.07517099380493,90.07517099380493,100.0,3.0
160,/home/jihoon/jihoon/RVCD/MAIN_CODES/DB_single_concept_images_flux_generated/generated_images/heron.png,heron.png,1.5,224,44.44444444444444,0.9,3,90.07517099380493,92.2156810760498,100.0,3.0
160,/home/jihoon/jihoon/RVCD/MAIN_CODES/DB_single_concept_images_flux_generated/generated_images/heron.png,heron.png,2.0,168,25.0,0.9,3,90.07517099380493,91.62889122962952,100.0,3.0
160,/home/jihoon/jihoon/RVCD/MAIN_CODES/DB_single_concept_images_flux_generated/generated_images/heron.png,heron.png,2.5,134,16.0,0.9,3,90.07517099380493,91.15942120552063,100.0,3.0
160,/home/jihoon/jihoon/RVCD/MAIN_CODES/DB_single_concept_images_flux_generated/generated_images/heron.png,heron.png,3.0,112,11.11111111111111,0.9,3,90.07517099380493,90.98967909812927,100.0,3.0
161,/home/jihoon/jihoon/RVCD/MAIN_CODES/DB_single_concept_images_flux_generated/generated_images/holstein.png,holstein.png,1.0,336,100.0,0.9,1,97.69377708435059,97.69377708435059,100.0,1.0
161,/home/jihoon/jihoon/RVCD/MAIN_CODES/DB_single_concept_images_flux_generated/generated_images/holstein.png,holstein.png,1.5,224,44.44444444444444,0.9,1,97.69377708435059,98.01782965660095,100.0,1.0
161,/home/jihoon/jihoon/RVCD/MAIN_CODES/DB_single_concept_images_flux_generated/generated_images/holstein.png,holstein.png,2.0,168,25.0,0.9,1,97.69377708435059,98.15173745155334,100.0,1.0
161,/home/jihoon/jihoon/RVCD/MAIN_CODES/DB_single_concept_images_flux_generated/generated_images/holstein.png,holstein.png,2.5,134,16.0,0.9,1,97.69377708435059,97.93553948402405,100.0,1.0
161,/home/jihoon/jihoon/RVCD/MAIN_CODES/DB_single_concept_images_flux_generated/generated_images/holstein.png,holstein.png,3.0,112,11.11111111111111,0.9,1,97.69377708435059,98.03560972213745,100.0,1.0
162,/home/jihoon/jihoon/RVCD/MAIN_CODES/DB_single_concept_images_flux_generated/generated_images/horse.png,horse.png,1.0,336,100.0,0.9,1,97.95455932617188,97.95455932617188,100.0,1.0
162,/home/jihoon/jihoon/RVCD/MAIN_CODES/DB_single_concept_images_flux_generated/generated_images/horse.png,horse.png,1.5,224,44.44444444444444,0.9,1,97.95455932617188,98.10460805892944,100.0,1.0
162,/home/jihoon/jihoon/RVCD/MAIN_CODES/DB_single_concept_images_flux_generated/generated_images/horse.png,horse.png,2.0,168,25.0,0.9,1,97.95455932617188,97.6230800151825,100.0,1.0
162,/home/jihoon/jihoon/RVCD/MAIN_CODES/DB_single_concept_images_flux_generated/generated_images/horse.png,horse.png,2.5,134,16.0,0.9,1,97.95455932617188,97.20013737678528,100.0,1.0
162,/home/jihoon/jihoon/RVCD/MAIN_CODES/DB_single_concept_images_flux_generated/generated_images/horse.png,horse.png,3.0,112,11.11111111111111,0.9,1,97.95455932617188,97.61053323745728,100.0,1.0
163,/home/jihoon/jihoon/RVCD/MAIN_CODES/DB_single_concept_images_flux_generated/generated_images/hot dog.png,hot dog.png,1.0,336,100.0,0.9,2,93.83070468902588,93.83070468902588,100.0,2.0
163,/home/jihoon/jihoon/RVCD/MAIN_CODES/DB_single_concept_images_flux_generated/generated_images/hot dog.png,hot dog.png,1.5,224,44.44444444444444,0.9,2,93.83070468902588,95.36774158477783,100.0,2.0
163,/home/jihoon/jihoon/RVCD/MAIN_CODES/DB_single_concept_images_flux_generated/generated_images/hot dog.png,hot dog.png,2.0,168,25.0,0.9,2,93.83070468902588,94.2345380783081,100.0,2.0
163,/home/jihoon/jihoon/RVCD/MAIN_CODES/DB_single_concept_images_flux_generated/generated_images/hot dog.png,hot dog.png,2.5,134,16.0,0.9,2,93.83070468902588,94.80818510055542,100.0,2.0
163,/home/jihoon/jihoon/RVCD/MAIN_CODES/DB_single_concept_images_flux_generated/generated_images/hot dog.png,hot dog.png,3.0,112,11.11111111111111,0.9,2,93.83070468902588,93.73555779457092,100.0,2.0
164,/home/jihoon/jihoon/RVCD/MAIN_CODES/DB_single_concept_images_flux_generated/generated_images/hotdog.png,hotdog.png,1.0,336,100.0,0.9,2,93.83070468902588,93.83070468902588,100.0,2.0
164,/home/jihoon/jihoon/RVCD/MAIN_CODES/DB_single_concept_images_flux_generated/generated_images/hotdog.png,hotdog.png,1.5,224,44.44444444444444,0.9,2,93.83070468902588,95.36774158477783,100.0,2.0
164,/home/jihoon/jihoon/RVCD/MAIN_CODES/DB_single_concept_images_flux_generated/generated_images/hotdog.png,hotdog.png,2.0,168,25.0,0.9,2,93.83070468902588,94.2345380783081,100.0,2.0
164,/home/jihoon/jihoon/RVCD/MAIN_CODES/DB_single_concept_images_flux_generated/generated_images/hotdog.png,hotdog.png,2.5,134,16.0,0.9,2,93.83070468902588,94.80818510055542,100.0,2.0
164,/home/jihoon/jihoon/RVCD/MAIN_CODES/DB_single_concept_images_flux_generated/generated_images/hotdog.png,hotdog.png,3.0,112,11.11111111111111,0.9,2,93.83070468902588,93.73555779457092,100.0,2.0
165,/home/jihoon/jihoon/RVCD/MAIN_CODES/DB_single_concept_images_flux_generated/generated_images/hound.png,hound.png,1.0,336,100.0,0.9,1,94.56638097763062,94.56638097763062,100.0,1.0
165,/home/jihoon/jihoon/RVCD/MAIN_CODES/DB_single_concept_images_flux_generated/generated_images/hound.png,hound.png,1.5,224,44.44444444444444,0.9,1,94.56638097763062,95.42116522789001,100.0,1.0
165,/home/jihoon/jihoon/RVCD/MAIN_CODES/DB_single_concept_images_flux_generated/generated_images/hound.png,hound.png,2.0,168,25.0,0.9,1,94.56638097763062,95.48777937889099,100.0,1.0
165,/home/jihoon/jihoon/RVCD/MAIN_CODES/DB_single_concept_images_flux_generated/generated_images/hound.png,hound.png,2.5,134,16.0,0.9,1,94.56638097763062,94.01528835296631,100.0,1.0
165,/home/jihoon/jihoon/RVCD/MAIN_CODES/DB_single_concept_images_flux_generated/generated_images/hound.png,hound.png,3.0,112,11.11111111111111,0.9,1,94.56638097763062,94.5516586303711,100.0,1.0
166,/home/jihoon/jihoon/RVCD/MAIN_CODES/DB_single_concept_images_flux_generated/generated_images/houseboat.png,houseboat.png,1.0,336,100.0,0.9,3,91.5309727191925,91.5309727191925,100.0,3.0
166,/home/jihoon/jihoon/RVCD/MAIN_CODES/DB_single_concept_images_flux_generated/generated_images/houseboat.png,houseboat.png,1.5,224,44.44444444444444,0.9,3,91.5309727191925,92.72392392158508,100.0,3.0
166,/home/jihoon/jihoon/RVCD/MAIN_CODES/DB_single_concept_images_flux_generated/generated_images/houseboat.png,houseboat.png,2.0,168,25.0,0.9,3,91.5309727191925,93.25549006462097,100.0,3.0
166,/home/jihoon/jihoon/RVCD/MAIN_CODES/DB_single_concept_images_flux_generated/generated_images/houseboat.png,houseboat.png,2.5,134,16.0,0.9,3,91.5309727191925,92.30903387069702,100.0,3.0
166,/home/jihoon/jihoon/RVCD/MAIN_CODES/DB_single_concept_images_flux_generated/generated_images/houseboat.png,houseboat.png,3.0,112,11.11111111111111,0.9,3,91.5309727191925,92.26976037025452,100.0,3.0
167,/home/jihoon/jihoon/RVCD/MAIN_CODES/DB_single_concept_images_flux_generated/generated_images/houseplant.png,houseplant.png,1.0,336,100.0,0.9,4,90.20565152168274,90.20565152168274,100.0,4.0
167,/home/jihoon/jihoon/RVCD/MAIN_CODES/DB_single_concept_images_flux_generated/generated_images/houseplant.png,houseplant.png,1.5,224,44.44444444444444,0.9,4,90.20565152168274,88.13785910606384,75.0,3.0
167,/home/jihoon/jihoon/RVCD/MAIN_CODES/DB_single_concept_images_flux_generated/generated_images/houseplant.png,houseplant.png,2.0,168,25.0,0.9,4,90.20565152168274,88.95464539527893,75.0,3.0
167,/home/jihoon/jihoon/RVCD/MAIN_CODES/DB_single_concept_images_flux_generated/generated_images/houseplant.png,houseplant.png,2.5,134,16.0,0.9,4,90.20565152168274,88.67154121398926,50.0,2.0
167,/home/jihoon/jihoon/RVCD/MAIN_CODES/DB_single_concept_images_flux_generated/generated_images/houseplant.png,houseplant.png,3.0,112,11.11111111111111,0.9,4,90.20565152168274,88.29253315925598,50.0,2.0
168,/home/jihoon/jihoon/RVCD/MAIN_CODES/DB_single_concept_images_flux_generated/generated_images/hummingbird.png,hummingbird.png,1.0,336,100.0,0.9,3,91.16199612617493,91.16199612617493,100.0,3.0
168,/home/jihoon/jihoon/RVCD/MAIN_CODES/DB_single_concept_images_flux_generated/generated_images/hummingbird.png,hummingbird.png,1.5,224,44.44444444444444,0.9,3,91.16199612617493,92.70328283309937,100.0,3.0
168,/home/jihoon/jihoon/RVCD/MAIN_CODES/DB_single_concept_images_flux_generated/generated_images/hummingbird.png,hummingbird.png,2.0,168,25.0,0.9,3,91.16199612617493,92.78513193130493,100.0,3.0
168,/home/jihoon/jihoon/RVCD/MAIN_CODES/DB_single_concept_images_flux_generated/generated_images/hummingbird.png,hummingbird.png,2.5,134,16.0,0.9,3,91.16199612617493,90.85021018981934,100.0,3.0
168,/home/jihoon/jihoon/RVCD/MAIN_CODES/DB_single_concept_images_flux_generated/generated_images/hummingbird.png,hummingbird.png,3.0,112,11.11111111111111,0.9,3,91.16199612617493,90.99199771881104,100.0,3.0
169,/home/jihoon/jihoon/RVCD/MAIN_CODES/DB_single_concept_images_flux_generated/generated_images/hunter.png,hunter.png,1.0,336,100.0,0.9,5,90.02275466918945,90.02275466918945,100.0,5.0
169,/home/jihoon/jihoon/RVCD/MAIN_CODES/DB_single_concept_images_flux_generated/generated_images/hunter.png,hunter.png,1.5,224,44.44444444444444,0.9,5,90.02275466918945,68.82744431495667,40.0,2.0
169,/home/jihoon/jihoon/RVCD/MAIN_CODES/DB_single_concept_images_flux_generated/generated_images/hunter.png,hunter.png,2.0,168,25.0,0.9,5,90.02275466918945,55.60879111289978,20.0,1.0
169,/home/jihoon/jihoon/RVCD/MAIN_CODES/DB_single_concept_images_flux_generated/generated_images/hunter.png,hunter.png,2.5,134,16.0,0.9,5,90.02275466918945,30.907705426216125,20.0,1.0
169,/home/jihoon/jihoon/RVCD/MAIN_CODES/DB_single_concept_images_flux_generated/generated_images/hunter.png,hunter.png,3.0,112,11.11111111111111,0.9,5,90.02275466918945,23.213990032672882,20.0,1.0
170,/home/jihoon/jihoon/RVCD/MAIN_CODES/DB_single_concept_images_flux_generated/generated_images/husky.png,husky.png,1.0,336,100.0,0.9,1,91.58666133880615,91.58666133880615,100.0,1.0
170,/home/jihoon/jihoon/RVCD/MAIN_CODES/DB_single_concept_images_flux_generated/generated_images/husky.png,husky.png,1.5,224,44.44444444444444,0.9,1,91.58666133880615,91.44920110702515,100.0,1.0
170,/home/jihoon/jihoon/RVCD/MAIN_CODES/DB_single_concept_images_flux_generated/generated_images/husky.png,husky.png,2.0,168,25.0,0.9,1,91.58666133880615,90.18187522888184,100.0,1.0
170,/home/jihoon/jihoon/RVCD/MAIN_CODES/DB_single_concept_images_flux_generated/generated_images/husky.png,husky.png,2.5,134,16.0,0.9,1,91.58666133880615,88.40866088867188,100.0,1.0
170,/home/jihoon/jihoon/RVCD/MAIN_CODES/DB_single_concept_images_flux_generated/generated_images/husky.png,husky.png,3.0,112,11.11111111111111,0.9,1,91.58666133880615,86.46676540374756,100.0,1.0
171,/home/jihoon/jihoon/RVCD/MAIN_CODES/DB_single_concept_images_flux_generated/generated_images/hydrant.png,hydrant.png,1.0,336,100.0,0.9,2,95.94948291778564,95.94948291778564,100.0,2.0
171,/home/jihoon/jihoon/RVCD/MAIN_CODES/DB_single_concept_images_flux_generated/generated_images/hydrant.png,hydrant.png,1.5,224,44.44444444444444,0.9,2,95.94948291778564,95.44531106948853,100.0,2.0
171,/home/jihoon/jihoon/RVCD/MAIN_CODES/DB_single_concept_images_flux_generated/generated_images/hydrant.png,hydrant.png,2.0,168,25.0,0.9,2,95.94948291778564,95.8021879196167,100.0,2.0
171,/home/jihoon/jihoon/RVCD/MAIN_CODES/DB_single_concept_images_flux_generated/generated_images/hydrant.png,hydrant.png,2.5,134,16.0,0.9,2,95.94948291778564,94.99664306640625,100.0,2.0
171,/home/jihoon/jihoon/RVCD/MAIN_CODES/DB_single_concept_images_flux_generated/generated_images/hydrant.png,hydrant.png,3.0,112,11.11111111111111,0.9,2,95.94948291778564,95.50471305847168,100.0,2.0
172,/home/jihoon/jihoon/RVCD/MAIN_CODES/DB_single_concept_images_flux_generated/generated_images/iPhone.png,iPhone.png,1.0,336,100.0,0.9,3,90.03468751907349,90.03468751907349,100.0,3.0
172,/home/jihoon/jihoon/RVCD/MAIN_CODES/DB_single_concept_images_flux_generated/generated_images/iPhone.png,iPhone.png,1.5,224,44.44444444444444,0.9,3,90.03468751907349,91.98105931282043,100.0,3.0
172,/home/jihoon/jihoon/RVCD/MAIN_CODES/DB_single_concept_images_flux_generated/generated_images/iPhone.png,iPhone.png,2.0,168,25.0,0.9,3,90.03468751907349,94.16914582252502,100.0,3.0
172,/home/jihoon/jihoon/RVCD/MAIN_CODES/DB_single_concept_images_flux_generated/generated_images/iPhone.png,iPhone.png,2.5,134,16.0,0.9,3,90.03468751907349,92.21080541610718,66.66666666666667,2.0
172,/home/jihoon/jihoon/RVCD/MAIN_CODES/DB_single_concept_images_flux_generated/generated_images/iPhone.png,iPhone.png,3.0,112,11.11111111111111,0.9,3,90.03468751907349,93.11708211898804,66.66666666666667,2.0
173,/home/jihoon/jihoon/RVCD/MAIN_CODES/DB_single_concept_images_flux_generated/generated_images/jeep.png,jeep.png,1.0,336,100.0,0.9,2,91.54248833656311,91.54248833656311,100.0,2.0
173,/home/jihoon/jihoon/RVCD/MAIN_CODES/DB_single_concept_images_flux_generated/generated_images/jeep.png,jeep.png,1.5,224,44.44444444444444,0.9,2,91.54248833656311,93.1312620639801,100.0,2.0
173,/home/jihoon/jihoon/RVCD/MAIN_CODES/DB_single_concept_images_flux_generated/generated_images/jeep.png,jeep.png,2.0,168,25.0,0.9,2,91.54248833656311,92.91823506355286,100.0,2.0
173,/home/jihoon/jihoon/RVCD/MAIN_CODES/DB_single_concept_images_flux_generated/generated_images/jeep.png,jeep.png,2.5,134,16.0,0.9,2,91.54248833656311,89.3064558506012,100.0,2.0
173,/home/jihoon/jihoon/RVCD/MAIN_CODES/DB_single_concept_images_flux_generated/generated_images/jeep.png,jeep.png,3.0,112,11.11111111111111,0.9,2,91.54248833656311,89.56654071807861,100.0,2.0
174,/home/jihoon/jihoon/RVCD/MAIN_CODES/DB_single_concept_images_flux_generated/generated_images/jet.png,jet.png,1.0,336,100.0,0.9,3,90.5668318271637,90.5668318271637,100.0,3.0
174,/home/jihoon/jihoon/RVCD/MAIN_CODES/DB_single_concept_images_flux_generated/generated_images/jet.png,jet.png,1.5,224,44.44444444444444,0.9,3,90.5668318271637,90.64869284629822,100.0,3.0
174,/home/jihoon/jihoon/RVCD/MAIN_CODES/DB_single_concept_images_flux_generated/generated_images/jet.png,jet.png,2.0,168,25.0,0.9,3,90.5668318271637,91.00143313407898,100.0,3.0
174,/home/jihoon/jihoon/RVCD/MAIN_CODES/DB_single_concept_images_flux_generated/generated_images/jet.png,jet.png,2.5,134,16.0,0.9,3,90.5668318271637,91.014564037323,100.0,3.0
174,/home/jihoon/jihoon/RVCD/MAIN_CODES/DB_single_concept_images_flux_generated/generated_images/jet.png,jet.png,3.0,112,11.11111111111111,0.9,3,90.5668318271637,90.65945148468018,100.0,3.0
175,/home/jihoon/jihoon/RVCD/MAIN_CODES/DB_single_concept_images_flux_generated/generated_images/jetliner.png,jetliner.png,1.0,336,100.0,0.9,3,96.88360095024109,96.88360095024109,100.0,3.0
175,/home/jihoon/jihoon/RVCD/MAIN_CODES/DB_single_concept_images_flux_generated/generated_images/jetliner.png,jetliner.png,1.5,224,44.44444444444444,0.9,3,96.88360095024109,97.31365442276001,100.0,3.0
175,/home/jihoon/jihoon/RVCD/MAIN_CODES/DB_single_concept_images_flux_generated/generated_images/jetliner.png,jetliner.png,2.0,168,25.0,0.9,3,96.88360095024109,97.25083708763123,100.0,3.0
175,/home/jihoon/jihoon/RVCD/MAIN_CODES/DB_single_concept_images_flux_generated/generated_images/jetliner.png,jetliner.png,2.5,134,16.0,0.9,3,96.88360095024109,97.09261059761047,100.0,3.0
175,/home/jihoon/jihoon/RVCD/MAIN_CODES/DB_single_concept_images_flux_generated/generated_images/jetliner.png,jetliner.png,3.0,112,11.11111111111111,0.9,3,96.88360095024109,97.3598837852478,100.0,3.0
176,/home/jihoon/jihoon/RVCD/MAIN_CODES/DB_single_concept_images_flux_generated/generated_images/kayak.png,kayak.png,1.0,336,100.0,0.9,3,95.02332806587219,95.02332806587219,100.0,3.0
176,/home/jihoon/jihoon/RVCD/MAIN_CODES/DB_single_concept_images_flux_generated/generated_images/kayak.png,kayak.png,1.5,224,44.44444444444444,0.9,3,95.02332806587219,93.82249116897583,100.0,3.0
176,/home/jihoon/jihoon/RVCD/MAIN_CODES/DB_single_concept_images_flux_generated/generated_images/kayak.png,kayak.png,2.0,168,25.0,0.9,3,95.02332806587219,92.77251958847046,100.0,3.0
176,/home/jihoon/jihoon/RVCD/MAIN_CODES/DB_single_concept_images_flux_generated/generated_images/kayak.png,kayak.png,2.5,134,16.0,0.9,3,95.02332806587219,93.34236979484558,100.0,3.0
176,/home/jihoon/jihoon/RVCD/MAIN_CODES/DB_single_concept_images_flux_generated/generated_images/kayak.png,kayak.png,3.0,112,11.11111111111111,0.9,3,95.02332806587219,92.86446571350098,100.0,3.0
177,/home/jihoon/jihoon/RVCD/MAIN_CODES/DB_single_concept_images_flux_generated/generated_images/keyboard.png,keyboard.png,1.0,336,100.0,0.9,1,95.02385258674622,95.02385258674622,100.0,1.0
177,/home/jihoon/jihoon/RVCD/MAIN_CODES/DB_single_concept_images_flux_generated/generated_images/keyboard.png,keyboard.png,1.5,224,44.44444444444444,0.9,1,95.02385258674622,96.74426317214966,100.0,1.0
177,/home/jihoon/jihoon/RVCD/MAIN_CODES/DB_single_concept_images_flux_generated/generated_images/keyboard.png,keyboard.png,2.0,168,25.0,0.9,1,95.02385258674622,96.6266393661499,100.0,1.0
177,/home/jihoon/jihoon/RVCD/MAIN_CODES/DB_single_concept_images_flux_generated/generated_images/keyboard.png,keyboard.png,2.5,134,16.0,0.9,1,95.02385258674622,95.27767896652222,100.0,1.0
177,/home/jihoon/jihoon/RVCD/MAIN_CODES/DB_single_concept_images_flux_generated/generated_images/keyboard.png,keyboard.png,3.0,112,11.11111111111111,0.9,1,95.02385258674622,93.84293556213379,100.0,1.0
178,/home/jihoon/jihoon/RVCD/MAIN_CODES/DB_single_concept_images_flux_generated/generated_images/kid.png,kid.png,1.0,336,100.0,0.9,6,91.7351484298706,91.7351484298706,100.0,6.0
178,/home/jihoon/jihoon/RVCD/MAIN_CODES/DB_single_concept_images_flux_generated/generated_images/kid.png,kid.png,1.5,224,44.44444444444444,0.9,6,91.7351484298706,94.73422169685364,100.0,6.0
178,/home/jihoon/jihoon/RVCD/MAIN_CODES/DB_single_concept_images_flux_generated/generated_images/kid.png,kid.png,2.0,168,25.0,0.9,6,91.7351484298706,94.90301012992859,100.0,6.0
178,/home/jihoon/jihoon/RVCD/MAIN_CODES/DB_single_concept_images_flux_generated/generated_images/kid.png,kid.png,2.5,134,16.0,0.9,6,91.7351484298706,95.565927028656,100.0,6.0
178,/home/jihoon/jihoon/RVCD/MAIN_CODES/DB_single_concept_images_flux_generated/generated_images/kid.png,kid.png,3.0,112,11.11111111111111,0.9,6,91.7351484298706,94.68749165534973,100.0,6.0
179,/home/jihoon/jihoon/RVCD/MAIN_CODES/DB_single_concept_images_flux_generated/generated_images/kingfisher.png,kingfisher.png,1.0,336,100.0,0.9,2,94.8082983493805,94.8082983493805,100.0,2.0
179,/home/jihoon/jihoon/RVCD/MAIN_CODES/DB_single_concept_images_flux_generated/generated_images/kingfisher.png,kingfisher.png,1.5,224,44.44444444444444,0.9,2,94.8082983493805,94.43360567092896,100.0,2.0
179,/home/jihoon/jihoon/RVCD/MAIN_CODES/DB_single_concept_images_flux_generated/generated_images/kingfisher.png,kingfisher.png,2.0,168,25.0,0.9,2,94.8082983493805,94.42641735076904,100.0,2.0
179,/home/jihoon/jihoon/RVCD/MAIN_CODES/DB_single_concept_images_flux_generated/generated_images/kingfisher.png,kingfisher.png,2.5,134,16.0,0.9,2,94.8082983493805,91.85619950294495,100.0,2.0
179,/home/jihoon/jihoon/RVCD/MAIN_CODES/DB_single_concept_images_flux_generated/generated_images/kingfisher.png,kingfisher.png,3.0,112,11.11111111111111,0.9,2,94.8082983493805,91.74559116363525,100.0,2.0
180,/home/jihoon/jihoon/RVCD/MAIN_CODES/DB_single_concept_images_flux_generated/generated_images/kite.png,kite.png,1.0,336,100.0,0.9,2,93.89081597328186,93.89081597328186,100.0,2.0
180,/home/jihoon/jihoon/RVCD/MAIN_CODES/DB_single_concept_images_flux_generated/generated_images/kite.png,kite.png,1.5,224,44.44444444444444,0.9,2,93.89081597328186,92.43347644805908,100.0,2.0
180,/home/jihoon/jihoon/RVCD/MAIN_CODES/DB_single_concept_images_flux_generated/generated_images/kite.png,kite.png,2.0,168,25.0,0.9,2,93.89081597328186,92.61742830276489,100.0,2.0
180,/home/jihoon/jihoon/RVCD/MAIN_CODES/DB_single_concept_images_flux_generated/generated_images/kite.png,kite.png,2.5,134,16.0,0.9,2,93.89081597328186,94.27427053451538,100.0,2.0
180,/home/jihoon/jihoon/RVCD/MAIN_CODES/DB_single_concept_images_flux_generated/generated_images/kite.png,kite.png,3.0,112,11.11111111111111,0.9,2,93.89081597328186,92.26418137550354,100.0,2.0
181,/home/jihoon/jihoon/RVCD/MAIN_CODES/DB_single_concept_images_flux_generated/generated_images/kitten.png,kitten.png,1.0,336,100.0,0.9,2,96.59363031387329,96.59363031387329,100.0,2.0
181,/home/jihoon/jihoon/RVCD/MAIN_CODES/DB_single_concept_images_flux_generated/generated_images/kitten.png,kitten.png,1.5,224,44.44444444444444,0.9,2,96.59363031387329,97.3713219165802,100.0,2.0
181,/home/jihoon/jihoon/RVCD/MAIN_CODES/DB_single_concept_images_flux_generated/generated_images/kitten.png,kitten.png,2.0,168,25.0,0.9,2,96.59363031387329,97.15689420700073,100.0,2.0
181,/home/jihoon/jihoon/RVCD/MAIN_CODES/DB_single_concept_images_flux_generated/generated_images/kitten.png,kitten.png,2.5,134,16.0,0.9,2,96.59363031387329,96.52376770973206,100.0,2.0
181,/home/jihoon/jihoon/RVCD/MAIN_CODES/DB_single_concept_images_flux_generated/generated_images/kitten.png,kitten.png,3.0,112,11.11111111111111,0.9,2,96.59363031387329,96.60071134567261,100.0,2.0
182,/home/jihoon/jihoon/RVCD/MAIN_CODES/DB_single_concept_images_flux_generated/generated_images/knapsack.png,knapsack.png,1.0,336,100.0,0.9,1,93.55833530426025,93.55833530426025,100.0,1.0
182,/home/jihoon/jihoon/RVCD/MAIN_CODES/DB_single_concept_images_flux_generated/generated_images/knapsack.png,knapsack.png,1.5,224,44.44444444444444,0.9,1,93.55833530426025,95.12060284614563,100.0,1.0
182,/home/jihoon/jihoon/RVCD/MAIN_CODES/DB_single_concept_images_flux_generated/generated_images/knapsack.png,knapsack.png,2.0,168,25.0,0.9,1,93.55833530426025,93.68947744369507,100.0,1.0
182,/home/jihoon/jihoon/RVCD/MAIN_CODES/DB_single_concept_images_flux_generated/generated_images/knapsack.png,knapsack.png,2.5,134,16.0,0.9,1,93.55833530426025,92.8608775138855,100.0,1.0
182,/home/jihoon/jihoon/RVCD/MAIN_CODES/DB_single_concept_images_flux_generated/generated_images/knapsack.png,knapsack.png,3.0,112,11.11111111111111,0.9,1,93.55833530426025,90.68666100502014,100.0,1.0
183,/home/jihoon/jihoon/RVCD/MAIN_CODES/DB_single_concept_images_flux_generated/generated_images/knife.png,knife.png,1.0,336,100.0,0.9,1,93.53022575378418,93.53022575378418,100.0,1.0
183,/home/jihoon/jihoon/RVCD/MAIN_CODES/DB_single_concept_images_flux_generated/generated_images/knife.png,knife.png,1.5,224,44.44444444444444,0.9,1,93.53022575378418,93.34813356399536,100.0,1.0
183,/home/jihoon/jihoon/RVCD/MAIN_CODES/DB_single_concept_images_flux_generated/generated_images/knife.png,knife.png,2.0,168,25.0,0.9,1,93.53022575378418,94.09800171852112,100.0,1.0
183,/home/jihoon/jihoon/RVCD/MAIN_CODES/DB_single_concept_images_flux_generated/generated_images/knife.png,knife.png,2.5,134,16.0,0.9,1,93.53022575378418,93.05168986320496,100.0,1.0
183,/home/jihoon/jihoon/RVCD/MAIN_CODES/DB_single_concept_images_flux_generated/generated_images/knife.png,knife.png,3.0,112,11.11111111111111,0.9,1,93.53022575378418,93.54833960533142,100.0,1.0
184,/home/jihoon/jihoon/RVCD/MAIN_CODES/DB_single_concept_images_flux_generated/generated_images/knive.png,knive.png,1.0,336,100.0,0.9,1,94.55692172050476,94.55692172050476,100.0,1.0
184,/home/jihoon/jihoon/RVCD/MAIN_CODES/DB_single_concept_images_flux_generated/generated_images/knive.png,knive.png,1.5,224,44.44444444444444,0.9,1,94.55692172050476,92.5122857093811,100.0,1.0
184,/home/jihoon/jihoon/RVCD/MAIN_CODES/DB_single_concept_images_flux_generated/generated_images/knive.png,knive.png,2.0,168,25.0,0.9,1,94.55692172050476,92.70328283309937,100.0,1.0
184,/home/jihoon/jihoon/RVCD/MAIN_CODES/DB_single_concept_images_flux_generated/generated_images/knive.png,knive.png,2.5,134,16.0,0.9,1,94.55692172050476,92.76067018508911,100.0,1.0
184,/home/jihoon/jihoon/RVCD/MAIN_CODES/DB_single_concept_images_flux_generated/generated_images/knive.png,knive.png,3.0,112,11.11111111111111,0.9,1,94.55692172050476,93.56222152709961,100.0,1.0
185,/home/jihoon/jihoon/RVCD/MAIN_CODES/DB_single_concept_images_flux_generated/generated_images/labrador.png,labrador.png,1.0,336,100.0,0.9,1,91.38080477714539,91.38080477714539,100.0,1.0
185,/home/jihoon/jihoon/RVCD/MAIN_CODES/DB_single_concept_images_flux_generated/generated_images/labrador.png,labrador.png,1.5,224,44.44444444444444,0.9,1,91.38080477714539,92.50088334083557,100.0,1.0
185,/home/jihoon/jihoon/RVCD/MAIN_CODES/DB_single_concept_images_flux_generated/generated_images/labrador.png,labrador.png,2.0,168,25.0,0.9,1,91.38080477714539,90.69225192070007,100.0,1.0
185,/home/jihoon/jihoon/RVCD/MAIN_CODES/DB_single_concept_images_flux_generated/generated_images/labrador.png,labrador.png,2.5,134,16.0,0.9,1,91.38080477714539,89.29076194763184,100.0,1.0
185,/home/jihoon/jihoon/RVCD/MAIN_CODES/DB_single_concept_images_flux_generated/generated_images/labrador.png,labrador.png,3.0,112,11.11111111111111,0.9,1,91.38080477714539,90.48075079917908,100.0,1.0
186,/home/jihoon/jihoon/RVCD/MAIN_CODES/DB_single_concept_images_flux_generated/generated_images/lady.png,lady.png,1.0,336,100.0,0.9,19,90.2260959148407,90.2260959148407,100.0,19.0
186,/home/jihoon/jihoon/RVCD/MAIN_CODES/DB_single_concept_images_flux_generated/generated_images/lady.png,lady.png,1.5,224,44.44444444444444,0.9,19,90.2260959148407,77.14655995368958,78.94736842105263,15.0
186,/home/jihoon/jihoon/RVCD/MAIN_CODES/DB_single_concept_images_flux_generated/generated_images/lady.png,lady.png,2.0,168,25.0,0.9,19,90.2260959148407,76.6805350780487,78.94736842105263,15.0
186,/home/jihoon/jihoon/RVCD/MAIN_CODES/DB_single_concept_images_flux_generated/generated_images/lady.png,lady.png,2.5,134,16.0,0.9,19,90.2260959148407,83.25246572494507,63.1578947368421,12.0
186,/home/jihoon/jihoon/RVCD/MAIN_CODES/DB_single_concept_images_flux_generated/generated_images/lady.png,lady.png,3.0,112,11.11111111111111,0.9,19,90.2260959148407,76.95790529251099,47.36842105263158,9.0
187,/home/jihoon/jihoon/RVCD/MAIN_CODES/DB_single_concept_images_flux_generated/generated_images/lamb.png,lamb.png,1.0,336,100.0,0.9,2,92.05415844917297,92.05415844917297,100.0,2.0
187,/home/jihoon/jihoon/RVCD/MAIN_CODES/DB_single_concept_images_flux_generated/generated_images/lamb.png,lamb.png,1.5,224,44.44444444444444,0.9,2,92.05415844917297,92.74890422821045,100.0,2.0
187,/home/jihoon/jihoon/RVCD/MAIN_CODES/DB_single_concept_images_flux_generated/generated_images/lamb.png,lamb.png,2.0,168,25.0,0.9,2,92.05415844917297,90.52996635437012,100.0,2.0
187,/home/jihoon/jihoon/RVCD/MAIN_CODES/DB_single_concept_images_flux_generated/generated_images/lamb.png,lamb.png,2.5,134,16.0,0.9,2,92.05415844917297,90.90760946273804,100.0,2.0
187,/home/jihoon/jihoon/RVCD/MAIN_CODES/DB_single_concept_images_flux_generated/generated_images/lamb.png,lamb.png,3.0,112,11.11111111111111,0.9,2,92.05415844917297,91.22493863105774,100.0,2.0
188,/home/jihoon/jihoon/RVCD/MAIN_CODES/DB_single_concept_images_flux_generated/generated_images/laptop computer.png,laptop computer.png,1.0,336,100.0,0.9,3,94.0226137638092,94.0226137638092,100.0,3.0
188,/home/jihoon/jihoon/RVCD/MAIN_CODES/DB_single_concept_images_flux_generated/generated_images/laptop computer.png,laptop computer.png,1.5,224,44.44444444444444,0.9,3,94.0226137638092,94.5808470249176,66.66666666666667,2.0
188,/home/jihoon/jihoon/RVCD/MAIN_CODES/DB_single_concept_images_flux_generated/generated_images/laptop computer.png,laptop computer.png,2.0,168,25.0,0.9,3,94.0226137638092,96.56803011894226,100.0,3.0
188,/home/jihoon/jihoon/RVCD/MAIN_CODES/DB_single_concept_images_flux_generated/generated_images/laptop computer.png,laptop computer.png,2.5,134,16.0,0.9,3,94.0226137638092,96.77586555480957,100.0,3.0
188,/home/jihoon/jihoon/RVCD/MAIN_CODES/DB_single_concept_images_flux_generated/generated_images/laptop computer.png,laptop computer.png,3.0,112,11.11111111111111,0.9,3,94.0226137638092,96.89601063728333,100.0,3.0
189,/home/jihoon/jihoon/RVCD/MAIN_CODES/DB_single_concept_images_flux_generated/generated_images/laptop.png,laptop.png,1.0,336,100.0,0.9,3,94.02053356170654,94.02053356170654,100.0,3.0
189,/home/jihoon/jihoon/RVCD/MAIN_CODES/DB_single_concept_images_flux_generated/generated_images/laptop.png,laptop.png,1.5,224,44.44444444444444,0.9,3,94.02053356170654,94.68047618865967,66.66666666666667,2.0
189,/home/jihoon/jihoon/RVCD/MAIN_CODES/DB_single_concept_images_flux_generated/generated_images/laptop.png,laptop.png,2.0,168,25.0,0.9,3,94.02053356170654,95.37054896354675,66.66666666666667,2.0
189,/home/jihoon/jihoon/RVCD/MAIN_CODES/DB_single_concept_images_flux_generated/generated_images/laptop.png,laptop.png,2.5,134,16.0,0.9,3,94.02053356170654,96.47156596183777,100.0,3.0
189,/home/jihoon/jihoon/RVCD/MAIN_CODES/DB_single_concept_images_flux_generated/generated_images/laptop.png,laptop.png,3.0,112,11.11111111111111,0.9,3,94.02053356170654,96.4231550693512,100.0,3.0
190,/home/jihoon/jihoon/RVCD/MAIN_CODES/DB_single_concept_images_flux_generated/generated_images/laptopcomputer.png,laptopcomputer.png,1.0,336,100.0,0.9,3,94.0226137638092,94.0226137638092,100.0,3.0
190,/home/jihoon/jihoon/RVCD/MAIN_CODES/DB_single_concept_images_flux_generated/generated_images/laptopcomputer.png,laptopcomputer.png,1.5,224,44.44444444444444,0.9,3,94.0226137638092,94.5808470249176,66.66666666666667,2.0
190,/home/jihoon/jihoon/RVCD/MAIN_CODES/DB_single_concept_images_flux_generated/generated_images/laptopcomputer.png,laptopcomputer.png,2.0,168,25.0,0.9,3,94.0226137638092,96.56803011894226,100.0,3.0
190,/home/jihoon/jihoon/RVCD/MAIN_CODES/DB_single_concept_images_flux_generated/generated_images/laptopcomputer.png,laptopcomputer.png,2.5,134,16.0,0.9,3,94.0226137638092,96.77586555480957,100.0,3.0
190,/home/jihoon/jihoon/RVCD/MAIN_CODES/DB_single_concept_images_flux_generated/generated_images/laptopcomputer.png,laptopcomputer.png,3.0,112,11.11111111111111,0.9,3,94.0226137638092,96.89601063728333,100.0,3.0
191,/home/jihoon/jihoon/RVCD/MAIN_CODES/DB_single_concept_images_flux_generated/generated_images/lavatory.png,lavatory.png,1.0,336,100.0,0.9,4,91.14577174186707,91.14577174186707,100.0,4.0
191,/home/jihoon/jihoon/RVCD/MAIN_CODES/DB_single_concept_images_flux_generated/generated_images/lavatory.png,lavatory.png,1.5,224,44.44444444444444,0.9,4,91.14577174186707,87.47692108154297,100.0,4.0
191,/home/jihoon/jihoon/RVCD/MAIN_CODES/DB_single_concept_images_flux_generated/generated_images/lavatory.png,lavatory.png,2.0,168,25.0,0.9,4,91.14577174186707,85.99660992622375,100.0,4.0
191,/home/jihoon/jihoon/RVCD/MAIN_CODES/DB_single_concept_images_flux_generated/generated_images/lavatory.png,lavatory.png,2.5,134,16.0,0.9,4,91.14577174186707,87.03166842460632,100.0,4.0
191,/home/jihoon/jihoon/RVCD/MAIN_CODES/DB_single_concept_images_flux_generated/generated_images/lavatory.png,lavatory.png,3.0,112,11.11111111111111,0.9,4,91.14577174186707,87.02888488769531,100.0,4.0
192,/home/jihoon/jihoon/RVCD/MAIN_CODES/DB_single_concept_images_flux_generated/generated_images/lenovo.png,lenovo.png,1.0,336,100.0,0.9,2,94.26006078720093,94.26006078720093,100.0,2.0
192,/home/jihoon/jihoon/RVCD/MAIN_CODES/DB_single_concept_images_flux_generated/generated_images/lenovo.png,lenovo.png,1.5,224,44.44444444444444,0.9,2,94.26006078720093,96.050626039505,100.0,2.0
192,/home/jihoon/jihoon/RVCD/MAIN_CODES/DB_single_concept_images_flux_generated/generated_images/lenovo.png,lenovo.png,2.0,168,25.0,0.9,2,94.26006078720093,93.00011396408081,100.0,2.0
192,/home/jihoon/jihoon/RVCD/MAIN_CODES/DB_single_concept_images_flux_generated/generated_images/lenovo.png,lenovo.png,2.5,134,16.0,0.9,2,94.26006078720093,93.00896525382996,100.0,2.0
192,/home/jihoon/jihoon/RVCD/MAIN_CODES/DB_single_concept_images_flux_generated/generated_images/lenovo.png,lenovo.png,3.0,112,11.11111111111111,0.9,2,94.26006078720093,95.1231598854065,100.0,2.0
193,/home/jihoon/jihoon/RVCD/MAIN_CODES/DB_single_concept_images_flux_generated/generated_images/lifeboat.png,lifeboat.png,1.0,336,100.0,0.9,6,90.90120196342468,90.90120196342468,100.0,6.0
193,/home/jihoon/jihoon/RVCD/MAIN_CODES/DB_single_concept_images_flux_generated/generated_images/lifeboat.png,lifeboat.png,1.5,224,44.44444444444444,0.9,6,90.90120196342468,90.38726091384888,100.0,6.0
193,/home/jihoon/jihoon/RVCD/MAIN_CODES/DB_single_concept_images_flux_generated/generated_images/lifeboat.png,lifeboat.png,2.0,168,25.0,0.9,6,90.90120196342468,89.15448784828186,100.0,6.0
193,/home/jihoon/jihoon/RVCD/MAIN_CODES/DB_single_concept_images_flux_generated/generated_images/lifeboat.png,lifeboat.png,2.5,134,16.0,0.9,6,90.90120196342468,88.15168738365173,100.0,6.0
193,/home/jihoon/jihoon/RVCD/MAIN_CODES/DB_single_concept_images_flux_generated/generated_images/lifeboat.png,lifeboat.png,3.0,112,11.11111111111111,0.9,6,90.90120196342468,87.7156674861908,100.0,6.0
194,/home/jihoon/jihoon/RVCD/MAIN_CODES/DB_single_concept_images_flux_generated/generated_images/limo.png,limo.png,1.0,336,100.0,0.9,2,94.38917636871338,94.38917636871338,100.0,2.0
194,/home/jihoon/jihoon/RVCD/MAIN_CODES/DB_single_concept_images_flux_generated/generated_images/limo.png,limo.png,1.5,224,44.44444444444444,0.9,2,94.38917636871338,94.36023235321045,100.0,2.0
194,/home/jihoon/jihoon/RVCD/MAIN_CODES/DB_single_concept_images_flux_generated/generated_images/limo.png,limo.png,2.0,168,25.0,0.9,2,94.38917636871338,94.52182054519653,100.0,2.0
194,/home/jihoon/jihoon/RVCD/MAIN_CODES/DB_single_concept_images_flux_generated/generated_images/limo.png,limo.png,2.5,134,16.0,0.9,2,94.38917636871338,95.12521028518677,100.0,2.0
194,/home/jihoon/jihoon/RVCD/MAIN_CODES/DB_single_concept_images_flux_generated/generated_images/limo.png,limo.png,3.0,112,11.11111111111111,0.9,2,94.38917636871338,96.35212421417236,100.0,2.0
195,/home/jihoon/jihoon/RVCD/MAIN_CODES/DB_single_concept_images_flux_generated/generated_images/limousine.png,limousine.png,1.0,336,100.0,0.9,2,94.08010244369507,94.08010244369507,100.0,2.0
195,/home/jihoon/jihoon/RVCD/MAIN_CODES/DB_single_concept_images_flux_generated/generated_images/limousine.png,limousine.png,1.5,224,44.44444444444444,0.9,2,94.08010244369507,93.43499541282654,100.0,2.0
195,/home/jihoon/jihoon/RVCD/MAIN_CODES/DB_single_concept_images_flux_generated/generated_images/limousine.png,limousine.png,2.0,168,25.0,0.9,2,94.08010244369507,91.64069890975952,100.0,2.0
195,/home/jihoon/jihoon/RVCD/MAIN_CODES/DB_single_concept_images_flux_generated/generated_images/limousine.png,limousine.png,2.5,134,16.0,0.9,2,94.08010244369507,91.82693362236023,100.0,2.0
195,/home/jihoon/jihoon/RVCD/MAIN_CODES/DB_single_concept_images_flux_generated/generated_images/limousine.png,limousine.png,3.0,112,11.11111111111111,0.9,2,94.08010244369507,94.26578283309937,100.0,2.0
196,/home/jihoon/jihoon/RVCD/MAIN_CODES/DB_single_concept_images_flux_generated/generated_images/liner.png,liner.png,1.0,336,100.0,0.9,34,90.01482725143433,90.01482725143433,100.0,34.0
196,/home/jihoon/jihoon/RVCD/MAIN_CODES/DB_single_concept_images_flux_generated/generated_images/liner.png,liner.png,1.5,224,44.44444444444444,0.9,34,90.01482725143433,91.34340286254883,82.3529411764706,28.000000000000004
196,/home/jihoon/jihoon/RVCD/MAIN_CODES/DB_single_concept_images_flux_generated/generated_images/liner.png,liner.png,2.0,168,25.0,0.9,34,90.01482725143433,92.09581017494202,70.58823529411765,24.0
196,/home/jihoon/jihoon/RVCD/MAIN_CODES/DB_single_concept_images_flux_generated/generated_images/liner.png,liner.png,2.5,134,16.0,0.9,34,90.01482725143433,91.28078818321228,64.70588235294117,21.999999999999996
196,/home/jihoon/jihoon/RVCD/MAIN_CODES/DB_single_concept_images_flux_generated/generated_images/liner.png,liner.png,3.0,112,11.11111111111111,0.9,34,90.01482725143433,90.78197479248047,61.76470588235294,21.0
197,/home/jihoon/jihoon/RVCD/MAIN_CODES/DB_single_concept_images_flux_generated/generated_images/locomotive.png,locomotive.png,1.0,336,100.0,0.9,2,94.74537372589111,94.74537372589111,100.0,2.0
197,/home/jihoon/jihoon/RVCD/MAIN_CODES/DB_single_concept_images_flux_generated/generated_images/locomotive.png,locomotive.png,1.5,224,44.44444444444444,0.9,2,94.74537372589111,94.84231472015381,100.0,2.0
197,/home/jihoon/jihoon/RVCD/MAIN_CODES/DB_single_concept_images_flux_generated/generated_images/locomotive.png,locomotive.png,2.0,168,25.0,0.9,2,94.74537372589111,95.08141279220581,100.0,2.0
197,/home/jihoon/jihoon/RVCD/MAIN_CODES/DB_single_concept_images_flux_generated/generated_images/locomotive.png,locomotive.png,2.5,134,16.0,0.9,2,94.74537372589111,94.08491253852844,100.0,2.0
197,/home/jihoon/jihoon/RVCD/MAIN_CODES/DB_single_concept_images_flux_generated/generated_images/locomotive.png,locomotive.png,3.0,112,11.11111111111111,0.9,2,94.74537372589111,94.1767692565918,100.0,2.0
198,/home/jihoon/jihoon/RVCD/MAIN_CODES/DB_single_concept_images_flux_generated/generated_images/longboard.png,longboard.png,1.0,336,100.0,0.9,1,96.57918214797974,96.57918214797974,100.0,1.0
198,/home/jihoon/jihoon/RVCD/MAIN_CODES/DB_single_concept_images_flux_generated/generated_images/longboard.png,longboard.png,1.5,224,44.44444444444444,0.9,1,96.57918214797974,96.30922675132751,100.0,1.0
198,/home/jihoon/jihoon/RVCD/MAIN_CODES/DB_single_concept_images_flux_generated/generated_images/longboard.png,longboard.png,2.0,168,25.0,0.9,1,96.57918214797974,95.41510343551636,100.0,1.0
198,/home/jihoon/jihoon/RVCD/MAIN_CODES/DB_single_concept_images_flux_generated/generated_images/longboard.png,longboard.png,2.5,134,16.0,0.9,1,96.57918214797974,95.82870602607727,100.0,1.0
198,/home/jihoon/jihoon/RVCD/MAIN_CODES/DB_single_concept_images_flux_generated/generated_images/longboard.png,longboard.png,3.0,112,11.11111111111111,0.9,1,96.57918214797974,95.85667252540588,100.0,1.0
199,/home/jihoon/jihoon/RVCD/MAIN_CODES/DB_single_concept_images_flux_generated/generated_images/loon.png,loon.png,1.0,336,100.0,0.9,3,90.65360426902771,90.65360426902771,100.0,3.0
199,/home/jihoon/jihoon/RVCD/MAIN_CODES/DB_single_concept_images_flux_generated/generated_images/loon.png,loon.png,1.5,224,44.44444444444444,0.9,3,90.65360426902771,91.91718101501465,100.0,3.0
199,/home/jihoon/jihoon/RVCD/MAIN_CODES/DB_single_concept_images_flux_generated/generated_images/loon.png,loon.png,2.0,168,25.0,0.9,3,90.65360426902771,90.86759090423584,66.66666666666667,2.0
199,/home/jihoon/jihoon/RVCD/MAIN_CODES/DB_single_concept_images_flux_generated/generated_images/loon.png,loon.png,2.5,134,16.0,0.9,3,90.65360426902771,88.90655636787415,66.66666666666667,2.0
199,/home/jihoon/jihoon/RVCD/MAIN_CODES/DB_single_concept_images_flux_generated/generated_images/loon.png,loon.png,3.0,112,11.11111111111111,0.9,3,90.65360426902771,92.40944385528564,66.66666666666667,2.0
200,/home/jihoon/jihoon/RVCD/MAIN_CODES/DB_single_concept_images_flux_generated/generated_images/lorikeet.png,lorikeet.png,1.0,336,100.0,0.9,2,94.04224157333374,94.04224157333374,100.0,2.0
200,/home/jihoon/jihoon/RVCD/MAIN_CODES/DB_single_concept_images_flux_generated/generated_images/lorikeet.png,lorikeet.png,1.5,224,44.44444444444444,0.9,2,94.04224157333374,95.26941180229187,100.0,2.0
200,/home/jihoon/jihoon/RVCD/MAIN_CODES/DB_single_concept_images_flux_generated/generated_images/lorikeet.png,lorikeet.png,2.0,168,25.0,0.9,2,94.04224157333374,93.98125410079956,100.0,2.0
200,/home/jihoon/jihoon/RVCD/MAIN_CODES/DB_single_concept_images_flux_generated/generated_images/lorikeet.png,lorikeet.png,2.5,134,16.0,0.9,2,94.04224157333374,92.57952570915222,100.0,2.0
200,/home/jihoon/jihoon/RVCD/MAIN_CODES/DB_single_concept_images_flux_generated/generated_images/lorikeet.png,lorikeet.png,3.0,112,11.11111111111111,0.9,2,94.04224157333374,94.17620301246643,100.0,2.0
201,/home/jihoon/jihoon/RVCD/MAIN_CODES/DB_single_concept_images_flux_generated/generated_images/lorry.png,lorry.png,1.0,336,100.0,0.9,3,93.69300603866577,93.69300603866577,100.0,3.0
201,/home/jihoon/jihoon/RVCD/MAIN_CODES/DB_single_concept_images_flux_generated/generated_images/lorry.png,lorry.png,1.5,224,44.44444444444444,0.9,3,93.69300603866577,95.64590454101562,100.0,3.0
201,/home/jihoon/jihoon/RVCD/MAIN_CODES/DB_single_concept_images_flux_generated/generated_images/lorry.png,lorry.png,2.0,168,25.0,0.9,3,93.69300603866577,95.32796740531921,100.0,3.0
201,/home/jihoon/jihoon/RVCD/MAIN_CODES/DB_single_concept_images_flux_generated/generated_images/lorry.png,lorry.png,2.5,134,16.0,0.9,3,93.69300603866577,94.96728181838989,100.0,3.0
201,/home/jihoon/jihoon/RVCD/MAIN_CODES/DB_single_concept_images_flux_generated/generated_images/lorry.png,lorry.png,3.0,112,11.11111111111111,0.9,3,93.69300603866577,94.77809071540833,100.0,3.0
202,/home/jihoon/jihoon/RVCD/MAIN_CODES/DB_single_concept_images_flux_generated/generated_images/loveseat.png,loveseat.png,1.0,336,100.0,0.9,3,95.17842531204224,95.17842531204224,100.0,3.0
202,/home/jihoon/jihoon/RVCD/MAIN_CODES/DB_single_concept_images_flux_generated/generated_images/loveseat.png,loveseat.png,1.5,224,44.44444444444444,0.9,3,95.17842531204224,95.07489204406738,100.0,3.0
202,/home/jihoon/jihoon/RVCD/MAIN_CODES/DB_single_concept_images_flux_generated/generated_images/loveseat.png,loveseat.png,2.0,168,25.0,0.9,3,95.17842531204224,96.01759910583496,100.0,3.0
202,/home/jihoon/jihoon/RVCD/MAIN_CODES/DB_single_concept_images_flux_generated/generated_images/loveseat.png,loveseat.png,2.5,134,16.0,0.9,3,95.17842531204224,95.57541608810425,100.0,3.0
202,/home/jihoon/jihoon/RVCD/MAIN_CODES/DB_single_concept_images_flux_generated/generated_images/loveseat.png,loveseat.png,3.0,112,11.11111111111111,0.9,3,95.17842531204224,95.91561555862427,100.0,3.0
203,/home/jihoon/jihoon/RVCD/MAIN_CODES/DB_single_concept_images_flux_generated/generated_images/luggage.png,luggage.png,1.0,336,100.0,0.9,2,95.23433446884155,95.23433446884155,100.0,2.0
203,/home/jihoon/jihoon/RVCD/MAIN_CODES/DB_single_concept_images_flux_generated/generated_images/luggage.png,luggage.png,1.5,224,44.44444444444444,0.9,2,95.23433446884155,96.12192511558533,100.0,2.0
203,/home/jihoon/jihoon/RVCD/MAIN_CODES/DB_single_concept_images_flux_generated/generated_images/luggage.png,luggage.png,2.0,168,25.0,0.9,2,95.23433446884155,96.01941108703613,100.0,2.0
203,/home/jihoon/jihoon/RVCD/MAIN_CODES/DB_single_concept_images_flux_generated/generated_images/luggage.png,luggage.png,2.5,134,16.0,0.9,2,95.23433446884155,96.04474306106567,100.0,2.0
203,/home/jihoon/jihoon/RVCD/MAIN_CODES/DB_single_concept_images_flux_generated/generated_images/luggage.png,luggage.png,3.0,112,11.11111111111111,0.9,2,95.23433446884155,96.16972804069519,100.0,2.0
204,/home/jihoon/jihoon/RVCD/MAIN_CODES/DB_single_concept_images_flux_generated/generated_images/macaw.png,macaw.png,1.0,336,100.0,0.9,2,90.66181182861328,90.66181182861328,100.0,2.0
204,/home/jihoon/jihoon/RVCD/MAIN_CODES/DB_single_concept_images_flux_generated/generated_images/macaw.png,macaw.png,1.5,224,44.44444444444444,0.9,2,90.66181182861328,91.45833253860474,100.0,2.0
204,/home/jihoon/jihoon/RVCD/MAIN_CODES/DB_single_concept_images_flux_generated/generated_images/macaw.png,macaw.png,2.0,168,25.0,0.9,2,90.66181182861328,91.10274314880371,100.0,2.0
204,/home/jihoon/jihoon/RVCD/MAIN_CODES/DB_single_concept_images_flux_generated/generated_images/macaw.png,macaw.png,2.5,134,16.0,0.9,2,90.66181182861328,88.17569017410278,100.0,2.0
204,/home/jihoon/jihoon/RVCD/MAIN_CODES/DB_single_concept_images_flux_generated/generated_images/macaw.png,macaw.png,3.0,112,11.11111111111111,0.9,2,90.66181182861328,91.38903617858887,100.0,2.0
205,/home/jihoon/jihoon/RVCD/MAIN_CODES/DB_single_concept_images_flux_generated/generated_images/macbook.png,macbook.png,1.0,336,100.0,0.9,3,93.9663827419281,93.9663827419281,100.0,3.0
205,/home/jihoon/jihoon/RVCD/MAIN_CODES/DB_single_concept_images_flux_generated/generated_images/macbook.png,macbook.png,1.5,224,44.44444444444444,0.9,3,93.9663827419281,95.50357460975647,100.0,3.0
205,/home/jihoon/jihoon/RVCD/MAIN_CODES/DB_single_concept_images_flux_generated/generated_images/macbook.png,macbook.png,2.0,168,25.0,0.9,3,93.9663827419281,94.10555958747864,66.66666666666667,2.0
205,/home/jihoon/jihoon/RVCD/MAIN_CODES/DB_single_concept_images_flux_generated/generated_images/macbook.png,macbook.png,2.5,134,16.0,0.9,3,93.9663827419281,94.5779025554657,66.66666666666667,2.0
205,/home/jihoon/jihoon/RVCD/MAIN_CODES/DB_single_concept_images_flux_generated/generated_images/macbook.png,macbook.png,3.0,112,11.11111111111111,0.9,3,93.9663827419281,96.09118103981018,66.66666666666667,2.0
206,/home/jihoon/jihoon/RVCD/MAIN_CODES/DB_single_concept_images_flux_generated/generated_images/magpie.png,magpie.png,1.0,336,100.0,0.9,2,90.72978496551514,90.72978496551514,100.0,2.0
206,/home/jihoon/jihoon/RVCD/MAIN_CODES/DB_single_concept_images_flux_generated/generated_images/magpie.png,magpie.png,1.5,224,44.44444444444444,0.9,2,90.72978496551514,93.3551013469696,100.0,2.0
206,/home/jihoon/jihoon/RVCD/MAIN_CODES/DB_single_concept_images_flux_generated/generated_images/magpie.png,magpie.png,2.0,168,25.0,0.9,2,90.72978496551514,93.11631321907043,100.0,2.0
206,/home/jihoon/jihoon/RVCD/MAIN_CODES/DB_single_concept_images_flux_generated/generated_images/magpie.png,magpie.png,2.5,134,16.0,0.9,2,90.72978496551514,91.13560318946838,100.0,2.0
206,/home/jihoon/jihoon/RVCD/MAIN_CODES/DB_single_concept_images_flux_generated/generated_images/magpie.png,magpie.png,3.0,112,11.11111111111111,0.9,2,90.72978496551514,92.21200346946716,100.0,2.0
207,/home/jihoon/jihoon/RVCD/MAIN_CODES/DB_single_concept_images_flux_generated/generated_images/male.png,male.png,1.0,336,100.0,0.9,7,90.28216600418091,90.28216600418091,100.0,7.0
207,/home/jihoon/jihoon/RVCD/MAIN_CODES/DB_single_concept_images_flux_generated/generated_images/male.png,male.png,1.5,224,44.44444444444444,0.9,7,90.28216600418091,89.17986750602722,85.71428571428571,6.0
207,/home/jihoon/jihoon/RVCD/MAIN_CODES/DB_single_concept_images_flux_generated/generated_images/male.png,male.png,2.0,168,25.0,0.9,7,90.28216600418091,87.35833168029785,85.71428571428571,6.0
207,/home/jihoon/jihoon/RVCD/MAIN_CODES/DB_single_concept_images_flux_generated/generated_images/male.png,male.png,2.5,134,16.0,0.9,7,90.28216600418091,86.0102117061615,85.71428571428571,6.0
207,/home/jihoon/jihoon/RVCD/MAIN_CODES/DB_single_concept_images_flux_generated/generated_images/male.png,male.png,3.0,112,11.11111111111111,0.9,7,90.28216600418091,86.95988655090332,71.42857142857143,5.0
208,/home/jihoon/jihoon/RVCD/MAIN_CODES/DB_single_concept_images_flux_generated/generated_images/mallard.png,mallard.png,1.0,336,100.0,0.9,1,95.27481198310852,95.27481198310852,100.0,1.0
208,/home/jihoon/jihoon/RVCD/MAIN_CODES/DB_single_concept_images_flux_generated/generated_images/mallard.png,mallard.png,1.5,224,44.44444444444444,0.9,1,95.27481198310852,95.9851324558258,100.0,1.0
208,/home/jihoon/jihoon/RVCD/MAIN_CODES/DB_single_concept_images_flux_generated/generated_images/mallard.png,mallard.png,2.0,168,25.0,0.9,1,95.27481198310852,95.66908478736877,100.0,1.0
208,/home/jihoon/jihoon/RVCD/MAIN_CODES/DB_single_concept_images_flux_generated/generated_images/mallard.png,mallard.png,2.5,134,16.0,0.9,1,95.27481198310852,93.9653992652893,100.0,1.0
208,/home/jihoon/jihoon/RVCD/MAIN_CODES/DB_single_concept_images_flux_generated/generated_images/mallard.png,mallard.png,3.0,112,11.11111111111111,0.9,1,95.27481198310852,95.95590233802795,100.0,1.0
209,/home/jihoon/jihoon/RVCD/MAIN_CODES/DB_single_concept_images_flux_generated/generated_images/man.png,man.png,1.0,336,100.0,0.9,7,90.17635583877563,90.17635583877563,100.0,7.0
209,/home/jihoon/jihoon/RVCD/MAIN_CODES/DB_single_concept_images_flux_generated/generated_images/man.png,man.png,1.5,224,44.44444444444444,0.9,7,90.17635583877563,88.45575451850891,85.71428571428571,6.0
209,/home/jihoon/jihoon/RVCD/MAIN_CODES/DB_single_concept_images_flux_generated/generated_images/man.png,man.png,2.0,168,25.0,0.9,7,90.17635583877563,83.98489952087402,57.142857142857146,4.000000000000001
209,/home/jihoon/jihoon/RVCD/MAIN_CODES/DB_single_concept_images_flux_generated/generated_images/man.png,man.png,2.5,134,16.0,0.9,7,90.17635583877563,82.71036744117737,57.142857142857146,4.000000000000001
209,/home/jihoon/jihoon/RVCD/MAIN_CODES/DB_single_concept_images_flux_generated/generated_images/man.png,man.png,3.0,112,11.11111111111111,0.9,7,90.17635583877563,80.35082221031189,42.857142857142854,3.0
210,/home/jihoon/jihoon/RVCD/MAIN_CODES/DB_single_concept_images_flux_generated/generated_images/mare.png,mare.png,1.0,336,100.0,0.9,1,97.49580025672913,97.49580025672913,100.0,1.0
210,/home/jihoon/jihoon/RVCD/MAIN_CODES/DB_single_concept_images_flux_generated/generated_images/mare.png,mare.png,1.5,224,44.44444444444444,0.9,1,97.49580025672913,97.67352938652039,100.0,1.0
210,/home/jihoon/jihoon/RVCD/MAIN_CODES/DB_single_concept_images_flux_generated/generated_images/mare.png,mare.png,2.0,168,25.0,0.9,1,97.49580025672913,97.2516119480133,100.0,1.0
210,/home/jihoon/jihoon/RVCD/MAIN_CODES/DB_single_concept_images_flux_generated/generated_images/mare.png,mare.png,2.5,134,16.0,0.9,1,97.49580025672913,96.36118412017822,100.0,1.0
210,/home/jihoon/jihoon/RVCD/MAIN_CODES/DB_single_concept_images_flux_generated/generated_images/mare.png,mare.png,3.0,112,11.11111111111111,0.9,1,97.49580025672913,97.21365571022034,100.0,1.0
211,/home/jihoon/jihoon/RVCD/MAIN_CODES/DB_single_concept_images_flux_generated/generated_images/microwave.png,microwave.png,1.0,336,100.0,0.9,1,93.01736354827881,93.01736354827881,100.0,1.0
211,/home/jihoon/jihoon/RVCD/MAIN_CODES/DB_single_concept_images_flux_generated/generated_images/microwave.png,microwave.png,1.5,224,44.44444444444444,0.9,1,93.01736354827881,94.7588860988617,100.0,1.0
211,/home/jihoon/jihoon/RVCD/MAIN_CODES/DB_single_concept_images_flux_generated/generated_images/microwave.png,microwave.png,2.0,168,25.0,0.9,1,93.01736354827881,95.90134620666504,100.0,1.0
211,/home/jihoon/jihoon/RVCD/MAIN_CODES/DB_single_concept_images_flux_generated/generated_images/microwave.png,microwave.png,2.5,134,16.0,0.9,1,93.01736354827881,96.28822207450867,100.0,1.0
211,/home/jihoon/jihoon/RVCD/MAIN_CODES/DB_single_concept_images_flux_generated/generated_images/microwave.png,microwave.png,3.0,112,11.11111111111111,0.9,1,93.01736354827881,96.33342623710632,100.0,1.0
212,/home/jihoon/jihoon/RVCD/MAIN_CODES/DB_single_concept_images_flux_generated/generated_images/minibike.png,minibike.png,1.0,336,100.0,0.9,2,91.2865400314331,91.2865400314331,100.0,2.0
212,/home/jihoon/jihoon/RVCD/MAIN_CODES/DB_single_concept_images_flux_generated/generated_images/minibike.png,minibike.png,1.5,224,44.44444444444444,0.9,2,91.2865400314331,92.67749786376953,100.0,2.0
212,/home/jihoon/jihoon/RVCD/MAIN_CODES/DB_single_concept_images_flux_generated/generated_images/minibike.png,minibike.png,2.0,168,25.0,0.9,2,91.2865400314331,90.59261679649353,100.0,2.0
212,/home/jihoon/jihoon/RVCD/MAIN_CODES/DB_single_concept_images_flux_generated/generated_images/minibike.png,minibike.png,2.5,134,16.0,0.9,2,91.2865400314331,92.25528240203857,100.0,2.0
212,/home/jihoon/jihoon/RVCD/MAIN_CODES/DB_single_concept_images_flux_generated/generated_images/minibike.png,minibike.png,3.0,112,11.11111111111111,0.9,2,91.2865400314331,91.85228943824768,100.0,2.0
213,/home/jihoon/jihoon/RVCD/MAIN_CODES/DB_single_concept_images_flux_generated/generated_images/minibus.png,minibus.png,1.0,336,100.0,0.9,3,92.72254705429077,92.72254705429077,100.0,3.0
213,/home/jihoon/jihoon/RVCD/MAIN_CODES/DB_single_concept_images_flux_generated/generated_images/minibus.png,minibus.png,1.5,224,44.44444444444444,0.9,3,92.72254705429077,92.1614408493042,100.0,3.0
213,/home/jihoon/jihoon/RVCD/MAIN_CODES/DB_single_concept_images_flux_generated/generated_images/minibus.png,minibus.png,2.0,168,25.0,0.9,3,92.72254705429077,92.72454977035522,100.0,3.0
213,/home/jihoon/jihoon/RVCD/MAIN_CODES/DB_single_concept_images_flux_generated/generated_images/minibus.png,minibus.png,2.5,134,16.0,0.9,3,92.72254705429077,93.26716661453247,100.0,3.0
213,/home/jihoon/jihoon/RVCD/MAIN_CODES/DB_single_concept_images_flux_generated/generated_images/minibus.png,minibus.png,3.0,112,11.11111111111111,0.9,3,92.72254705429077,92.82688498497009,100.0,3.0
214,/home/jihoon/jihoon/RVCD/MAIN_CODES/DB_single_concept_images_flux_generated/generated_images/minivan.png,minivan.png,1.0,336,100.0,0.9,2,94.06217336654663,94.06217336654663,100.0,2.0
214,/home/jihoon/jihoon/RVCD/MAIN_CODES/DB_single_concept_images_flux_generated/generated_images/minivan.png,minivan.png,1.5,224,44.44444444444444,0.9,2,94.06217336654663,93.08959245681763,100.0,2.0
214,/home/jihoon/jihoon/RVCD/MAIN_CODES/DB_single_concept_images_flux_generated/generated_images/minivan.png,minivan.png,2.0,168,25.0,0.9,2,94.06217336654663,93.09597611427307,100.0,2.0
214,/home/jihoon/jihoon/RVCD/MAIN_CODES/DB_single_concept_images_flux_generated/generated_images/minivan.png,minivan.png,2.5,134,16.0,0.9,2,94.06217336654663,90.82262516021729,100.0,2.0
214,/home/jihoon/jihoon/RVCD/MAIN_CODES/DB_single_concept_images_flux_generated/generated_images/minivan.png,minivan.png,3.0,112,11.11111111111111,0.9,2,94.06217336654663,92.8440511226654,100.0,2.0
215,/home/jihoon/jihoon/RVCD/MAIN_CODES/DB_single_concept_images_flux_generated/generated_images/mobile phone.png,mobile phone.png,1.0,336,100.0,0.9,3,95.05411982536316,95.05411982536316,100.0,3.0
215,/home/jihoon/jihoon/RVCD/MAIN_CODES/DB_single_concept_images_flux_generated/generated_images/mobile phone.png,mobile phone.png,1.5,224,44.44444444444444,0.9,3,95.05411982536316,94.292551279068,100.0,3.0
215,/home/jihoon/jihoon/RVCD/MAIN_CODES/DB_single_concept_images_flux_generated/generated_images/mobile phone.png,mobile phone.png,2.0,168,25.0,0.9,3,95.05411982536316,93.41406226158142,100.0,3.0
215,/home/jihoon/jihoon/RVCD/MAIN_CODES/DB_single_concept_images_flux_generated/generated_images/mobile phone.png,mobile phone.png,2.5,134,16.0,0.9,3,95.05411982536316,91.6074812412262,100.0,3.0
215,/home/jihoon/jihoon/RVCD/MAIN_CODES/DB_single_concept_images_flux_generated/generated_images/mobile phone.png,mobile phone.png,3.0,112,11.11111111111111,0.9,3,95.05411982536316,88.58020305633545,66.66666666666667,2.0
216,/home/jihoon/jihoon/RVCD/MAIN_CODES/DB_single_concept_images_flux_generated/generated_images/mobilephone.png,mobilephone.png,1.0,336,100.0,0.9,3,95.05411982536316,95.05411982536316,100.0,3.0
216,/home/jihoon/jihoon/RVCD/MAIN_CODES/DB_single_concept_images_flux_generated/generated_images/mobilephone.png,mobilephone.png,1.5,224,44.44444444444444,0.9,3,95.05411982536316,94.292551279068,100.0,3.0
216,/home/jihoon/jihoon/RVCD/MAIN_CODES/DB_single_concept_images_flux_generated/generated_images/mobilephone.png,mobilephone.png,2.0,168,25.0,0.9,3,95.05411982536316,93.41406226158142,100.0,3.0
216,/home/jihoon/jihoon/RVCD/MAIN_CODES/DB_single_concept_images_flux_generated/generated_images/mobilephone.png,mobilephone.png,2.5,134,16.0,0.9,3,95.05411982536316,91.6074812412262,100.0,3.0
216,/home/jihoon/jihoon/RVCD/MAIN_CODES/DB_single_concept_images_flux_generated/generated_images/mobilephone.png,mobilephone.png,3.0,112,11.11111111111111,0.9,3,95.05411982536316,88.58020305633545,66.66666666666667,2.0
217,/home/jihoon/jihoon/RVCD/MAIN_CODES/DB_single_concept_images_flux_generated/generated_images/monitor.png,monitor.png,1.0,336,100.0,0.9,3,93.48285794258118,93.48285794258118,100.0,3.0
217,/home/jihoon/jihoon/RVCD/MAIN_CODES/DB_single_concept_images_flux_generated/generated_images/monitor.png,monitor.png,1.5,224,44.44444444444444,0.9,3,93.48285794258118,94.68278884887695,100.0,3.0
217,/home/jihoon/jihoon/RVCD/MAIN_CODES/DB_single_concept_images_flux_generated/generated_images/monitor.png,monitor.png,2.0,168,25.0,0.9,3,93.48285794258118,93.3334231376648,100.0,3.0
217,/home/jihoon/jihoon/RVCD/MAIN_CODES/DB_single_concept_images_flux_generated/generated_images/monitor.png,monitor.png,2.5,134,16.0,0.9,3,93.48285794258118,92.79484152793884,100.0,3.0
217,/home/jihoon/jihoon/RVCD/MAIN_CODES/DB_single_concept_images_flux_generated/generated_images/monitor.png,monitor.png,3.0,112,11.11111111111111,0.9,3,93.48285794258118,89.41476345062256,100.0,3.0
218,/home/jihoon/jihoon/RVCD/MAIN_CODES/DB_single_concept_images_flux_generated/generated_images/monoplane.png,monoplane.png,1.0,336,100.0,0.9,3,91.20984673500061,91.20984673500061,100.0,3.0
218,/home/jihoon/jihoon/RVCD/MAIN_CODES/DB_single_concept_images_flux_generated/generated_images/monoplane.png,monoplane.png,1.5,224,44.44444444444444,0.9,3,91.20984673500061,91.15363359451294,66.66666666666667,2.0
218,/home/jihoon/jihoon/RVCD/MAIN_CODES/DB_single_concept_images_flux_generated/generated_images/monoplane.png,monoplane.png,2.0,168,25.0,0.9,3,91.20984673500061,92.7280068397522,100.0,3.0
218,/home/jihoon/jihoon/RVCD/MAIN_CODES/DB_single_concept_images_flux_generated/generated_images/monoplane.png,monoplane.png,2.5,134,16.0,0.9,3,91.20984673500061,93.83944869041443,100.0,3.0
218,/home/jihoon/jihoon/RVCD/MAIN_CODES/DB_single_concept_images_flux_generated/generated_images/monoplane.png,monoplane.png,3.0,112,11.11111111111111,0.9,3,91.20984673500061,93.18926334381104,100.0,3.0
219,/home/jihoon/jihoon/RVCD/MAIN_CODES/DB_single_concept_images_flux_generated/generated_images/moped.png,moped.png,1.0,336,100.0,0.9,4,92.55455136299133,92.55455136299133,100.0,4.0
219,/home/jihoon/jihoon/RVCD/MAIN_CODES/DB_single_concept_images_flux_generated/generated_images/moped.png,moped.png,1.5,224,44.44444444444444,0.9,4,92.55455136299133,92.71799325942993,100.0,4.0
219,/home/jihoon/jihoon/RVCD/MAIN_CODES/DB_single_concept_images_flux_generated/generated_images/moped.png,moped.png,2.0,168,25.0,0.9,4,92.55455136299133,92.47914552688599,100.0,4.0
219,/home/jihoon/jihoon/RVCD/MAIN_CODES/DB_single_concept_images_flux_generated/generated_images/moped.png,moped.png,2.5,134,16.0,0.9,4,92.55455136299133,92.8354561328888,100.0,4.0
219,/home/jihoon/jihoon/RVCD/MAIN_CODES/DB_single_concept_images_flux_generated/generated_images/moped.png,moped.png,3.0,112,11.11111111111111,0.9,4,92.55455136299133,92.39371418952942,100.0,4.0
220,/home/jihoon/jihoon/RVCD/MAIN_CODES/DB_single_concept_images_flux_generated/generated_images/mother.png,mother.png,1.0,336,100.0,0.9,14,90.51831364631653,90.51831364631653,100.0,14.0
220,/home/jihoon/jihoon/RVCD/MAIN_CODES/DB_single_concept_images_flux_generated/generated_images/mother.png,mother.png,1.5,224,44.44444444444444,0.9,14,90.51831364631653,88.35912942886353,78.57142857142857,11.0
220,/home/jihoon/jihoon/RVCD/MAIN_CODES/DB_single_concept_images_flux_generated/generated_images/mother.png,mother.png,2.0,168,25.0,0.9,14,90.51831364631653,86.05007529258728,64.28571428571429,9.0
220,/home/jihoon/jihoon/RVCD/MAIN_CODES/DB_single_concept_images_flux_generated/generated_images/mother.png,mother.png,2.5,134,16.0,0.9,14,90.51831364631653,87.38047480583191,64.28571428571429,9.0
220,/home/jihoon/jihoon/RVCD/MAIN_CODES/DB_single_concept_images_flux_generated/generated_images/mother.png,mother.png,3.0,112,11.11111111111111,0.9,14,90.51831364631653,86.98999285697937,64.28571428571429,9.0
221,/home/jihoon/jihoon/RVCD/MAIN_CODES/DB_single_concept_images_flux_generated/generated_images/motor bike.png,motor bike.png,1.0,336,100.0,0.9,2,94.9256181716919,94.9256181716919,100.0,2.0
221,/home/jihoon/jihoon/RVCD/MAIN_CODES/DB_single_concept_images_flux_generated/generated_images/motor bike.png,motor bike.png,1.5,224,44.44444444444444,0.9,2,94.9256181716919,95.68543434143066,100.0,2.0
221,/home/jihoon/jihoon/RVCD/MAIN_CODES/DB_single_concept_images_flux_generated/generated_images/motor bike.png,motor bike.png,2.0,168,25.0,0.9,2,94.9256181716919,95.01421451568604,100.0,2.0
221,/home/jihoon/jihoon/RVCD/MAIN_CODES/DB_single_concept_images_flux_generated/generated_images/motor bike.png,motor bike.png,2.5,134,16.0,0.9,2,94.9256181716919,94.63993310928345,100.0,2.0
221,/home/jihoon/jihoon/RVCD/MAIN_CODES/DB_single_concept_images_flux_generated/generated_images/motor bike.png,motor bike.png,3.0,112,11.11111111111111,0.9,2,94.9256181716919,89.44624066352844,100.0,2.0
222,/home/jihoon/jihoon/RVCD/MAIN_CODES/DB_single_concept_images_flux_generated/generated_images/motor cycle.png,motor cycle.png,1.0,336,100.0,0.9,2,97.32881188392639,97.32881188392639,100.0,2.0
222,/home/jihoon/jihoon/RVCD/MAIN_CODES/DB_single_concept_images_flux_generated/generated_images/motor cycle.png,motor cycle.png,1.5,224,44.44444444444444,0.9,2,97.32881188392639,96.7607319355011,100.0,2.0
222,/home/jihoon/jihoon/RVCD/MAIN_CODES/DB_single_concept_images_flux_generated/generated_images/motor cycle.png,motor cycle.png,2.0,168,25.0,0.9,2,97.32881188392639,98.15014600753784,100.0,2.0
222,/home/jihoon/jihoon/RVCD/MAIN_CODES/DB_single_concept_images_flux_generated/generated_images/motor cycle.png,motor cycle.png,2.5,134,16.0,0.9,2,97.32881188392639,98.16424250602722,100.0,2.0
222,/home/jihoon/jihoon/RVCD/MAIN_CODES/DB_single_concept_images_flux_generated/generated_images/motor cycle.png,motor cycle.png,3.0,112,11.11111111111111,0.9,2,97.32881188392639,98.09386730194092,100.0,2.0
223,/home/jihoon/jihoon/RVCD/MAIN_CODES/DB_single_concept_images_flux_generated/generated_images/motorbike.png,motorbike.png,1.0,336,100.0,0.9,2,96.02935314178467,96.02935314178467,100.0,2.0
223,/home/jihoon/jihoon/RVCD/MAIN_CODES/DB_single_concept_images_flux_generated/generated_images/motorbike.png,motorbike.png,1.5,224,44.44444444444444,0.9,2,96.02935314178467,95.71748971939087,100.0,2.0
223,/home/jihoon/jihoon/RVCD/MAIN_CODES/DB_single_concept_images_flux_generated/generated_images/motorbike.png,motorbike.png,2.0,168,25.0,0.9,2,96.02935314178467,94.50496435165405,100.0,2.0
223,/home/jihoon/jihoon/RVCD/MAIN_CODES/DB_single_concept_images_flux_generated/generated_images/motorbike.png,motorbike.png,2.5,134,16.0,0.9,2,96.02935314178467,95.02830505371094,100.0,2.0
223,/home/jihoon/jihoon/RVCD/MAIN_CODES/DB_single_concept_images_flux_generated/generated_images/motorbike.png,motorbike.png,3.0,112,11.11111111111111,0.9,2,96.02935314178467,93.32164525985718,100.0,2.0
224,/home/jihoon/jihoon/RVCD/MAIN_CODES/DB_single_concept_images_flux_generated/generated_images/motorboat.png,motorboat.png,1.0,336,100.0,0.9,1,95.76271772384644,95.76271772384644,100.0,1.0
224,/home/jihoon/jihoon/RVCD/MAIN_CODES/DB_single_concept_images_flux_generated/generated_images/motorboat.png,motorboat.png,1.5,224,44.44444444444444,0.9,1,95.76271772384644,96.12711668014526,100.0,1.0
224,/home/jihoon/jihoon/RVCD/MAIN_CODES/DB_single_concept_images_flux_generated/generated_images/motorboat.png,motorboat.png,2.0,168,25.0,0.9,1,95.76271772384644,96.16448879241943,100.0,1.0
224,/home/jihoon/jihoon/RVCD/MAIN_CODES/DB_single_concept_images_flux_generated/generated_images/motorboat.png,motorboat.png,2.5,134,16.0,0.9,1,95.76271772384644,95.91283202171326,100.0,1.0
224,/home/jihoon/jihoon/RVCD/MAIN_CODES/DB_single_concept_images_flux_generated/generated_images/motorboat.png,motorboat.png,3.0,112,11.11111111111111,0.9,1,95.76271772384644,96.82820439338684,100.0,1.0
225,/home/jihoon/jihoon/RVCD/MAIN_CODES/DB_single_concept_images_flux_generated/generated_images/motorcycle.png,motorcycle.png,1.0,336,100.0,0.9,2,97.32881188392639,97.32881188392639,100.0,2.0
225,/home/jihoon/jihoon/RVCD/MAIN_CODES/DB_single_concept_images_flux_generated/generated_images/motorcycle.png,motorcycle.png,1.5,224,44.44444444444444,0.9,2,97.32881188392639,96.7607319355011,100.0,2.0
225,/home/jihoon/jihoon/RVCD/MAIN_CODES/DB_single_concept_images_flux_generated/generated_images/motorcycle.png,motorcycle.png,2.0,168,25.0,0.9,2,97.32881188392639,98.15014600753784,100.0,2.0
225,/home/jihoon/jihoon/RVCD/MAIN_CODES/DB_single_concept_images_flux_generated/generated_images/motorcycle.png,motorcycle.png,2.5,134,16.0,0.9,2,97.32881188392639,98.16424250602722,100.0,2.0
225,/home/jihoon/jihoon/RVCD/MAIN_CODES/DB_single_concept_images_flux_generated/generated_images/motorcycle.png,motorcycle.png,3.0,112,11.11111111111111,0.9,2,97.32881188392639,98.09386730194092,100.0,2.0
226,/home/jihoon/jihoon/RVCD/MAIN_CODES/DB_single_concept_images_flux_generated/generated_images/mouse.png,mouse.png,1.0,336,100.0,0.9,5,90.73071479797363,90.73071479797363,100.0,5.0
226,/home/jihoon/jihoon/RVCD/MAIN_CODES/DB_single_concept_images_flux_generated/generated_images/mouse.png,mouse.png,1.5,224,44.44444444444444,0.9,5,90.73071479797363,91.4493978023529,80.0,4.0
226,/home/jihoon/jihoon/RVCD/MAIN_CODES/DB_single_concept_images_flux_generated/generated_images/mouse.png,mouse.png,2.0,168,25.0,0.9,5,90.73071479797363,91.48651361465454,80.0,4.0
226,/home/jihoon/jihoon/RVCD/MAIN_CODES/DB_single_concept_images_flux_generated/generated_images/mouse.png,mouse.png,2.5,134,16.0,0.9,5,90.73071479797363,90.78850150108337,80.0,4.0
226,/home/jihoon/jihoon/RVCD/MAIN_CODES/DB_single_concept_images_flux_generated/generated_images/mouse.png,mouse.png,3.0,112,11.11111111111111,0.9,5,90.73071479797363,91.12392663955688,80.0,4.0
227,/home/jihoon/jihoon/RVCD/MAIN_CODES/DB_single_concept_images_flux_generated/generated_images/mug.png,mug.png,1.0,336,100.0,0.9,3,97.83811569213867,97.83811569213867,100.0,3.0
227,/home/jihoon/jihoon/RVCD/MAIN_CODES/DB_single_concept_images_flux_generated/generated_images/mug.png,mug.png,1.5,224,44.44444444444444,0.9,3,97.83811569213867,97.93651103973389,100.0,3.0
227,/home/jihoon/jihoon/RVCD/MAIN_CODES/DB_single_concept_images_flux_generated/generated_images/mug.png,mug.png,2.0,168,25.0,0.9,3,97.83811569213867,97.57848978042603,100.0,3.0
227,/home/jihoon/jihoon/RVCD/MAIN_CODES/DB_single_concept_images_flux_generated/generated_images/mug.png,mug.png,2.5,134,16.0,0.9,3,97.83811569213867,97.41977453231812,100.0,3.0
227,/home/jihoon/jihoon/RVCD/MAIN_CODES/DB_single_concept_images_flux_generated/generated_images/mug.png,mug.png,3.0,112,11.11111111111111,0.9,3,97.83811569213867,96.88929319381714,100.0,3.0
228,/home/jihoon/jihoon/RVCD/MAIN_CODES/DB_single_concept_images_flux_generated/generated_images/mustang.png,mustang.png,1.0,336,100.0,0.9,1,94.47279572486877,94.47279572486877,100.0,1.0
228,/home/jihoon/jihoon/RVCD/MAIN_CODES/DB_single_concept_images_flux_generated/generated_images/mustang.png,mustang.png,1.5,224,44.44444444444444,0.9,1,94.47279572486877,92.96485185623169,100.0,1.0
228,/home/jihoon/jihoon/RVCD/MAIN_CODES/DB_single_concept_images_flux_generated/generated_images/mustang.png,mustang.png,2.0,168,25.0,0.9,1,94.47279572486877,92.91580319404602,100.0,1.0
228,/home/jihoon/jihoon/RVCD/MAIN_CODES/DB_single_concept_images_flux_generated/generated_images/mustang.png,mustang.png,2.5,134,16.0,0.9,1,94.47279572486877,89.59841132164001,100.0,1.0
228,/home/jihoon/jihoon/RVCD/MAIN_CODES/DB_single_concept_images_flux_generated/generated_images/mustang.png,mustang.png,3.0,112,11.11111111111111,0.9,1,94.47279572486877,92.07614064216614,100.0,1.0
229,/home/jihoon/jihoon/RVCD/MAIN_CODES/DB_single_concept_images_flux_generated/generated_images/mutt.png,mutt.png,1.0,336,100.0,0.9,1,92.51272678375244,92.51272678375244,100.0,1.0
229,/home/jihoon/jihoon/RVCD/MAIN_CODES/DB_single_concept_images_flux_generated/generated_images/mutt.png,mutt.png,1.5,224,44.44444444444444,0.9,1,92.51272678375244,93.94866824150085,100.0,1.0
229,/home/jihoon/jihoon/RVCD/MAIN_CODES/DB_single_concept_images_flux_generated/generated_images/mutt.png,mutt.png,2.0,168,25.0,0.9,1,92.51272678375244,92.68944263458252,100.0,1.0
229,/home/jihoon/jihoon/RVCD/MAIN_CODES/DB_single_concept_images_flux_generated/generated_images/mutt.png,mutt.png,2.5,134,16.0,0.9,1,92.51272678375244,90.58232307434082,100.0,1.0
229,/home/jihoon/jihoon/RVCD/MAIN_CODES/DB_single_concept_images_flux_generated/generated_images/mutt.png,mutt.png,3.0,112,11.11111111111111,0.9,1,92.51272678375244,92.06990599632263,100.0,1.0
230,/home/jihoon/jihoon/RVCD/MAIN_CODES/DB_single_concept_images_flux_generated/generated_images/netbook.png,netbook.png,1.0,336,100.0,0.9,3,92.40753650665283,92.40753650665283,100.0,3.0
230,/home/jihoon/jihoon/RVCD/MAIN_CODES/DB_single_concept_images_flux_generated/generated_images/netbook.png,netbook.png,1.5,224,44.44444444444444,0.9,3,92.40753650665283,94.153493642807,66.66666666666667,2.0
230,/home/jihoon/jihoon/RVCD/MAIN_CODES/DB_single_concept_images_flux_generated/generated_images/netbook.png,netbook.png,2.0,168,25.0,0.9,3,92.40753650665283,93.48320960998535,66.66666666666667,2.0
230,/home/jihoon/jihoon/RVCD/MAIN_CODES/DB_single_concept_images_flux_generated/generated_images/netbook.png,netbook.png,2.5,134,16.0,0.9,3,92.40753650665283,93.52923035621643,66.66666666666667,2.0
230,/home/jihoon/jihoon/RVCD/MAIN_CODES/DB_single_concept_images_flux_generated/generated_images/netbook.png,netbook.png,3.0,112,11.11111111111111,0.9,3,92.40753650665283,95.57618498802185,100.0,3.0
231,/home/jihoon/jihoon/RVCD/MAIN_CODES/DB_single_concept_images_flux_generated/generated_images/notebook.png,notebook.png,1.0,336,100.0,0.9,6,90.35062789916992,90.35062789916992,100.0,6.0
231,/home/jihoon/jihoon/RVCD/MAIN_CODES/DB_single_concept_images_flux_generated/generated_images/notebook.png,notebook.png,1.5,224,44.44444444444444,0.9,6,90.35062789916992,91.76956415176392,100.0,6.0
231,/home/jihoon/jihoon/RVCD/MAIN_CODES/DB_single_concept_images_flux_generated/generated_images/notebook.png,notebook.png,2.0,168,25.0,0.9,6,90.35062789916992,91.63200855255127,100.0,6.0
231,/home/jihoon/jihoon/RVCD/MAIN_CODES/DB_single_concept_images_flux_generated/generated_images/notebook.png,notebook.png,2.5,134,16.0,0.9,6,90.35062789916992,89.61367607116699,100.0,6.0
231,/home/jihoon/jihoon/RVCD/MAIN_CODES/DB_single_concept_images_flux_generated/generated_images/notebook.png,notebook.png,3.0,112,11.11111111111111,0.9,6,90.35062789916992,90.62730073928833,100.0,6.0
232,/home/jihoon/jihoon/RVCD/MAIN_CODES/DB_single_concept_images_flux_generated/generated_images/offender.png,offender.png,1.0,336,100.0,0.9,27,90.03310203552246,90.03310203552246,100.0,27.0
232,/home/jihoon/jihoon/RVCD/MAIN_CODES/DB_single_concept_images_flux_generated/generated_images/offender.png,offender.png,1.5,224,44.44444444444444,0.9,27,90.03310203552246,91.48262739181519,66.66666666666667,18.000000000000004
232,/home/jihoon/jihoon/RVCD/MAIN_CODES/DB_single_concept_images_flux_generated/generated_images/offender.png,offender.png,2.0,168,25.0,0.9,27,90.03310203552246,88.84731531143188,59.25925925925926,16.0
232,/home/jihoon/jihoon/RVCD/MAIN_CODES/DB_single_concept_images_flux_generated/generated_images/offender.png,offender.png,2.5,134,16.0,0.9,27,90.03310203552246,88.75700831413269,62.96296296296296,17.0
232,/home/jihoon/jihoon/RVCD/MAIN_CODES/DB_single_concept_images_flux_generated/generated_images/offender.png,offender.png,3.0,112,11.11111111111111,0.9,27,90.03310203552246,87.06066012382507,59.25925925925926,16.0
233,/home/jihoon/jihoon/RVCD/MAIN_CODES/DB_single_concept_images_flux_generated/generated_images/officer.png,officer.png,1.0,336,100.0,0.9,16,90.02604484558105,90.02604484558105,100.0,16.0
233,/home/jihoon/jihoon/RVCD/MAIN_CODES/DB_single_concept_images_flux_generated/generated_images/officer.png,officer.png,1.5,224,44.44444444444444,0.9,16,90.02604484558105,91.23878479003906,87.5,14.0
233,/home/jihoon/jihoon/RVCD/MAIN_CODES/DB_single_concept_images_flux_generated/generated_images/officer.png,officer.png,2.0,168,25.0,0.9,16,90.02604484558105,91.22412204742432,81.25,13.0
233,/home/jihoon/jihoon/RVCD/MAIN_CODES/DB_single_concept_images_flux_generated/generated_images/officer.png,officer.png,2.5,134,16.0,0.9,16,90.02604484558105,86.05775833129883,75.0,12.0
233,/home/jihoon/jihoon/RVCD/MAIN_CODES/DB_single_concept_images_flux_generated/generated_images/officer.png,officer.png,3.0,112,11.11111111111111,0.9,16,90.02604484558105,86.25478148460388,75.0,12.0
234,/home/jihoon/jihoon/RVCD/MAIN_CODES/DB_single_concept_images_flux_generated/generated_images/orange.png,orange.png,1.0,336,100.0,0.9,3,92.66201257705688,92.66201257705688,100.0,3.0
234,/home/jihoon/jihoon/RVCD/MAIN_CODES/DB_single_concept_images_flux_generated/generated_images/orange.png,orange.png,1.5,224,44.44444444444444,0.9,3,92.66201257705688,93.35054159164429,100.0,3.0
234,/home/jihoon/jihoon/RVCD/MAIN_CODES/DB_single_concept_images_flux_generated/generated_images/orange.png,orange.png,2.0,168,25.0,0.9,3,92.66201257705688,93.57488751411438,100.0,3.0
234,/home/jihoon/jihoon/RVCD/MAIN_CODES/DB_single_concept_images_flux_generated/generated_images/orange.png,orange.png,2.5,134,16.0,0.9,3,92.66201257705688,94.2010760307312,100.0,3.0
234,/home/jihoon/jihoon/RVCD/MAIN_CODES/DB_single_concept_images_flux_generated/generated_images/orange.png,orange.png,3.0,112,11.11111111111111,0.9,3,92.66201257705688,92.53979921340942,100.0,3.0
235,/home/jihoon/jihoon/RVCD/MAIN_CODES/DB_single_concept_images_flux_generated/generated_images/oriole.png,oriole.png,1.0,336,100.0,0.9,3,91.73591136932373,91.73591136932373,100.0,3.0
235,/home/jihoon/jihoon/RVCD/MAIN_CODES/DB_single_concept_images_flux_generated/generated_images/oriole.png,oriole.png,1.5,224,44.44444444444444,0.9,3,91.73591136932373,93.63139271736145,100.0,3.0
235,/home/jihoon/jihoon/RVCD/MAIN_CODES/DB_single_concept_images_flux_generated/generated_images/oriole.png,oriole.png,2.0,168,25.0,0.9,3,91.73591136932373,95.60770988464355,66.66666666666667,2.0
235,/home/jihoon/jihoon/RVCD/MAIN_CODES/DB_single_concept_images_flux_generated/generated_images/oriole.png,oriole.png,2.5,134,16.0,0.9,3,91.73591136932373,93.9156711101532,66.66666666666667,2.0
235,/home/jihoon/jihoon/RVCD/MAIN_CODES/DB_single_concept_images_flux_generated/generated_images/oriole.png,oriole.png,3.0,112,11.11111111111111,0.9,3,91.73591136932373,92.93454885482788,66.66666666666667,2.0
236,/home/jihoon/jihoon/RVCD/MAIN_CODES/DB_single_concept_images_flux_generated/generated_images/osprey.png,osprey.png,1.0,336,100.0,0.9,4,91.44023060798645,91.44023060798645,100.0,4.0
236,/home/jihoon/jihoon/RVCD/MAIN_CODES/DB_single_concept_images_flux_generated/generated_images/osprey.png,osprey.png,1.5,224,44.44444444444444,0.9,4,91.44023060798645,92.26763844490051,75.0,3.0
236,/home/jihoon/jihoon/RVCD/MAIN_CODES/DB_single_concept_images_flux_generated/generated_images/osprey.png,osprey.png,2.0,168,25.0,0.9,4,91.44023060798645,88.52931261062622,50.0,2.0
236,/home/jihoon/jihoon/RVCD/MAIN_CODES/DB_single_concept_images_flux_generated/generated_images/osprey.png,osprey.png,2.5,134,16.0,0.9,4,91.44023060798645,83.03467035293579,50.0,2.0
236,/home/jihoon/jihoon/RVCD/MAIN_CODES/DB_single_concept_images_flux_generated/generated_images/osprey.png,osprey.png,3.0,112,11.11111111111111,0.9,4,91.44023060798645,82.86415934562683,50.0,2.0
237,/home/jihoon/jihoon/RVCD/MAIN_CODES/DB_single_concept_images_flux_generated/generated_images/ostrich.png,ostrich.png,1.0,336,100.0,0.9,4,90.97511172294617,90.97511172294617,100.0,4.0
237,/home/jihoon/jihoon/RVCD/MAIN_CODES/DB_single_concept_images_flux_generated/generated_images/ostrich.png,ostrich.png,1.5,224,44.44444444444444,0.9,4,90.97511172294617,90.7234251499176,100.0,4.0
237,/home/jihoon/jihoon/RVCD/MAIN_CODES/DB_single_concept_images_flux_generated/generated_images/ostrich.png,ostrich.png,2.0,168,25.0,0.9,4,90.97511172294617,90.80238938331604,100.0,4.0
237,/home/jihoon/jihoon/RVCD/MAIN_CODES/DB_single_concept_images_flux_generated/generated_images/ostrich.png,ostrich.png,2.5,134,16.0,0.9,4,90.97511172294617,83.47989320755005,75.0,3.0
237,/home/jihoon/jihoon/RVCD/MAIN_CODES/DB_single_concept_images_flux_generated/generated_images/ostrich.png,ostrich.png,3.0,112,11.11111111111111,0.9,4,90.97511172294617,86.11643314361572,75.0,3.0
238,/home/jihoon/jihoon/RVCD/MAIN_CODES/DB_single_concept_images_flux_generated/generated_images/oven.png,oven.png,1.0,336,100.0,0.9,2,94.39051151275635,94.39051151275635,100.0,2.0
238,/home/jihoon/jihoon/RVCD/MAIN_CODES/DB_single_concept_images_flux_generated/generated_images/oven.png,oven.png,1.5,224,44.44444444444444,0.9,2,94.39051151275635,94.30443048477173,100.0,2.0
238,/home/jihoon/jihoon/RVCD/MAIN_CODES/DB_single_concept_images_flux_generated/generated_images/oven.png,oven.png,2.0,168,25.0,0.9,2,94.39051151275635,93.65647435188293,100.0,2.0
238,/home/jihoon/jihoon/RVCD/MAIN_CODES/DB_single_concept_images_flux_generated/generated_images/oven.png,oven.png,2.5,134,16.0,0.9,2,94.39051151275635,93.10212135314941,100.0,2.0
238,/home/jihoon/jihoon/RVCD/MAIN_CODES/DB_single_concept_images_flux_generated/generated_images/oven.png,oven.png,3.0,112,11.11111111111111,0.9,2,94.39051151275635,92.92039275169373,100.0,2.0
239,/home/jihoon/jihoon/RVCD/MAIN_CODES/DB_single_concept_images_flux_generated/generated_images/owl.png,owl.png,1.0,336,100.0,0.9,2,90.66727757453918,90.66727757453918,100.0,2.0
239,/home/jihoon/jihoon/RVCD/MAIN_CODES/DB_single_concept_images_flux_generated/generated_images/owl.png,owl.png,1.5,224,44.44444444444444,0.9,2,90.66727757453918,94.623863697052,100.0,2.0
239,/home/jihoon/jihoon/RVCD/MAIN_CODES/DB_single_concept_images_flux_generated/generated_images/owl.png,owl.png,2.0,168,25.0,0.9,2,90.66727757453918,96.05224132537842,100.0,2.0
239,/home/jihoon/jihoon/RVCD/MAIN_CODES/DB_single_concept_images_flux_generated/generated_images/owl.png,owl.png,2.5,134,16.0,0.9,2,90.66727757453918,95.92496752738953,100.0,2.0
239,/home/jihoon/jihoon/RVCD/MAIN_CODES/DB_single_concept_images_flux_generated/generated_images/owl.png,owl.png,3.0,112,11.11111111111111,0.9,2,90.66727757453918,96.57060503959656,100.0,2.0
240,/home/jihoon/jihoon/RVCD/MAIN_CODES/DB_single_concept_images_flux_generated/generated_images/ox.png,ox.png,1.0,336,100.0,0.9,43,90.03803133964539,90.03803133964539,100.0,43.0
240,/home/jihoon/jihoon/RVCD/MAIN_CODES/DB_single_concept_images_flux_generated/generated_images/ox.png,ox.png,1.5,224,44.44444444444444,0.9,43,90.03803133964539,92.08824634552002,97.67441860465117,42.0
240,/home/jihoon/jihoon/RVCD/MAIN_CODES/DB_single_concept_images_flux_generated/generated_images/ox.png,ox.png,2.0,168,25.0,0.9,43,90.03803133964539,88.51151466369629,95.34883720930233,41.0
240,/home/jihoon/jihoon/RVCD/MAIN_CODES/DB_single_concept_images_flux_generated/generated_images/ox.png,ox.png,2.5,134,16.0,0.9,43,90.03803133964539,88.32213878631592,88.37209302325581,38.0
240,/home/jihoon/jihoon/RVCD/MAIN_CODES/DB_single_concept_images_flux_generated/generated_images/ox.png,ox.png,3.0,112,11.11111111111111,0.9,43,90.03803133964539,85.71022152900696,83.72093023255815,36.0
241,/home/jihoon/jihoon/RVCD/MAIN_CODES/DB_single_concept_images_flux_generated/generated_images/oxen.png,oxen.png,1.0,336,100.0,0.9,2,94.19053196907043,94.19053196907043,100.0,2.0
241,/home/jihoon/jihoon/RVCD/MAIN_CODES/DB_single_concept_images_flux_generated/generated_images/oxen.png,oxen.png,1.5,224,44.44444444444444,0.9,2,94.19053196907043,91.47583246231079,100.0,2.0
241,/home/jihoon/jihoon/RVCD/MAIN_CODES/DB_single_concept_images_flux_generated/generated_images/oxen.png,oxen.png,2.0,168,25.0,0.9,2,94.19053196907043,93.61491203308105,100.0,2.0
241,/home/jihoon/jihoon/RVCD/MAIN_CODES/DB_single_concept_images_flux_generated/generated_images/oxen.png,oxen.png,2.5,134,16.0,0.9,2,94.19053196907043,91.81510210037231,100.0,2.0
241,/home/jihoon/jihoon/RVCD/MAIN_CODES/DB_single_concept_images_flux_generated/generated_images/oxen.png,oxen.png,3.0,112,11.11111111111111,0.9,2,94.19053196907043,90.51841497421265,100.0,2.0
242,/home/jihoon/jihoon/RVCD/MAIN_CODES/DB_single_concept_images_flux_generated/generated_images/paddleboat.png,paddleboat.png,1.0,336,100.0,0.9,2,94.03253197669983,94.03253197669983,100.0,2.0
242,/home/jihoon/jihoon/RVCD/MAIN_CODES/DB_single_concept_images_flux_generated/generated_images/paddleboat.png,paddleboat.png,1.5,224,44.44444444444444,0.9,2,94.03253197669983,94.30045485496521,100.0,2.0
242,/home/jihoon/jihoon/RVCD/MAIN_CODES/DB_single_concept_images_flux_generated/generated_images/paddleboat.png,paddleboat.png,2.0,168,25.0,0.9,2,94.03253197669983,93.66545081138611,100.0,2.0
242,/home/jihoon/jihoon/RVCD/MAIN_CODES/DB_single_concept_images_flux_generated/generated_images/paddleboat.png,paddleboat.png,2.5,134,16.0,0.9,2,94.03253197669983,90.64843654632568,100.0,2.0
242,/home/jihoon/jihoon/RVCD/MAIN_CODES/DB_single_concept_images_flux_generated/generated_images/paddleboat.png,paddleboat.png,3.0,112,11.11111111111111,0.9,2,94.03253197669983,92.48466491699219,100.0,2.0
243,/home/jihoon/jihoon/RVCD/MAIN_CODES/DB_single_concept_images_flux_generated/generated_images/palomino.png,palomino.png,1.0,336,100.0,0.9,2,94.74504590034485,94.74504590034485,100.0,2.0
243,/home/jihoon/jihoon/RVCD/MAIN_CODES/DB_single_concept_images_flux_generated/generated_images/palomino.png,palomino.png,1.5,224,44.44444444444444,0.9,2,94.74504590034485,95.39863467216492,100.0,2.0
243,/home/jihoon/jihoon/RVCD/MAIN_CODES/DB_single_concept_images_flux_generated/generated_images/palomino.png,palomino.png,2.0,168,25.0,0.9,2,94.74504590034485,95.99537253379822,100.0,2.0
243,/home/jihoon/jihoon/RVCD/MAIN_CODES/DB_single_concept_images_flux_generated/generated_images/palomino.png,palomino.png,2.5,134,16.0,0.9,2,94.74504590034485,95.9681510925293,100.0,2.0
243,/home/jihoon/jihoon/RVCD/MAIN_CODES/DB_single_concept_images_flux_generated/generated_images/palomino.png,palomino.png,3.0,112,11.11111111111111,0.9,2,94.74504590034485,95.50610184669495,100.0,2.0
244,/home/jihoon/jihoon/RVCD/MAIN_CODES/DB_single_concept_images_flux_generated/generated_images/pancake.png,pancake.png,1.0,336,100.0,0.9,16,90.1301622390747,90.1301622390747,100.0,16.0
244,/home/jihoon/jihoon/RVCD/MAIN_CODES/DB_single_concept_images_flux_generated/generated_images/pancake.png,pancake.png,1.5,224,44.44444444444444,0.9,16,90.1301622390747,91.57826900482178,93.75,15.0
244,/home/jihoon/jihoon/RVCD/MAIN_CODES/DB_single_concept_images_flux_generated/generated_images/pancake.png,pancake.png,2.0,168,25.0,0.9,16,90.1301622390747,90.95975160598755,87.5,14.0
244,/home/jihoon/jihoon/RVCD/MAIN_CODES/DB_single_concept_images_flux_generated/generated_images/pancake.png,pancake.png,2.5,134,16.0,0.9,16,90.1301622390747,91.28743410110474,81.25,13.0
244,/home/jihoon/jihoon/RVCD/MAIN_CODES/DB_single_concept_images_flux_generated/generated_images/pancake.png,pancake.png,3.0,112,11.11111111111111,0.9,16,90.1301622390747,89.66688513755798,87.5,14.0
245,/home/jihoon/jihoon/RVCD/MAIN_CODES/DB_single_concept_images_flux_generated/generated_images/panda.png,panda.png,1.0,336,100.0,0.9,2,96.69790267944336,96.69790267944336,100.0,2.0
245,/home/jihoon/jihoon/RVCD/MAIN_CODES/DB_single_concept_images_flux_generated/generated_images/panda.png,panda.png,1.5,224,44.44444444444444,0.9,2,96.69790267944336,95.87872624397278,100.0,2.0
245,/home/jihoon/jihoon/RVCD/MAIN_CODES/DB_single_concept_images_flux_generated/generated_images/panda.png,panda.png,2.0,168,25.0,0.9,2,96.69790267944336,95.96056938171387,100.0,2.0
245,/home/jihoon/jihoon/RVCD/MAIN_CODES/DB_single_concept_images_flux_generated/generated_images/panda.png,panda.png,2.5,134,16.0,0.9,2,96.69790267944336,96.10775113105774,100.0,2.0
245,/home/jihoon/jihoon/RVCD/MAIN_CODES/DB_single_concept_images_flux_generated/generated_images/panda.png,panda.png,3.0,112,11.11111111111111,0.9,2,96.69790267944336,95.97052335739136,100.0,2.0
246,/home/jihoon/jihoon/RVCD/MAIN_CODES/DB_single_concept_images_flux_generated/generated_images/parakeet.png,parakeet.png,1.0,336,100.0,0.9,6,90.95085859298706,90.95085859298706,100.0,6.0
246,/home/jihoon/jihoon/RVCD/MAIN_CODES/DB_single_concept_images_flux_generated/generated_images/parakeet.png,parakeet.png,1.5,224,44.44444444444444,0.9,6,90.95085859298706,94.41018104553223,100.0,6.0
246,/home/jihoon/jihoon/RVCD/MAIN_CODES/DB_single_concept_images_flux_generated/generated_images/parakeet.png,parakeet.png,2.0,168,25.0,0.9,6,90.95085859298706,94.5742130279541,83.33333333333333,5.0
246,/home/jihoon/jihoon/RVCD/MAIN_CODES/DB_single_concept_images_flux_generated/generated_images/parakeet.png,parakeet.png,2.5,134,16.0,0.9,6,90.95085859298706,93.6558187007904,66.66666666666667,4.0
246,/home/jihoon/jihoon/RVCD/MAIN_CODES/DB_single_concept_images_flux_generated/generated_images/parakeet.png,parakeet.png,3.0,112,11.11111111111111,0.9,6,90.95085859298706,93.61971616744995,66.66666666666667,4.0
247,/home/jihoon/jihoon/RVCD/MAIN_CODES/DB_single_concept_images_flux_generated/generated_images/parking meter.png,parking meter.png,1.0,336,100.0,0.9,6,90.31102657318115,90.31102657318115,100.0,6.0
247,/home/jihoon/jihoon/RVCD/MAIN_CODES/DB_single_concept_images_flux_generated/generated_images/parking meter.png,parking meter.png,1.5,224,44.44444444444444,0.9,6,90.31102657318115,29.353520274162292,50.0,3.0
247,/home/jihoon/jihoon/RVCD/MAIN_CODES/DB_single_concept_images_flux_generated/generated_images/parking meter.png,parking meter.png,2.0,168,25.0,0.9,6,90.31102657318115,28.831222653388977,33.333333333333336,2.0
247,/home/jihoon/jihoon/RVCD/MAIN_CODES/DB_single_concept_images_flux_generated/generated_images/parking meter.png,parking meter.png,2.5,134,16.0,0.9,6,90.31102657318115,6.994417309761047,0.0,0.0
247,/home/jihoon/jihoon/RVCD/MAIN_CODES/DB_single_concept_images_flux_generated/generated_images/parking meter.png,parking meter.png,3.0,112,11.11111111111111,0.9,6,90.31102657318115,5.5579524487257,0.0,0.0
248,/home/jihoon/jihoon/RVCD/MAIN_CODES/DB_single_concept_images_flux_generated/generated_images/parkingmeter.png,parkingmeter.png,1.0,336,100.0,0.9,6,90.31102657318115,90.31102657318115,100.0,6.0
248,/home/jihoon/jihoon/RVCD/MAIN_CODES/DB_single_concept_images_flux_generated/generated_images/parkingmeter.png,parkingmeter.png,1.5,224,44.44444444444444,0.9,6,90.31102657318115,29.353520274162292,50.0,3.0
248,/home/jihoon/jihoon/RVCD/MAIN_CODES/DB_single_concept_images_flux_generated/generated_images/parkingmeter.png,parkingmeter.png,2.0,168,25.0,0.9,6,90.31102657318115,28.831222653388977,33.333333333333336,2.0
248,/home/jihoon/jihoon/RVCD/MAIN_CODES/DB_single_concept_images_flux_generated/generated_images/parkingmeter.png,parkingmeter.png,2.5,134,16.0,0.9,6,90.31102657318115,6.994417309761047,0.0,0.0
248,/home/jihoon/jihoon/RVCD/MAIN_CODES/DB_single_concept_images_flux_generated/generated_images/parkingmeter.png,parkingmeter.png,3.0,112,11.11111111111111,0.9,6,90.31102657318115,5.5579524487257,0.0,0.0
249,/home/jihoon/jihoon/RVCD/MAIN_CODES/DB_single_concept_images_flux_generated/generated_images/parrot.png,parrot.png,1.0,336,100.0,0.9,6,90.70369601249695,90.70369601249695,100.0,6.0
249,/home/jihoon/jihoon/RVCD/MAIN_CODES/DB_single_concept_images_flux_generated/generated_images/parrot.png,parrot.png,1.5,224,44.44444444444444,0.9,6,90.70369601249695,94.07185316085815,83.33333333333333,5.0
249,/home/jihoon/jihoon/RVCD/MAIN_CODES/DB_single_concept_images_flux_generated/generated_images/parrot.png,parrot.png,2.0,168,25.0,0.9,6,90.70369601249695,91.62952899932861,83.33333333333333,5.0
249,/home/jihoon/jihoon/RVCD/MAIN_CODES/DB_single_concept_images_flux_generated/generated_images/parrot.png,parrot.png,2.5,134,16.0,0.9,6,90.70369601249695,92.3727810382843,100.0,6.0
249,/home/jihoon/jihoon/RVCD/MAIN_CODES/DB_single_concept_images_flux_generated/generated_images/parrot.png,parrot.png,3.0,112,11.11111111111111,0.9,6,90.70369601249695,93.91162395477295,83.33333333333333,5.0
250,/home/jihoon/jihoon/RVCD/MAIN_CODES/DB_single_concept_images_flux_generated/generated_images/passenger.png,passenger.png,1.0,336,100.0,0.9,6,90.3577208518982,90.3577208518982,100.0,6.0
250,/home/jihoon/jihoon/RVCD/MAIN_CODES/DB_single_concept_images_flux_generated/generated_images/passenger.png,passenger.png,1.5,224,44.44444444444444,0.9,6,90.3577208518982,89.57165479660034,83.33333333333333,5.0
250,/home/jihoon/jihoon/RVCD/MAIN_CODES/DB_single_concept_images_flux_generated/generated_images/passenger.png,passenger.png,2.0,168,25.0,0.9,6,90.3577208518982,87.96511888504028,83.33333333333333,5.0
250,/home/jihoon/jihoon/RVCD/MAIN_CODES/DB_single_concept_images_flux_generated/generated_images/passenger.png,passenger.png,2.5,134,16.0,0.9,6,90.3577208518982,87.29674220085144,83.33333333333333,5.0
250,/home/jihoon/jihoon/RVCD/MAIN_CODES/DB_single_concept_images_flux_generated/generated_images/passenger.png,passenger.png,3.0,112,11.11111111111111,0.9,6,90.3577208518982,86.96059584617615,66.66666666666667,4.0
251,/home/jihoon/jihoon/RVCD/MAIN_CODES/DB_single_concept_images_flux_generated/generated_images/patient.png,patient.png,1.0,336,100.0,0.9,16,90.02849459648132,90.02849459648132,100.0,16.0
251,/home/jihoon/jihoon/RVCD/MAIN_CODES/DB_single_concept_images_flux_generated/generated_images/patient.png,patient.png,1.5,224,44.44444444444444,0.9,16,90.02849459648132,87.56499886512756,75.0,12.0
251,/home/jihoon/jihoon/RVCD/MAIN_CODES/DB_single_concept_images_flux_generated/generated_images/patient.png,patient.png,2.0,168,25.0,0.9,16,90.02849459648132,87.3803198337555,62.5,10.0
251,/home/jihoon/jihoon/RVCD/MAIN_CODES/DB_single_concept_images_flux_generated/generated_images/patient.png,patient.png,2.5,134,16.0,0.9,16,90.02849459648132,85.80131530761719,50.0,8.0
251,/home/jihoon/jihoon/RVCD/MAIN_CODES/DB_single_concept_images_flux_generated/generated_images/patient.png,patient.png,3.0,112,11.11111111111111,0.9,16,90.02849459648132,86.49774193763733,43.75,7.0
252,/home/jihoon/jihoon/RVCD/MAIN_CODES/DB_single_concept_images_flux_generated/generated_images/peacock.png,peacock.png,1.0,336,100.0,0.9,2,94.98413801193237,94.98413801193237,100.0,2.0
252,/home/jihoon/jihoon/RVCD/MAIN_CODES/DB_single_concept_images_flux_generated/generated_images/peacock.png,peacock.png,1.5,224,44.44444444444444,0.9,2,94.98413801193237,95.36848664283752,100.0,2.0
252,/home/jihoon/jihoon/RVCD/MAIN_CODES/DB_single_concept_images_flux_generated/generated_images/peacock.png,peacock.png,2.0,168,25.0,0.9,2,94.98413801193237,93.50221157073975,100.0,2.0
252,/home/jihoon/jihoon/RVCD/MAIN_CODES/DB_single_concept_images_flux_generated/generated_images/peacock.png,peacock.png,2.5,134,16.0,0.9,2,94.98413801193237,93.83465051651001,100.0,2.0
252,/home/jihoon/jihoon/RVCD/MAIN_CODES/DB_single_concept_images_flux_generated/generated_images/peacock.png,peacock.png,3.0,112,11.11111111111111,0.9,2,94.98413801193237,94.85614895820618,100.0,2.0
253,/home/jihoon/jihoon/RVCD/MAIN_CODES/DB_single_concept_images_flux_generated/generated_images/peafowl.png,peafowl.png,1.0,336,100.0,0.9,2,91.02084636688232,91.02084636688232,100.0,2.0
253,/home/jihoon/jihoon/RVCD/MAIN_CODES/DB_single_concept_images_flux_generated/generated_images/peafowl.png,peafowl.png,1.5,224,44.44444444444444,0.9,2,91.02084636688232,90.66030383110046,100.0,2.0
253,/home/jihoon/jihoon/RVCD/MAIN_CODES/DB_single_concept_images_flux_generated/generated_images/peafowl.png,peafowl.png,2.0,168,25.0,0.9,2,91.02084636688232,89.2792820930481,100.0,2.0
253,/home/jihoon/jihoon/RVCD/MAIN_CODES/DB_single_concept_images_flux_generated/generated_images/peafowl.png,peafowl.png,2.5,134,16.0,0.9,2,91.02084636688232,86.77592277526855,100.0,2.0
253,/home/jihoon/jihoon/RVCD/MAIN_CODES/DB_single_concept_images_flux_generated/generated_images/peafowl.png,peafowl.png,3.0,112,11.11111111111111,0.9,2,91.02084636688232,89.34750556945801,100.0,2.0
254,/home/jihoon/jihoon/RVCD/MAIN_CODES/DB_single_concept_images_flux_generated/generated_images/pelican.png,pelican.png,1.0,336,100.0,0.9,7,90.85119962692261,90.85119962692261,100.0,7.0
254,/home/jihoon/jihoon/RVCD/MAIN_CODES/DB_single_concept_images_flux_generated/generated_images/pelican.png,pelican.png,1.5,224,44.44444444444444,0.9,7,90.85119962692261,91.87533259391785,85.71428571428571,6.0
254,/home/jihoon/jihoon/RVCD/MAIN_CODES/DB_single_concept_images_flux_generated/generated_images/pelican.png,pelican.png,2.0,168,25.0,0.9,7,90.85119962692261,91.43322706222534,85.71428571428571,6.0
254,/home/jihoon/jihoon/RVCD/MAIN_CODES/DB_single_concept_images_flux_generated/generated_images/pelican.png,pelican.png,2.5,134,16.0,0.9,7,90.85119962692261,92.92033314704895,71.42857142857143,5.0
254,/home/jihoon/jihoon/RVCD/MAIN_CODES/DB_single_concept_images_flux_generated/generated_images/pelican.png,pelican.png,3.0,112,11.11111111111111,0.9,7,90.85119962692261,90.65693020820618,85.71428571428571,6.0
255,/home/jihoon/jihoon/RVCD/MAIN_CODES/DB_single_concept_images_flux_generated/generated_images/people.png,people.png,1.0,336,100.0,0.9,56,90.03448486328125,90.03448486328125,98.21428571428571,55.0
255,/home/jihoon/jihoon/RVCD/MAIN_CODES/DB_single_concept_images_flux_generated/generated_images/people.png,people.png,1.5,224,44.44444444444444,0.9,56,90.03448486328125,89.17205333709717,83.92857142857143,47.0
255,/home/jihoon/jihoon/RVCD/MAIN_CODES/DB_single_concept_images_flux_generated/generated_images/people.png,people.png,2.0,168,25.0,0.9,56,90.03448486328125,87.261301279068,75.0,42.0
255,/home/jihoon/jihoon/RVCD/MAIN_CODES/DB_single_concept_images_flux_generated/generated_images/people.png,people.png,2.5,134,16.0,0.9,56,90.03448486328125,86.72767877578735,67.85714285714286,38.0
255,/home/jihoon/jihoon/RVCD/MAIN_CODES/DB_single_concept_images_flux_generated/generated_images/people.png,people.png,3.0,112,11.11111111111111,0.9,56,90.03448486328125,86.66437268257141,71.42857142857143,40.0
256,/home/jihoon/jihoon/RVCD/MAIN_CODES/DB_single_concept_images_flux_generated/generated_images/person.png,person.png,1.0,336,100.0,0.9,15,90.57578444480896,90.57578444480896,100.0,15.0
256,/home/jihoon/jihoon/RVCD/MAIN_CODES/DB_single_concept_images_flux_generated/generated_images/person.png,person.png,1.5,224,44.44444444444444,0.9,15,90.57578444480896,87.70555853843689,73.33333333333333,11.0
256,/home/jihoon/jihoon/RVCD/MAIN_CODES/DB_single_concept_images_flux_generated/generated_images/person.png,person.png,2.0,168,25.0,0.9,15,90.57578444480896,84.14599299430847,60.0,9.0
256,/home/jihoon/jihoon/RVCD/MAIN_CODES/DB_single_concept_images_flux_generated/generated_images/person.png,person.png,2.5,134,16.0,0.9,15,90.57578444480896,86.2744688987732,66.66666666666667,10.000000000000002
256,/home/jihoon/jihoon/RVCD/MAIN_CODES/DB_single_concept_images_flux_generated/generated_images/person.png,person.png,3.0,112,11.11111111111111,0.9,15,90.57578444480896,86.81427836418152,53.333333333333336,8.0
257,/home/jihoon/jihoon/RVCD/MAIN_CODES/DB_single_concept_images_flux_generated/generated_images/pew.png,pew.png,1.0,336,100.0,0.9,1,90.70830345153809,90.70830345153809,100.0,1.0
257,/home/jihoon/jihoon/RVCD/MAIN_CODES/DB_single_concept_images_flux_generated/generated_images/pew.png,pew.png,1.5,224,44.44444444444444,0.9,1,90.70830345153809,92.22765564918518,100.0,1.0
257,/home/jihoon/jihoon/RVCD/MAIN_CODES/DB_single_concept_images_flux_generated/generated_images/pew.png,pew.png,2.0,168,25.0,0.9,1,90.70830345153809,91.88889265060425,100.0,1.0
257,/home/jihoon/jihoon/RVCD/MAIN_CODES/DB_single_concept_images_flux_generated/generated_images/pew.png,pew.png,2.5,134,16.0,0.9,1,90.70830345153809,90.67441821098328,100.0,1.0
257,/home/jihoon/jihoon/RVCD/MAIN_CODES/DB_single_concept_images_flux_generated/generated_images/pew.png,pew.png,3.0,112,11.11111111111111,0.9,1,90.70830345153809,88.48422169685364,100.0,1.0
258,/home/jihoon/jihoon/RVCD/MAIN_CODES/DB_single_concept_images_flux_generated/generated_images/pheasant.png,pheasant.png,1.0,336,100.0,0.9,4,90.08511900901794,90.08511900901794,100.0,4.0
258,/home/jihoon/jihoon/RVCD/MAIN_CODES/DB_single_concept_images_flux_generated/generated_images/pheasant.png,pheasant.png,1.5,224,44.44444444444444,0.9,4,90.08511900901794,91.70804619789124,100.0,4.0
258,/home/jihoon/jihoon/RVCD/MAIN_CODES/DB_single_concept_images_flux_generated/generated_images/pheasant.png,pheasant.png,2.0,168,25.0,0.9,4,90.08511900901794,90.56474566459656,75.0,3.0
258,/home/jihoon/jihoon/RVCD/MAIN_CODES/DB_single_concept_images_flux_generated/generated_images/pheasant.png,pheasant.png,2.5,134,16.0,0.9,4,90.08511900901794,89.09053802490234,100.0,4.0
258,/home/jihoon/jihoon/RVCD/MAIN_CODES/DB_single_concept_images_flux_generated/generated_images/pheasant.png,pheasant.png,3.0,112,11.11111111111111,0.9,4,90.08511900901794,93.36448907852173,100.0,4.0
259,/home/jihoon/jihoon/RVCD/MAIN_CODES/DB_single_concept_images_flux_generated/generated_images/phon.png,phon.png,1.0,336,100.0,0.9,4,90.00867009162903,90.00867009162903,100.0,4.0
259,/home/jihoon/jihoon/RVCD/MAIN_CODES/DB_single_concept_images_flux_generated/generated_images/phon.png,phon.png,1.5,224,44.44444444444444,0.9,4,90.00867009162903,92.7922248840332,75.0,3.0
259,/home/jihoon/jihoon/RVCD/MAIN_CODES/DB_single_concept_images_flux_generated/generated_images/phon.png,phon.png,2.0,168,25.0,0.9,4,90.00867009162903,92.1897828578949,75.0,3.0
259,/home/jihoon/jihoon/RVCD/MAIN_CODES/DB_single_concept_images_flux_generated/generated_images/phon.png,phon.png,2.5,134,16.0,0.9,4,90.00867009162903,94.51107978820801,75.0,3.0
259,/home/jihoon/jihoon/RVCD/MAIN_CODES/DB_single_concept_images_flux_generated/generated_images/phon.png,phon.png,3.0,112,11.11111111111111,0.9,4,90.00867009162903,94.62872743606567,75.0,3.0
260,/home/jihoon/jihoon/RVCD/MAIN_CODES/DB_single_concept_images_flux_generated/generated_images/phone.png,phone.png,1.0,336,100.0,0.9,3,95.64352631568909,95.64352631568909,100.0,3.0
260,/home/jihoon/jihoon/RVCD/MAIN_CODES/DB_single_concept_images_flux_generated/generated_images/phone.png,phone.png,1.5,224,44.44444444444444,0.9,3,95.64352631568909,95.17288208007812,100.0,3.0
260,/home/jihoon/jihoon/RVCD/MAIN_CODES/DB_single_concept_images_flux_generated/generated_images/phone.png,phone.png,2.0,168,25.0,0.9,3,95.64352631568909,95.05975842475891,100.0,3.0
260,/home/jihoon/jihoon/RVCD/MAIN_CODES/DB_single_concept_images_flux_generated/generated_images/phone.png,phone.png,2.5,134,16.0,0.9,3,95.64352631568909,93.13390851020813,100.0,3.0
260,/home/jihoon/jihoon/RVCD/MAIN_CODES/DB_single_concept_images_flux_generated/generated_images/phone.png,phone.png,3.0,112,11.11111111111111,0.9,3,95.64352631568909,92.65148043632507,100.0,3.0
261,/home/jihoon/jihoon/RVCD/MAIN_CODES/DB_single_concept_images_flux_generated/generated_images/pickup.png,pickup.png,1.0,336,100.0,0.9,2,97.64118194580078,97.64118194580078,100.0,2.0
261,/home/jihoon/jihoon/RVCD/MAIN_CODES/DB_single_concept_images_flux_generated/generated_images/pickup.png,pickup.png,1.5,224,44.44444444444444,0.9,2,97.64118194580078,97.47413396835327,100.0,2.0
261,/home/jihoon/jihoon/RVCD/MAIN_CODES/DB_single_concept_images_flux_generated/generated_images/pickup.png,pickup.png,2.0,168,25.0,0.9,2,97.64118194580078,97.36413955688477,100.0,2.0
261,/home/jihoon/jihoon/RVCD/MAIN_CODES/DB_single_concept_images_flux_generated/generated_images/pickup.png,pickup.png,2.5,134,16.0,0.9,2,97.64118194580078,97.20259308815002,100.0,2.0
261,/home/jihoon/jihoon/RVCD/MAIN_CODES/DB_single_concept_images_flux_generated/generated_images/pickup.png,pickup.png,3.0,112,11.11111111111111,0.9,2,97.64118194580078,92.88162589073181,100.0,2.0
262,/home/jihoon/jihoon/RVCD/MAIN_CODES/DB_single_concept_images_flux_generated/generated_images/pigeon.png,pigeon.png,1.0,336,100.0,0.9,2,93.0553674697876,93.0553674697876,100.0,2.0
262,/home/jihoon/jihoon/RVCD/MAIN_CODES/DB_single_concept_images_flux_generated/generated_images/pigeon.png,pigeon.png,1.5,224,44.44444444444444,0.9,2,93.0553674697876,93.51177215576172,100.0,2.0
262,/home/jihoon/jihoon/RVCD/MAIN_CODES/DB_single_concept_images_flux_generated/generated_images/pigeon.png,pigeon.png,2.0,168,25.0,0.9,2,93.0553674697876,92.46657490730286,100.0,2.0
262,/home/jihoon/jihoon/RVCD/MAIN_CODES/DB_single_concept_images_flux_generated/generated_images/pigeon.png,pigeon.png,2.5,134,16.0,0.9,2,93.0553674697876,92.54481792449951,100.0,2.0
262,/home/jihoon/jihoon/RVCD/MAIN_CODES/DB_single_concept_images_flux_generated/generated_images/pigeon.png,pigeon.png,3.0,112,11.11111111111111,0.9,2,93.0553674697876,94.04301643371582,100.0,2.0
263,/home/jihoon/jihoon/RVCD/MAIN_CODES/DB_single_concept_images_flux_generated/generated_images/pitbull.png,pitbull.png,1.0,336,100.0,0.9,1,95.86566686630249,95.86566686630249,100.0,1.0
263,/home/jihoon/jihoon/RVCD/MAIN_CODES/DB_single_concept_images_flux_generated/generated_images/pitbull.png,pitbull.png,1.5,224,44.44444444444444,0.9,1,95.86566686630249,95.65587639808655,100.0,1.0
263,/home/jihoon/jihoon/RVCD/MAIN_CODES/DB_single_concept_images_flux_generated/generated_images/pitbull.png,pitbull.png,2.0,168,25.0,0.9,1,95.86566686630249,95.34370303153992,100.0,1.0
263,/home/jihoon/jihoon/RVCD/MAIN_CODES/DB_single_concept_images_flux_generated/generated_images/pitbull.png,pitbull.png,2.5,134,16.0,0.9,1,95.86566686630249,94.36720013618469,100.0,1.0
263,/home/jihoon/jihoon/RVCD/MAIN_CODES/DB_single_concept_images_flux_generated/generated_images/pitbull.png,pitbull.png,3.0,112,11.11111111111111,0.9,1,95.86566686630249,94.90363001823425,100.0,1.0
264,/home/jihoon/jihoon/RVCD/MAIN_CODES/DB_single_concept_images_flux_generated/generated_images/pitcher.png,pitcher.png,1.0,336,100.0,0.9,7,91.83849096298218,91.83849096298218,100.0,7.0
264,/home/jihoon/jihoon/RVCD/MAIN_CODES/DB_single_concept_images_flux_generated/generated_images/pitcher.png,pitcher.png,1.5,224,44.44444444444444,0.9,7,91.83849096298218,90.55175185203552,100.0,7.0
264,/home/jihoon/jihoon/RVCD/MAIN_CODES/DB_single_concept_images_flux_generated/generated_images/pitcher.png,pitcher.png,2.0,168,25.0,0.9,7,91.83849096298218,90.09345769882202,100.0,7.0
264,/home/jihoon/jihoon/RVCD/MAIN_CODES/DB_single_concept_images_flux_generated/generated_images/pitcher.png,pitcher.png,2.5,134,16.0,0.9,7,91.83849096298218,91.1022424697876,100.0,7.0
264,/home/jihoon/jihoon/RVCD/MAIN_CODES/DB_single_concept_images_flux_generated/generated_images/pitcher.png,pitcher.png,3.0,112,11.11111111111111,0.9,7,91.83849096298218,89.72463607788086,100.0,7.0
265,/home/jihoon/jihoon/RVCD/MAIN_CODES/DB_single_concept_images_flux_generated/generated_images/pizza.png,pizza.png,1.0,336,100.0,0.9,1,93.62215995788574,93.62215995788574,100.0,1.0
265,/home/jihoon/jihoon/RVCD/MAIN_CODES/DB_single_concept_images_flux_generated/generated_images/pizza.png,pizza.png,1.5,224,44.44444444444444,0.9,1,93.62215995788574,94.31878328323364,100.0,1.0
265,/home/jihoon/jihoon/RVCD/MAIN_CODES/DB_single_concept_images_flux_generated/generated_images/pizza.png,pizza.png,2.0,168,25.0,0.9,1,93.62215995788574,94.66261267662048,100.0,1.0
265,/home/jihoon/jihoon/RVCD/MAIN_CODES/DB_single_concept_images_flux_generated/generated_images/pizza.png,pizza.png,2.5,134,16.0,0.9,1,93.62215995788574,95.08035778999329,100.0,1.0
265,/home/jihoon/jihoon/RVCD/MAIN_CODES/DB_single_concept_images_flux_generated/generated_images/pizza.png,pizza.png,3.0,112,11.11111111111111,0.9,1,93.62215995788574,94.15770769119263,100.0,1.0
266,/home/jihoon/jihoon/RVCD/MAIN_CODES/DB_single_concept_images_flux_generated/generated_images/plane.png,plane.png,1.0,336,100.0,0.9,3,96.74025774002075,96.74025774002075,100.0,3.0
266,/home/jihoon/jihoon/RVCD/MAIN_CODES/DB_single_concept_images_flux_generated/generated_images/plane.png,plane.png,1.5,224,44.44444444444444,0.9,3,96.74025774002075,96.63872718811035,100.0,3.0
266,/home/jihoon/jihoon/RVCD/MAIN_CODES/DB_single_concept_images_flux_generated/generated_images/plane.png,plane.png,2.0,168,25.0,0.9,3,96.74025774002075,96.20046615600586,100.0,3.0
266,/home/jihoon/jihoon/RVCD/MAIN_CODES/DB_single_concept_images_flux_generated/generated_images/plane.png,plane.png,2.5,134,16.0,0.9,3,96.74025774002075,96.75644636154175,100.0,3.0
266,/home/jihoon/jihoon/RVCD/MAIN_CODES/DB_single_concept_images_flux_generated/generated_images/plane.png,plane.png,3.0,112,11.11111111111111,0.9,3,96.74025774002075,96.46801948547363,100.0,3.0
267,/home/jihoon/jihoon/RVCD/MAIN_CODES/DB_single_concept_images_flux_generated/generated_images/player.png,player.png,1.0,336,100.0,0.9,37,90.04329442977905,90.04329442977905,100.0,37.0
267,/home/jihoon/jihoon/RVCD/MAIN_CODES/DB_single_concept_images_flux_generated/generated_images/player.png,player.png,1.5,224,44.44444444444444,0.9,37,90.04329442977905,89.37292695045471,75.67567567567568,28.0
267,/home/jihoon/jihoon/RVCD/MAIN_CODES/DB_single_concept_images_flux_generated/generated_images/player.png,player.png,2.0,168,25.0,0.9,37,90.04329442977905,87.68014311790466,78.37837837837837,29.0
267,/home/jihoon/jihoon/RVCD/MAIN_CODES/DB_single_concept_images_flux_generated/generated_images/player.png,player.png,2.5,134,16.0,0.9,37,90.04329442977905,84.34633016586304,72.97297297297297,27.0
267,/home/jihoon/jihoon/RVCD/MAIN_CODES/DB_single_concept_images_flux_generated/generated_images/player.png,player.png,3.0,112,11.11111111111111,0.9,37,90.04329442977905,86.27885580062866,62.16216216216216,23.0
268,/home/jihoon/jihoon/RVCD/MAIN_CODES/DB_single_concept_images_flux_generated/generated_images/pocketknife.png,pocketknife.png,1.0,336,100.0,0.9,2,91.71535968780518,91.71535968780518,100.0,2.0
268,/home/jihoon/jihoon/RVCD/MAIN_CODES/DB_single_concept_images_flux_generated/generated_images/pocketknife.png,pocketknife.png,1.5,224,44.44444444444444,0.9,2,91.71535968780518,92.53997802734375,100.0,2.0
268,/home/jihoon/jihoon/RVCD/MAIN_CODES/DB_single_concept_images_flux_generated/generated_images/pocketknife.png,pocketknife.png,2.0,168,25.0,0.9,2,91.71535968780518,93.13433170318604,50.0,1.0
268,/home/jihoon/jihoon/RVCD/MAIN_CODES/DB_single_concept_images_flux_generated/generated_images/pocketknife.png,pocketknife.png,2.5,134,16.0,0.9,2,91.71535968780518,91.80605411529541,100.0,2.0
268,/home/jihoon/jihoon/RVCD/MAIN_CODES/DB_single_concept_images_flux_generated/generated_images/pocketknife.png,pocketknife.png,3.0,112,11.11111111111111,0.9,2,91.71535968780518,91.32424592971802,100.0,2.0
269,/home/jihoon/jihoon/RVCD/MAIN_CODES/DB_single_concept_images_flux_generated/generated_images/policeman.png,policeman.png,1.0,336,100.0,0.9,8,90.28770327568054,90.28770327568054,100.0,8.0
269,/home/jihoon/jihoon/RVCD/MAIN_CODES/DB_single_concept_images_flux_generated/generated_images/policeman.png,policeman.png,1.5,224,44.44444444444444,0.9,8,90.28770327568054,92.44918823242188,87.5,7.0
269,/home/jihoon/jihoon/RVCD/MAIN_CODES/DB_single_concept_images_flux_generated/generated_images/policeman.png,policeman.png,2.0,168,25.0,0.9,8,90.28770327568054,92.00679659843445,87.5,7.0
269,/home/jihoon/jihoon/RVCD/MAIN_CODES/DB_single_concept_images_flux_generated/generated_images/policeman.png,policeman.png,2.5,134,16.0,0.9,8,90.28770327568054,92.33459830284119,87.5,7.0
269,/home/jihoon/jihoon/RVCD/MAIN_CODES/DB_single_concept_images_flux_generated/generated_images/policeman.png,policeman.png,3.0,112,11.11111111111111,0.9,8,90.28770327568054,91.61893129348755,87.5,7.0
270,/home/jihoon/jihoon/RVCD/MAIN_CODES/DB_single_concept_images_flux_generated/generated_images/politician.png,politician.png,1.0,336,100.0,0.9,3,90.26376605033875,90.26376605033875,100.0,3.0
270,/home/jihoon/jihoon/RVCD/MAIN_CODES/DB_single_concept_images_flux_generated/generated_images/politician.png,politician.png,1.5,224,44.44444444444444,0.9,3,90.26376605033875,90.69132804870605,100.0,3.0
270,/home/jihoon/jihoon/RVCD/MAIN_CODES/DB_single_concept_images_flux_generated/generated_images/politician.png,politician.png,2.0,168,25.0,0.9,3,90.26376605033875,89.76693153381348,100.0,3.0
270,/home/jihoon/jihoon/RVCD/MAIN_CODES/DB_single_concept_images_flux_generated/generated_images/politician.png,politician.png,2.5,134,16.0,0.9,3,90.26376605033875,89.1708254814148,66.66666666666667,2.0
270,/home/jihoon/jihoon/RVCD/MAIN_CODES/DB_single_concept_images_flux_generated/generated_images/politician.png,politician.png,3.0,112,11.11111111111111,0.9,3,90.26376605033875,86.78433299064636,66.66666666666667,2.0
271,/home/jihoon/jihoon/RVCD/MAIN_CODES/DB_single_concept_images_flux_generated/generated_images/pontoon.png,pontoon.png,1.0,336,100.0,0.9,1,94.17479634284973,94.17479634284973,100.0,1.0
271,/home/jihoon/jihoon/RVCD/MAIN_CODES/DB_single_concept_images_flux_generated/generated_images/pontoon.png,pontoon.png,1.5,224,44.44444444444444,0.9,1,94.17479634284973,94.24057602882385,100.0,1.0
271,/home/jihoon/jihoon/RVCD/MAIN_CODES/DB_single_concept_images_flux_generated/generated_images/pontoon.png,pontoon.png,2.0,168,25.0,0.9,1,94.17479634284973,91.35888814926147,100.0,1.0
271,/home/jihoon/jihoon/RVCD/MAIN_CODES/DB_single_concept_images_flux_generated/generated_images/pontoon.png,pontoon.png,2.5,134,16.0,0.9,1,94.17479634284973,94.22722458839417,100.0,1.0
271,/home/jihoon/jihoon/RVCD/MAIN_CODES/DB_single_concept_images_flux_generated/generated_images/pontoon.png,pontoon.png,3.0,112,11.11111111111111,0.9,1,94.17479634284973,94.08010244369507,100.0,1.0
272,/home/jihoon/jihoon/RVCD/MAIN_CODES/DB_single_concept_images_flux_generated/generated_images/pony.png,pony.png,1.0,336,100.0,0.9,2,90.64213633537292,90.64213633537292,100.0,2.0
272,/home/jihoon/jihoon/RVCD/MAIN_CODES/DB_single_concept_images_flux_generated/generated_images/pony.png,pony.png,1.5,224,44.44444444444444,0.9,2,90.64213633537292,87.44338750839233,100.0,2.0
272,/home/jihoon/jihoon/RVCD/MAIN_CODES/DB_single_concept_images_flux_generated/generated_images/pony.png,pony.png,2.0,168,25.0,0.9,2,90.64213633537292,81.57559037208557,100.0,2.0
272,/home/jihoon/jihoon/RVCD/MAIN_CODES/DB_single_concept_images_flux_generated/generated_images/pony.png,pony.png,2.5,134,16.0,0.9,2,90.64213633537292,79.2048692703247,100.0,2.0
272,/home/jihoon/jihoon/RVCD/MAIN_CODES/DB_single_concept_images_flux_generated/generated_images/pony.png,pony.png,3.0,112,11.11111111111111,0.9,2,90.64213633537292,82.71652460098267,100.0,2.0
273,/home/jihoon/jihoon/RVCD/MAIN_CODES/DB_single_concept_images_flux_generated/generated_images/poodle.png,poodle.png,1.0,336,100.0,0.9,2,90.629643201828,90.629643201828,100.0,2.0
273,/home/jihoon/jihoon/RVCD/MAIN_CODES/DB_single_concept_images_flux_generated/generated_images/poodle.png,poodle.png,1.5,224,44.44444444444444,0.9,2,90.629643201828,89.76019620895386,100.0,2.0
273,/home/jihoon/jihoon/RVCD/MAIN_CODES/DB_single_concept_images_flux_generated/generated_images/poodle.png,poodle.png,2.0,168,25.0,0.9,2,90.629643201828,87.98463344573975,100.0,2.0
273,/home/jihoon/jihoon/RVCD/MAIN_CODES/DB_single_concept_images_flux_generated/generated_images/poodle.png,poodle.png,2.5,134,16.0,0.9,2,90.629643201828,86.85369491577148,100.0,2.0
273,/home/jihoon/jihoon/RVCD/MAIN_CODES/DB_single_concept_images_flux_generated/generated_images/poodle.png,poodle.png,3.0,112,11.11111111111111,0.9,2,90.629643201828,80.74173927307129,100.0,2.0
274,/home/jihoon/jihoon/RVCD/MAIN_CODES/DB_single_concept_images_flux_generated/generated_images/pot plant.png,pot plant.png,1.0,336,100.0,0.9,3,90.63871502876282,90.63871502876282,100.0,3.0
274,/home/jihoon/jihoon/RVCD/MAIN_CODES/DB_single_concept_images_flux_generated/generated_images/pot plant.png,pot plant.png,1.5,224,44.44444444444444,0.9,3,90.63871502876282,89.88664150238037,100.0,3.0
274,/home/jihoon/jihoon/RVCD/MAIN_CODES/DB_single_concept_images_flux_generated/generated_images/pot plant.png,pot plant.png,2.0,168,25.0,0.9,3,90.63871502876282,90.1485800743103,100.0,3.0
274,/home/jihoon/jihoon/RVCD/MAIN_CODES/DB_single_concept_images_flux_generated/generated_images/pot plant.png,pot plant.png,2.5,134,16.0,0.9,3,90.63871502876282,89.92578983306885,100.0,3.0
274,/home/jihoon/jihoon/RVCD/MAIN_CODES/DB_single_concept_images_flux_generated/generated_images/pot plant.png,pot plant.png,3.0,112,11.11111111111111,0.9,3,90.63871502876282,90.07507562637329,100.0,3.0
275,/home/jihoon/jihoon/RVCD/MAIN_CODES/DB_single_concept_images_flux_generated/generated_images/potplant.png,potplant.png,1.0,336,100.0,0.9,3,90.63871502876282,90.63871502876282,100.0,3.0
275,/home/jihoon/jihoon/RVCD/MAIN_CODES/DB_single_concept_images_flux_generated/generated_images/potplant.png,potplant.png,1.5,224,44.44444444444444,0.9,3,90.63871502876282,89.88664150238037,100.0,3.0
275,/home/jihoon/jihoon/RVCD/MAIN_CODES/DB_single_concept_images_flux_generated/generated_images/potplant.png,potplant.png,2.0,168,25.0,0.9,3,90.63871502876282,90.1485800743103,100.0,3.0
275,/home/jihoon/jihoon/RVCD/MAIN_CODES/DB_single_concept_images_flux_generated/generated_images/potplant.png,potplant.png,2.5,134,16.0,0.9,3,90.63871502876282,89.92578983306885,100.0,3.0
275,/home/jihoon/jihoon/RVCD/MAIN_CODES/DB_single_concept_images_flux_generated/generated_images/potplant.png,potplant.png,3.0,112,11.11111111111111,0.9,3,90.63871502876282,90.07507562637329,100.0,3.0
276,/home/jihoon/jihoon/RVCD/MAIN_CODES/DB_single_concept_images_flux_generated/generated_images/potted plant.png,potted plant.png,1.0,336,100.0,0.9,4,90.6241774559021,90.6241774559021,100.0,4.0
276,/home/jihoon/jihoon/RVCD/MAIN_CODES/DB_single_concept_images_flux_generated/generated_images/potted plant.png,potted plant.png,1.5,224,44.44444444444444,0.9,4,90.6241774559021,92.35474467277527,100.0,4.0
276,/home/jihoon/jihoon/RVCD/MAIN_CODES/DB_single_concept_images_flux_generated/generated_images/potted plant.png,potted plant.png,2.0,168,25.0,0.9,4,90.6241774559021,92.37520098686218,100.0,4.0
276,/home/jihoon/jihoon/RVCD/MAIN_CODES/DB_single_concept_images_flux_generated/generated_images/potted plant.png,potted plant.png,2.5,134,16.0,0.9,4,90.6241774559021,91.83897972106934,100.0,4.0
276,/home/jihoon/jihoon/RVCD/MAIN_CODES/DB_single_concept_images_flux_generated/generated_images/potted plant.png,potted plant.png,3.0,112,11.11111111111111,0.9,4,90.6241774559021,91.1486029624939,100.0,4.0
277,/home/jihoon/jihoon/RVCD/MAIN_CODES/DB_single_concept_images_flux_generated/generated_images/pottedplant.png,pottedplant.png,1.0,336,100.0,0.9,4,90.6241774559021,90.6241774559021,100.0,4.0
277,/home/jihoon/jihoon/RVCD/MAIN_CODES/DB_single_concept_images_flux_generated/generated_images/pottedplant.png,pottedplant.png,1.5,224,44.44444444444444,0.9,4,90.6241774559021,92.35474467277527,100.0,4.0
277,/home/jihoon/jihoon/RVCD/MAIN_CODES/DB_single_concept_images_flux_generated/generated_images/pottedplant.png,pottedplant.png,2.0,168,25.0,0.9,4,90.6241774559021,92.37520098686218,100.0,4.0
277,/home/jihoon/jihoon/RVCD/MAIN_CODES/DB_single_concept_images_flux_generated/generated_images/pottedplant.png,pottedplant.png,2.5,134,16.0,0.9,4,90.6241774559021,91.83897972106934,100.0,4.0
277,/home/jihoon/jihoon/RVCD/MAIN_CODES/DB_single_concept_images_flux_generated/generated_images/pottedplant.png,pottedplant.png,3.0,112,11.11111111111111,0.9,4,90.6241774559021,91.1486029624939,100.0,4.0
278,/home/jihoon/jihoon/RVCD/MAIN_CODES/DB_single_concept_images_flux_generated/generated_images/potty.png,potty.png,1.0,336,100.0,0.9,1,95.95109820365906,95.95109820365906,100.0,1.0
278,/home/jihoon/jihoon/RVCD/MAIN_CODES/DB_single_concept_images_flux_generated/generated_images/potty.png,potty.png,1.5,224,44.44444444444444,0.9,1,95.95109820365906,95.63308358192444,100.0,1.0
278,/home/jihoon/jihoon/RVCD/MAIN_CODES/DB_single_concept_images_flux_generated/generated_images/potty.png,potty.png,2.0,168,25.0,0.9,1,95.95109820365906,95.40671706199646,100.0,1.0
278,/home/jihoon/jihoon/RVCD/MAIN_CODES/DB_single_concept_images_flux_generated/generated_images/potty.png,potty.png,2.5,134,16.0,0.9,1,95.95109820365906,94.7596788406372,100.0,1.0
278,/home/jihoon/jihoon/RVCD/MAIN_CODES/DB_single_concept_images_flux_generated/generated_images/potty.png,potty.png,3.0,112,11.11111111111111,0.9,1,95.95109820365906,94.7382390499115,100.0,1.0
279,/home/jihoon/jihoon/RVCD/MAIN_CODES/DB_single_concept_images_flux_generated/generated_images/powerboat.png,powerboat.png,1.0,336,100.0,0.9,1,93.72793436050415,93.72793436050415,100.0,1.0
279,/home/jihoon/jihoon/RVCD/MAIN_CODES/DB_single_concept_images_flux_generated/generated_images/powerboat.png,powerboat.png,1.5,224,44.44444444444444,0.9,1,93.72793436050415,93.62248182296753,100.0,1.0
279,/home/jihoon/jihoon/RVCD/MAIN_CODES/DB_single_concept_images_flux_generated/generated_images/powerboat.png,powerboat.png,2.0,168,25.0,0.9,1,93.72793436050415,94.07988786697388,100.0,1.0
279,/home/jihoon/jihoon/RVCD/MAIN_CODES/DB_single_concept_images_flux_generated/generated_images/powerboat.png,powerboat.png,2.5,134,16.0,0.9,1,93.72793436050415,90.05064964294434,100.0,1.0
279,/home/jihoon/jihoon/RVCD/MAIN_CODES/DB_single_concept_images_flux_generated/generated_images/powerboat.png,powerboat.png,3.0,112,11.11111111111111,0.9,1,93.72793436050415,91.49490594863892,100.0,1.0
280,/home/jihoon/jihoon/RVCD/MAIN_CODES/DB_single_concept_images_flux_generated/generated_images/puffin.png,puffin.png,1.0,336,100.0,0.9,14,90.18114805221558,90.18114805221558,100.0,14.0
280,/home/jihoon/jihoon/RVCD/MAIN_CODES/DB_single_concept_images_flux_generated/generated_images/puffin.png,puffin.png,1.5,224,44.44444444444444,0.9,14,90.18114805221558,92.76311993598938,78.57142857142857,11.0
280,/home/jihoon/jihoon/RVCD/MAIN_CODES/DB_single_concept_images_flux_generated/generated_images/puffin.png,puffin.png,2.0,168,25.0,0.9,14,90.18114805221558,94.6626365184784,85.71428571428571,12.0
280,/home/jihoon/jihoon/RVCD/MAIN_CODES/DB_single_concept_images_flux_generated/generated_images/puffin.png,puffin.png,2.5,134,16.0,0.9,14,90.18114805221558,93.90918612480164,71.42857142857143,10.0
280,/home/jihoon/jihoon/RVCD/MAIN_CODES/DB_single_concept_images_flux_generated/generated_images/puffin.png,puffin.png,3.0,112,11.11111111111111,0.9,14,90.18114805221558,93.04862022399902,64.28571428571429,9.0
281,/home/jihoon/jihoon/RVCD/MAIN_CODES/DB_single_concept_images_flux_generated/generated_images/pug.png,pug.png,1.0,336,100.0,0.9,3,97.72281050682068,97.72281050682068,100.0,3.0
281,/home/jihoon/jihoon/RVCD/MAIN_CODES/DB_single_concept_images_flux_generated/generated_images/pug.png,pug.png,1.5,224,44.44444444444444,0.9,3,97.72281050682068,97.79819250106812,100.0,3.0
281,/home/jihoon/jihoon/RVCD/MAIN_CODES/DB_single_concept_images_flux_generated/generated_images/pug.png,pug.png,2.0,168,25.0,0.9,3,97.72281050682068,97.22399115562439,100.0,3.0
281,/home/jihoon/jihoon/RVCD/MAIN_CODES/DB_single_concept_images_flux_generated/generated_images/pug.png,pug.png,2.5,134,16.0,0.9,3,97.72281050682068,97.17798233032227,100.0,3.0
281,/home/jihoon/jihoon/RVCD/MAIN_CODES/DB_single_concept_images_flux_generated/generated_images/pug.png,pug.png,3.0,112,11.11111111111111,0.9,3,97.72281050682068,97.36273288726807,100.0,3.0
282,/home/jihoon/jihoon/RVCD/MAIN_CODES/DB_single_concept_images_flux_generated/generated_images/pup.png,pup.png,1.0,336,100.0,0.9,2,95.62512636184692,95.62512636184692,100.0,2.0
282,/home/jihoon/jihoon/RVCD/MAIN_CODES/DB_single_concept_images_flux_generated/generated_images/pup.png,pup.png,1.5,224,44.44444444444444,0.9,2,95.62512636184692,96.3828980922699,100.0,2.0
282,/home/jihoon/jihoon/RVCD/MAIN_CODES/DB_single_concept_images_flux_generated/generated_images/pup.png,pup.png,2.0,168,25.0,0.9,2,95.62512636184692,95.0322687625885,100.0,2.0
282,/home/jihoon/jihoon/RVCD/MAIN_CODES/DB_single_concept_images_flux_generated/generated_images/pup.png,pup.png,2.5,134,16.0,0.9,2,95.62512636184692,94.06801462173462,100.0,2.0
282,/home/jihoon/jihoon/RVCD/MAIN_CODES/DB_single_concept_images_flux_generated/generated_images/pup.png,pup.png,3.0,112,11.11111111111111,0.9,2,95.62512636184692,93.8890814781189,100.0,2.0
283,/home/jihoon/jihoon/RVCD/MAIN_CODES/DB_single_concept_images_flux_generated/generated_images/puppy.png,puppy.png,1.0,336,100.0,0.9,2,95.59917449951172,95.59917449951172,100.0,2.0
283,/home/jihoon/jihoon/RVCD/MAIN_CODES/DB_single_concept_images_flux_generated/generated_images/puppy.png,puppy.png,1.5,224,44.44444444444444,0.9,2,95.59917449951172,95.75657248497009,100.0,2.0
283,/home/jihoon/jihoon/RVCD/MAIN_CODES/DB_single_concept_images_flux_generated/generated_images/puppy.png,puppy.png,2.0,168,25.0,0.9,2,95.59917449951172,95.1725959777832,100.0,2.0
283,/home/jihoon/jihoon/RVCD/MAIN_CODES/DB_single_concept_images_flux_generated/generated_images/puppy.png,puppy.png,2.5,134,16.0,0.9,2,95.59917449951172,93.92864108085632,100.0,2.0
283,/home/jihoon/jihoon/RVCD/MAIN_CODES/DB_single_concept_images_flux_generated/generated_images/puppy.png,puppy.png,3.0,112,11.11111111111111,0.9,2,95.59917449951172,93.67382526397705,100.0,2.0
284,/home/jihoon/jihoon/RVCD/MAIN_CODES/DB_single_concept_images_flux_generated/generated_images/purse.png,purse.png,1.0,336,100.0,0.9,4,91.28521680831909,91.28521680831909,100.0,4.0
284,/home/jihoon/jihoon/RVCD/MAIN_CODES/DB_single_concept_images_flux_generated/generated_images/purse.png,purse.png,1.5,224,44.44444444444444,0.9,4,91.28521680831909,93.2995617389679,100.0,4.0
284,/home/jihoon/jihoon/RVCD/MAIN_CODES/DB_single_concept_images_flux_generated/generated_images/purse.png,purse.png,2.0,168,25.0,0.9,4,91.28521680831909,93.38101148605347,100.0,4.0
284,/home/jihoon/jihoon/RVCD/MAIN_CODES/DB_single_concept_images_flux_generated/generated_images/purse.png,purse.png,2.5,134,16.0,0.9,4,91.28521680831909,93.31057071685791,100.0,4.0
284,/home/jihoon/jihoon/RVCD/MAIN_CODES/DB_single_concept_images_flux_generated/generated_images/purse.png,purse.png,3.0,112,11.11111111111111,0.9,4,91.28521680831909,93.52657198905945,100.0,4.0
285,/home/jihoon/jihoon/RVCD/MAIN_CODES/DB_single_concept_images_flux_generated/generated_images/quail.png,quail.png,1.0,336,100.0,0.9,1,91.04677438735962,91.04677438735962,100.0,1.0
285,/home/jihoon/jihoon/RVCD/MAIN_CODES/DB_single_concept_images_flux_generated/generated_images/quail.png,quail.png,1.5,224,44.44444444444444,0.9,1,91.04677438735962,90.14567136764526,100.0,1.0
285,/home/jihoon/jihoon/RVCD/MAIN_CODES/DB_single_concept_images_flux_generated/generated_images/quail.png,quail.png,2.0,168,25.0,0.9,1,91.04677438735962,90.00269770622253,100.0,1.0
285,/home/jihoon/jihoon/RVCD/MAIN_CODES/DB_single_concept_images_flux_generated/generated_images/quail.png,quail.png,2.5,134,16.0,0.9,1,91.04677438735962,81.3740074634552,100.0,1.0
285,/home/jihoon/jihoon/RVCD/MAIN_CODES/DB_single_concept_images_flux_generated/generated_images/quail.png,quail.png,3.0,112,11.11111111111111,0.9,1,91.04677438735962,90.50072431564331,100.0,1.0
286,/home/jihoon/jihoon/RVCD/MAIN_CODES/DB_single_concept_images_flux_generated/generated_images/racehorse.png,racehorse.png,1.0,336,100.0,0.9,1,97.69416451454163,97.69416451454163,100.0,1.0
286,/home/jihoon/jihoon/RVCD/MAIN_CODES/DB_single_concept_images_flux_generated/generated_images/racehorse.png,racehorse.png,1.5,224,44.44444444444444,0.9,1,97.69416451454163,97.28068709373474,100.0,1.0
286,/home/jihoon/jihoon/RVCD/MAIN_CODES/DB_single_concept_images_flux_generated/generated_images/racehorse.png,racehorse.png,2.0,168,25.0,0.9,1,97.69416451454163,96.39731645584106,100.0,1.0
286,/home/jihoon/jihoon/RVCD/MAIN_CODES/DB_single_concept_images_flux_generated/generated_images/racehorse.png,racehorse.png,2.5,134,16.0,0.9,1,97.69416451454163,94.74365711212158,100.0,1.0
286,/home/jihoon/jihoon/RVCD/MAIN_CODES/DB_single_concept_images_flux_generated/generated_images/racehorse.png,racehorse.png,3.0,112,11.11111111111111,0.9,1,97.69416451454163,95.47632336616516,100.0,1.0
287,/home/jihoon/jihoon/RVCD/MAIN_CODES/DB_single_concept_images_flux_generated/generated_images/racket.png,racket.png,1.0,336,100.0,0.9,2,95.88571786880493,95.88571786880493,100.0,2.0
287,/home/jihoon/jihoon/RVCD/MAIN_CODES/DB_single_concept_images_flux_generated/generated_images/racket.png,racket.png,1.5,224,44.44444444444444,0.9,2,95.88571786880493,95.27672529220581,100.0,2.0
287,/home/jihoon/jihoon/RVCD/MAIN_CODES/DB_single_concept_images_flux_generated/generated_images/racket.png,racket.png,2.0,168,25.0,0.9,2,95.88571786880493,95.55072784423828,100.0,2.0
287,/home/jihoon/jihoon/RVCD/MAIN_CODES/DB_single_concept_images_flux_generated/generated_images/racket.png,racket.png,2.5,134,16.0,0.9,2,95.88571786880493,94.89726424217224,100.0,2.0
287,/home/jihoon/jihoon/RVCD/MAIN_CODES/DB_single_concept_images_flux_generated/generated_images/racket.png,racket.png,3.0,112,11.11111111111111,0.9,2,95.88571786880493,95.86341381072998,100.0,2.0
288,/home/jihoon/jihoon/RVCD/MAIN_CODES/DB_single_concept_images_flux_generated/generated_images/ram.png,ram.png,1.0,336,100.0,0.9,4,91.47841930389404,91.47841930389404,100.0,4.0
288,/home/jihoon/jihoon/RVCD/MAIN_CODES/DB_single_concept_images_flux_generated/generated_images/ram.png,ram.png,1.5,224,44.44444444444444,0.9,4,91.47841930389404,92.02645421028137,100.0,4.0
288,/home/jihoon/jihoon/RVCD/MAIN_CODES/DB_single_concept_images_flux_generated/generated_images/ram.png,ram.png,2.0,168,25.0,0.9,4,91.47841930389404,92.15221405029297,75.0,3.0
288,/home/jihoon/jihoon/RVCD/MAIN_CODES/DB_single_concept_images_flux_generated/generated_images/ram.png,ram.png,2.5,134,16.0,0.9,4,91.47841930389404,92.43732690811157,100.0,4.0
288,/home/jihoon/jihoon/RVCD/MAIN_CODES/DB_single_concept_images_flux_generated/generated_images/ram.png,ram.png,3.0,112,11.11111111111111,0.9,4,91.47841930389404,93.65416765213013,100.0,4.0
289,/home/jihoon/jihoon/RVCD/MAIN_CODES/DB_single_concept_images_flux_generated/generated_images/raven.png,raven.png,1.0,336,100.0,0.9,3,93.24989914894104,93.24989914894104,100.0,3.0
289,/home/jihoon/jihoon/RVCD/MAIN_CODES/DB_single_concept_images_flux_generated/generated_images/raven.png,raven.png,1.5,224,44.44444444444444,0.9,3,93.24989914894104,94.56745982170105,100.0,3.0
289,/home/jihoon/jihoon/RVCD/MAIN_CODES/DB_single_concept_images_flux_generated/generated_images/raven.png,raven.png,2.0,168,25.0,0.9,3,93.24989914894104,93.93475651741028,100.0,3.0
289,/home/jihoon/jihoon/RVCD/MAIN_CODES/DB_single_concept_images_flux_generated/generated_images/raven.png,raven.png,2.5,134,16.0,0.9,3,93.24989914894104,92.41384267807007,100.0,3.0
289,/home/jihoon/jihoon/RVCD/MAIN_CODES/DB_single_concept_images_flux_generated/generated_images/raven.png,raven.png,3.0,112,11.11111111111111,0.9,3,93.24989914894104,93.06280016899109,100.0,3.0
290,/home/jihoon/jihoon/RVCD/MAIN_CODES/DB_single_concept_images_flux_generated/generated_images/recliner.png,recliner.png,1.0,336,100.0,0.9,2,90.0137186050415,90.0137186050415,100.0,2.0
290,/home/jihoon/jihoon/RVCD/MAIN_CODES/DB_single_concept_images_flux_generated/generated_images/recliner.png,recliner.png,1.5,224,44.44444444444444,0.9,2,90.0137186050415,87.97483444213867,100.0,2.0
290,/home/jihoon/jihoon/RVCD/MAIN_CODES/DB_single_concept_images_flux_generated/generated_images/recliner.png,recliner.png,2.0,168,25.0,0.9,2,90.0137186050415,87.78360486030579,100.0,2.0
290,/home/jihoon/jihoon/RVCD/MAIN_CODES/DB_single_concept_images_flux_generated/generated_images/recliner.png,recliner.png,2.5,134,16.0,0.9,2,90.0137186050415,86.8377149105072,50.0,1.0
290,/home/jihoon/jihoon/RVCD/MAIN_CODES/DB_single_concept_images_flux_generated/generated_images/recliner.png,recliner.png,3.0,112,11.11111111111111,0.9,2,90.0137186050415,89.01310563087463,100.0,2.0
291,/home/jihoon/jihoon/RVCD/MAIN_CODES/DB_single_concept_images_flux_generated/generated_images/refrigerator.png,refrigerator.png,1.0,336,100.0,0.9,2,97.57371544837952,97.57371544837952,100.0,2.0
291,/home/jihoon/jihoon/RVCD/MAIN_CODES/DB_single_concept_images_flux_generated/generated_images/refrigerator.png,refrigerator.png,1.5,224,44.44444444444444,0.9,2,97.57371544837952,96.29402160644531,100.0,2.0
291,/home/jihoon/jihoon/RVCD/MAIN_CODES/DB_single_concept_images_flux_generated/generated_images/refrigerator.png,refrigerator.png,2.0,168,25.0,0.9,2,97.57371544837952,96.72710299491882,100.0,2.0
291,/home/jihoon/jihoon/RVCD/MAIN_CODES/DB_single_concept_images_flux_generated/generated_images/refrigerator.png,refrigerator.png,2.5,134,16.0,0.9,2,97.57371544837952,94.26083564758301,100.0,2.0
291,/home/jihoon/jihoon/RVCD/MAIN_CODES/DB_single_concept_images_flux_generated/generated_images/refrigerator.png,refrigerator.png,3.0,112,11.11111111111111,0.9,2,97.57371544837952,90.62174558639526,100.0,2.0
292,/home/jihoon/jihoon/RVCD/MAIN_CODES/DB_single_concept_images_flux_generated/generated_images/remote.png,remote.png,1.0,336,100.0,0.9,75,90.0594174861908,90.0594174861908,98.66666666666667,74.0
292,/home/jihoon/jihoon/RVCD/MAIN_CODES/DB_single_concept_images_flux_generated/generated_images/remote.png,remote.png,1.5,224,44.44444444444444,0.9,75,90.0594174861908,91.51778817176819,85.33333333333333,63.99999999999999
292,/home/jihoon/jihoon/RVCD/MAIN_CODES/DB_single_concept_images_flux_generated/generated_images/remote.png,remote.png,2.0,168,25.0,0.9,75,90.0594174861908,87.25218176841736,80.0,60.0
292,/home/jihoon/jihoon/RVCD/MAIN_CODES/DB_single_concept_images_flux_generated/generated_images/remote.png,remote.png,2.5,134,16.0,0.9,75,90.0594174861908,83.97243022918701,77.33333333333333,58.0
292,/home/jihoon/jihoon/RVCD/MAIN_CODES/DB_single_concept_images_flux_generated/generated_images/remote.png,remote.png,3.0,112,11.11111111111111,0.9,75,90.0594174861908,81.06566071510315,74.66666666666667,56.0
293,/home/jihoon/jihoon/RVCD/MAIN_CODES/DB_single_concept_images_flux_generated/generated_images/retriever.png,retriever.png,1.0,336,100.0,0.9,1,92.91646480560303,92.91646480560303,100.0,1.0
293,/home/jihoon/jihoon/RVCD/MAIN_CODES/DB_single_concept_images_flux_generated/generated_images/retriever.png,retriever.png,1.5,224,44.44444444444444,0.9,1,92.91646480560303,93.30558776855469,100.0,1.0
293,/home/jihoon/jihoon/RVCD/MAIN_CODES/DB_single_concept_images_flux_generated/generated_images/retriever.png,retriever.png,2.0,168,25.0,0.9,1,92.91646480560303,92.25357174873352,100.0,1.0
293,/home/jihoon/jihoon/RVCD/MAIN_CODES/DB_single_concept_images_flux_generated/generated_images/retriever.png,retriever.png,2.5,134,16.0,0.9,1,92.91646480560303,91.02990627288818,100.0,1.0
293,/home/jihoon/jihoon/RVCD/MAIN_CODES/DB_single_concept_images_flux_generated/generated_images/retriever.png,retriever.png,3.0,112,11.11111111111111,0.9,1,92.91646480560303,92.620450258255,100.0,1.0
294,/home/jihoon/jihoon/RVCD/MAIN_CODES/DB_single_concept_images_flux_generated/generated_images/rider.png,rider.png,1.0,336,100.0,0.9,3,92.59601831436157,92.59601831436157,100.0,3.0
294,/home/jihoon/jihoon/RVCD/MAIN_CODES/DB_single_concept_images_flux_generated/generated_images/rider.png,rider.png,1.5,224,44.44444444444444,0.9,3,92.59601831436157,93.7300980091095,100.0,3.0
294,/home/jihoon/jihoon/RVCD/MAIN_CODES/DB_single_concept_images_flux_generated/generated_images/rider.png,rider.png,2.0,168,25.0,0.9,3,92.59601831436157,93.70145797729492,100.0,3.0
294,/home/jihoon/jihoon/RVCD/MAIN_CODES/DB_single_concept_images_flux_generated/generated_images/rider.png,rider.png,2.5,134,16.0,0.9,3,92.59601831436157,92.79583692550659,66.66666666666667,2.0
294,/home/jihoon/jihoon/RVCD/MAIN_CODES/DB_single_concept_images_flux_generated/generated_images/rider.png,rider.png,3.0,112,11.11111111111111,0.9,3,92.59601831436157,94.42629218101501,100.0,3.0
295,/home/jihoon/jihoon/RVCD/MAIN_CODES/DB_single_concept_images_flux_generated/generated_images/riverboat.png,riverboat.png,1.0,336,100.0,0.9,2,95.13460993766785,95.13460993766785,100.0,2.0
295,/home/jihoon/jihoon/RVCD/MAIN_CODES/DB_single_concept_images_flux_generated/generated_images/riverboat.png,riverboat.png,1.5,224,44.44444444444444,0.9,2,95.13460993766785,94.77279782295227,100.0,2.0
295,/home/jihoon/jihoon/RVCD/MAIN_CODES/DB_single_concept_images_flux_generated/generated_images/riverboat.png,riverboat.png,2.0,168,25.0,0.9,2,95.13460993766785,94.34539675712585,100.0,2.0
295,/home/jihoon/jihoon/RVCD/MAIN_CODES/DB_single_concept_images_flux_generated/generated_images/riverboat.png,riverboat.png,2.5,134,16.0,0.9,2,95.13460993766785,92.9424524307251,100.0,2.0
295,/home/jihoon/jihoon/RVCD/MAIN_CODES/DB_single_concept_images_flux_generated/generated_images/riverboat.png,riverboat.png,3.0,112,11.11111111111111,0.9,2,95.13460993766785,94.67355012893677,100.0,2.0
296,/home/jihoon/jihoon/RVCD/MAIN_CODES/DB_single_concept_images_flux_generated/generated_images/robin.png,robin.png,1.0,336,100.0,0.9,1,95.46757340431213,95.46757340431213,100.0,1.0
296,/home/jihoon/jihoon/RVCD/MAIN_CODES/DB_single_concept_images_flux_generated/generated_images/robin.png,robin.png,1.5,224,44.44444444444444,0.9,1,95.46757340431213,97.03751802444458,100.0,1.0
296,/home/jihoon/jihoon/RVCD/MAIN_CODES/DB_single_concept_images_flux_generated/generated_images/robin.png,robin.png,2.0,168,25.0,0.9,1,95.46757340431213,97.55633473396301,100.0,1.0
296,/home/jihoon/jihoon/RVCD/MAIN_CODES/DB_single_concept_images_flux_generated/generated_images/robin.png,robin.png,2.5,134,16.0,0.9,1,95.46757340431213,96.75794243812561,100.0,1.0
296,/home/jihoon/jihoon/RVCD/MAIN_CODES/DB_single_concept_images_flux_generated/generated_images/robin.png,robin.png,3.0,112,11.11111111111111,0.9,1,95.46757340431213,96.72536849975586,100.0,1.0
297,/home/jihoon/jihoon/RVCD/MAIN_CODES/DB_single_concept_images_flux_generated/generated_images/rooster.png,rooster.png,1.0,336,100.0,0.9,2,93.70430707931519,93.70430707931519,100.0,2.0
297,/home/jihoon/jihoon/RVCD/MAIN_CODES/DB_single_concept_images_flux_generated/generated_images/rooster.png,rooster.png,1.5,224,44.44444444444444,0.9,2,93.70430707931519,96.16468548774719,100.0,2.0
297,/home/jihoon/jihoon/RVCD/MAIN_CODES/DB_single_concept_images_flux_generated/generated_images/rooster.png,rooster.png,2.0,168,25.0,0.9,2,93.70430707931519,96.36327028274536,100.0,2.0
297,/home/jihoon/jihoon/RVCD/MAIN_CODES/DB_single_concept_images_flux_generated/generated_images/rooster.png,rooster.png,2.5,134,16.0,0.9,2,93.70430707931519,96.75189256668091,100.0,2.0
297,/home/jihoon/jihoon/RVCD/MAIN_CODES/DB_single_concept_images_flux_generated/generated_images/rooster.png,rooster.png,3.0,112,11.11111111111111,0.9,2,93.70430707931519,96.80550694465637,100.0,2.0
298,/home/jihoon/jihoon/RVCD/MAIN_CODES/DB_single_concept_images_flux_generated/generated_images/rottweiler.png,rottweiler.png,1.0,336,100.0,0.9,1,94.88757252693176,94.88757252693176,100.0,1.0
298,/home/jihoon/jihoon/RVCD/MAIN_CODES/DB_single_concept_images_flux_generated/generated_images/rottweiler.png,rottweiler.png,1.5,224,44.44444444444444,0.9,1,94.88757252693176,94.19775009155273,100.0,1.0
298,/home/jihoon/jihoon/RVCD/MAIN_CODES/DB_single_concept_images_flux_generated/generated_images/rottweiler.png,rottweiler.png,2.0,168,25.0,0.9,1,94.88757252693176,95.57707905769348,100.0,1.0
298,/home/jihoon/jihoon/RVCD/MAIN_CODES/DB_single_concept_images_flux_generated/generated_images/rottweiler.png,rottweiler.png,2.5,134,16.0,0.9,1,94.88757252693176,95.66079378128052,100.0,1.0
298,/home/jihoon/jihoon/RVCD/MAIN_CODES/DB_single_concept_images_flux_generated/generated_images/rottweiler.png,rottweiler.png,3.0,112,11.11111111111111,0.9,1,94.88757252693176,94.85189914703369,100.0,1.0
299,/home/jihoon/jihoon/RVCD/MAIN_CODES/DB_single_concept_images_flux_generated/generated_images/rowboat.png,rowboat.png,1.0,336,100.0,0.9,4,91.04909896850586,91.04909896850586,100.0,4.0
299,/home/jihoon/jihoon/RVCD/MAIN_CODES/DB_single_concept_images_flux_generated/generated_images/rowboat.png,rowboat.png,1.5,224,44.44444444444444,0.9,4,91.04909896850586,92.76403188705444,100.0,4.0
299,/home/jihoon/jihoon/RVCD/MAIN_CODES/DB_single_concept_images_flux_generated/generated_images/rowboat.png,rowboat.png,2.0,168,25.0,0.9,4,91.04909896850586,93.7108039855957,75.0,3.0
299,/home/jihoon/jihoon/RVCD/MAIN_CODES/DB_single_concept_images_flux_generated/generated_images/rowboat.png,rowboat.png,2.5,134,16.0,0.9,4,91.04909896850586,92.95850992202759,100.0,4.0
299,/home/jihoon/jihoon/RVCD/MAIN_CODES/DB_single_concept_images_flux_generated/generated_images/rowboat.png,rowboat.png,3.0,112,11.11111111111111,0.9,4,91.04909896850586,93.15970540046692,75.0,3.0
300,/home/jihoon/jihoon/RVCD/MAIN_CODES/DB_single_concept_images_flux_generated/generated_images/sailboard.png,sailboard.png,1.0,336,100.0,0.9,2,97.41606712341309,97.41606712341309,100.0,2.0
300,/home/jihoon/jihoon/RVCD/MAIN_CODES/DB_single_concept_images_flux_generated/generated_images/sailboard.png,sailboard.png,1.5,224,44.44444444444444,0.9,2,97.41606712341309,98.42604994773865,100.0,2.0
300,/home/jihoon/jihoon/RVCD/MAIN_CODES/DB_single_concept_images_flux_generated/generated_images/sailboard.png,sailboard.png,2.0,168,25.0,0.9,2,97.41606712341309,97.84257411956787,100.0,2.0
300,/home/jihoon/jihoon/RVCD/MAIN_CODES/DB_single_concept_images_flux_generated/generated_images/sailboard.png,sailboard.png,2.5,134,16.0,0.9,2,97.41606712341309,97.51925468444824,100.0,2.0
300,/home/jihoon/jihoon/RVCD/MAIN_CODES/DB_single_concept_images_flux_generated/generated_images/sailboard.png,sailboard.png,3.0,112,11.11111111111111,0.9,2,97.41606712341309,97.34331965446472,100.0,2.0
301,/home/jihoon/jihoon/RVCD/MAIN_CODES/DB_single_concept_images_flux_generated/generated_images/sailboat.png,sailboat.png,1.0,336,100.0,0.9,2,97.16519117355347,97.16519117355347,100.0,2.0
301,/home/jihoon/jihoon/RVCD/MAIN_CODES/DB_single_concept_images_flux_generated/generated_images/sailboat.png,sailboat.png,1.5,224,44.44444444444444,0.9,2,97.16519117355347,96.11308574676514,100.0,2.0
301,/home/jihoon/jihoon/RVCD/MAIN_CODES/DB_single_concept_images_flux_generated/generated_images/sailboat.png,sailboat.png,2.0,168,25.0,0.9,2,97.16519117355347,96.02135419845581,100.0,2.0
301,/home/jihoon/jihoon/RVCD/MAIN_CODES/DB_single_concept_images_flux_generated/generated_images/sailboat.png,sailboat.png,2.5,134,16.0,0.9,2,97.16519117355347,95.6860899925232,100.0,2.0
301,/home/jihoon/jihoon/RVCD/MAIN_CODES/DB_single_concept_images_flux_generated/generated_images/sailboat.png,sailboat.png,3.0,112,11.11111111111111,0.9,2,97.16519117355347,94.86252665519714,100.0,2.0
302,/home/jihoon/jihoon/RVCD/MAIN_CODES/DB_single_concept_images_flux_generated/generated_images/sandpiper.png,sandpiper.png,1.0,336,100.0,0.9,1,90.75285792350769,90.75285792350769,100.0,1.0
302,/home/jihoon/jihoon/RVCD/MAIN_CODES/DB_single_concept_images_flux_generated/generated_images/sandpiper.png,sandpiper.png,1.5,224,44.44444444444444,0.9,1,90.75285792350769,94.27323937416077,100.0,1.0
302,/home/jihoon/jihoon/RVCD/MAIN_CODES/DB_single_concept_images_flux_generated/generated_images/sandpiper.png,sandpiper.png,2.0,168,25.0,0.9,1,90.75285792350769,93.25398206710815,100.0,1.0
302,/home/jihoon/jihoon/RVCD/MAIN_CODES/DB_single_concept_images_flux_generated/generated_images/sandpiper.png,sandpiper.png,2.5,134,16.0,0.9,1,90.75285792350769,91.51505827903748,100.0,1.0
302,/home/jihoon/jihoon/RVCD/MAIN_CODES/DB_single_concept_images_flux_generated/generated_images/sandpiper.png,sandpiper.png,3.0,112,11.11111111111111,0.9,1,90.75285792350769,91.94599986076355,100.0,1.0
303,/home/jihoon/jihoon/RVCD/MAIN_CODES/DB_single_concept_images_flux_generated/generated_images/sandwich.png,sandwich.png,1.0,336,100.0,0.9,5,94.7114109992981,94.7114109992981,100.0,5.0
303,/home/jihoon/jihoon/RVCD/MAIN_CODES/DB_single_concept_images_flux_generated/generated_images/sandwich.png,sandwich.png,1.5,224,44.44444444444444,0.9,5,94.7114109992981,96.08122110366821,100.0,5.0
303,/home/jihoon/jihoon/RVCD/MAIN_CODES/DB_single_concept_images_flux_generated/generated_images/sandwich.png,sandwich.png,2.0,168,25.0,0.9,5,94.7114109992981,96.31062150001526,100.0,5.0
303,/home/jihoon/jihoon/RVCD/MAIN_CODES/DB_single_concept_images_flux_generated/generated_images/sandwich.png,sandwich.png,2.5,134,16.0,0.9,5,94.7114109992981,95.90250253677368,80.0,4.0
303,/home/jihoon/jihoon/RVCD/MAIN_CODES/DB_single_concept_images_flux_generated/generated_images/sandwich.png,sandwich.png,3.0,112,11.11111111111111,0.9,5,94.7114109992981,96.69650197029114,100.0,5.0
304,/home/jihoon/jihoon/RVCD/MAIN_CODES/DB_single_concept_images_flux_generated/generated_images/schnauzer.png,schnauzer.png,1.0,336,100.0,0.9,11,90.38891792297363,90.38891792297363,100.0,11.0
304,/home/jihoon/jihoon/RVCD/MAIN_CODES/DB_single_concept_images_flux_generated/generated_images/schnauzer.png,schnauzer.png,1.5,224,44.44444444444444,0.9,11,90.38891792297363,91.6291356086731,81.81818181818181,9.0
304,/home/jihoon/jihoon/RVCD/MAIN_CODES/DB_single_concept_images_flux_generated/generated_images/schnauzer.png,schnauzer.png,2.0,168,25.0,0.9,11,90.38891792297363,91.85982942581177,54.54545454545455,6.0
304,/home/jihoon/jihoon/RVCD/MAIN_CODES/DB_single_concept_images_flux_generated/generated_images/schnauzer.png,schnauzer.png,2.5,134,16.0,0.9,11,90.38891792297363,93.21842789649963,54.54545454545455,6.0
304,/home/jihoon/jihoon/RVCD/MAIN_CODES/DB_single_concept_images_flux_generated/generated_images/schnauzer.png,schnauzer.png,3.0,112,11.11111111111111,0.9,11,90.38891792297363,91.0218894481659,45.45454545454545,5.0
305,/home/jihoon/jihoon/RVCD/MAIN_CODES/DB_single_concept_images_flux_generated/generated_images/schooner.png,schooner.png,1.0,336,100.0,0.9,3,98.73805046081543,98.73805046081543,100.0,3.0
305,/home/jihoon/jihoon/RVCD/MAIN_CODES/DB_single_concept_images_flux_generated/generated_images/schooner.png,schooner.png,1.5,224,44.44444444444444,0.9,3,98.73805046081543,98.86099100112915,100.0,3.0
305,/home/jihoon/jihoon/RVCD/MAIN_CODES/DB_single_concept_images_flux_generated/generated_images/schooner.png,schooner.png,2.0,168,25.0,0.9,3,98.73805046081543,98.97490739822388,100.0,3.0
305,/home/jihoon/jihoon/RVCD/MAIN_CODES/DB_single_concept_images_flux_generated/generated_images/schooner.png,schooner.png,2.5,134,16.0,0.9,3,98.73805046081543,98.76123666763306,100.0,3.0
305,/home/jihoon/jihoon/RVCD/MAIN_CODES/DB_single_concept_images_flux_generated/generated_images/schooner.png,schooner.png,3.0,112,11.11111111111111,0.9,3,98.73805046081543,98.71749877929688,100.0,3.0
306,/home/jihoon/jihoon/RVCD/MAIN_CODES/DB_single_concept_images_flux_generated/generated_images/scissor.png,scissor.png,1.0,336,100.0,0.9,1,96.62402272224426,96.62402272224426,100.0,1.0
306,/home/jihoon/jihoon/RVCD/MAIN_CODES/DB_single_concept_images_flux_generated/generated_images/scissor.png,scissor.png,1.5,224,44.44444444444444,0.9,1,96.62402272224426,95.68164348602295,100.0,1.0
306,/home/jihoon/jihoon/RVCD/MAIN_CODES/DB_single_concept_images_flux_generated/generated_images/scissor.png,scissor.png,2.0,168,25.0,0.9,1,96.62402272224426,96.11300826072693,100.0,1.0
306,/home/jihoon/jihoon/RVCD/MAIN_CODES/DB_single_concept_images_flux_generated/generated_images/scissor.png,scissor.png,2.5,134,16.0,0.9,1,96.62402272224426,95.73950171470642,100.0,1.0
306,/home/jihoon/jihoon/RVCD/MAIN_CODES/DB_single_concept_images_flux_generated/generated_images/scissor.png,scissor.png,3.0,112,11.11111111111111,0.9,1,96.62402272224426,96.34829759597778,100.0,1.0
307,/home/jihoon/jihoon/RVCD/MAIN_CODES/DB_single_concept_images_flux_generated/generated_images/scissors.png,scissors.png,1.0,336,100.0,0.9,1,95.91817259788513,95.91817259788513,100.0,1.0
307,/home/jihoon/jihoon/RVCD/MAIN_CODES/DB_single_concept_images_flux_generated/generated_images/scissors.png,scissors.png,1.5,224,44.44444444444444,0.9,1,95.91817259788513,95.76797485351562,100.0,1.0
307,/home/jihoon/jihoon/RVCD/MAIN_CODES/DB_single_concept_images_flux_generated/generated_images/scissors.png,scissors.png,2.0,168,25.0,0.9,1,95.91817259788513,95.24955153465271,100.0,1.0
307,/home/jihoon/jihoon/RVCD/MAIN_CODES/DB_single_concept_images_flux_generated/generated_images/scissors.png,scissors.png,2.5,134,16.0,0.9,1,95.91817259788513,94.30342316627502,100.0,1.0
307,/home/jihoon/jihoon/RVCD/MAIN_CODES/DB_single_concept_images_flux_generated/generated_images/scissors.png,scissors.png,3.0,112,11.11111111111111,0.9,1,95.91817259788513,94.73398327827454,100.0,1.0
308,/home/jihoon/jihoon/RVCD/MAIN_CODES/DB_single_concept_images_flux_generated/generated_images/scooter.png,scooter.png,1.0,336,100.0,0.9,4,93.61713528633118,93.61713528633118,100.0,4.0
308,/home/jihoon/jihoon/RVCD/MAIN_CODES/DB_single_concept_images_flux_generated/generated_images/scooter.png,scooter.png,1.5,224,44.44444444444444,0.9,4,93.61713528633118,92.54311323165894,100.0,4.0
308,/home/jihoon/jihoon/RVCD/MAIN_CODES/DB_single_concept_images_flux_generated/generated_images/scooter.png,scooter.png,2.0,168,25.0,0.9,4,93.61713528633118,92.45467782020569,100.0,4.0
308,/home/jihoon/jihoon/RVCD/MAIN_CODES/DB_single_concept_images_flux_generated/generated_images/scooter.png,scooter.png,2.5,134,16.0,0.9,4,93.61713528633118,91.82894825935364,100.0,4.0
308,/home/jihoon/jihoon/RVCD/MAIN_CODES/DB_single_concept_images_flux_generated/generated_images/scooter.png,scooter.png,3.0,112,11.11111111111111,0.9,4,93.61713528633118,91.22393727302551,100.0,4.0
309,/home/jihoon/jihoon/RVCD/MAIN_CODES/DB_single_concept_images_flux_generated/generated_images/seabird.png,seabird.png,1.0,336,100.0,0.9,2,94.18779015541077,94.18779015541077,100.0,2.0
309,/home/jihoon/jihoon/RVCD/MAIN_CODES/DB_single_concept_images_flux_generated/generated_images/seabird.png,seabird.png,1.5,224,44.44444444444444,0.9,2,94.18779015541077,93.94503235816956,100.0,2.0
309,/home/jihoon/jihoon/RVCD/MAIN_CODES/DB_single_concept_images_flux_generated/generated_images/seabird.png,seabird.png,2.0,168,25.0,0.9,2,94.18779015541077,94.56667304039001,100.0,2.0
309,/home/jihoon/jihoon/RVCD/MAIN_CODES/DB_single_concept_images_flux_generated/generated_images/seabird.png,seabird.png,2.5,134,16.0,0.9,2,94.18779015541077,93.80990266799927,100.0,2.0
309,/home/jihoon/jihoon/RVCD/MAIN_CODES/DB_single_concept_images_flux_generated/generated_images/seabird.png,seabird.png,3.0,112,11.11111111111111,0.9,2,94.18779015541077,94.29917335510254,100.0,2.0
310,/home/jihoon/jihoon/RVCD/MAIN_CODES/DB_single_concept_images_flux_generated/generated_images/seagull.png,seagull.png,1.0,336,100.0,0.9,2,94.18335556983948,94.18335556983948,100.0,2.0
310,/home/jihoon/jihoon/RVCD/MAIN_CODES/DB_single_concept_images_flux_generated/generated_images/seagull.png,seagull.png,1.5,224,44.44444444444444,0.9,2,94.18335556983948,96.53986692428589,100.0,2.0
310,/home/jihoon/jihoon/RVCD/MAIN_CODES/DB_single_concept_images_flux_generated/generated_images/seagull.png,seagull.png,2.0,168,25.0,0.9,2,94.18335556983948,96.75997495651245,100.0,2.0
310,/home/jihoon/jihoon/RVCD/MAIN_CODES/DB_single_concept_images_flux_generated/generated_images/seagull.png,seagull.png,2.5,134,16.0,0.9,2,94.18335556983948,96.8923568725586,100.0,2.0
310,/home/jihoon/jihoon/RVCD/MAIN_CODES/DB_single_concept_images_flux_generated/generated_images/seagull.png,seagull.png,3.0,112,11.11111111111111,0.9,2,94.18335556983948,96.43139839172363,100.0,2.0
311,/home/jihoon/jihoon/RVCD/MAIN_CODES/DB_single_concept_images_flux_generated/generated_images/seaplane.png,seaplane.png,1.0,336,100.0,0.9,3,93.87726783752441,93.87726783752441,100.0,3.0
311,/home/jihoon/jihoon/RVCD/MAIN_CODES/DB_single_concept_images_flux_generated/generated_images/seaplane.png,seaplane.png,1.5,224,44.44444444444444,0.9,3,93.87726783752441,93.56840252876282,100.0,3.0
311,/home/jihoon/jihoon/RVCD/MAIN_CODES/DB_single_concept_images_flux_generated/generated_images/seaplane.png,seaplane.png,2.0,168,25.0,0.9,3,93.87726783752441,95.44554352760315,100.0,3.0
311,/home/jihoon/jihoon/RVCD/MAIN_CODES/DB_single_concept_images_flux_generated/generated_images/seaplane.png,seaplane.png,2.5,134,16.0,0.9,3,93.87726783752441,96.33375406265259,100.0,3.0
311,/home/jihoon/jihoon/RVCD/MAIN_CODES/DB_single_concept_images_flux_generated/generated_images/seaplane.png,seaplane.png,3.0,112,11.11111111111111,0.9,3,93.87726783752441,96.44144177436829,100.0,3.0
312,/home/jihoon/jihoon/RVCD/MAIN_CODES/DB_single_concept_images_flux_generated/generated_images/seat.png,seat.png,1.0,336,100.0,0.9,1,94.99245285987854,94.99245285987854,100.0,1.0
312,/home/jihoon/jihoon/RVCD/MAIN_CODES/DB_single_concept_images_flux_generated/generated_images/seat.png,seat.png,1.5,224,44.44444444444444,0.9,1,94.99245285987854,94.35598850250244,100.0,1.0
312,/home/jihoon/jihoon/RVCD/MAIN_CODES/DB_single_concept_images_flux_generated/generated_images/seat.png,seat.png,2.0,168,25.0,0.9,1,94.99245285987854,93.12665462493896,100.0,1.0
312,/home/jihoon/jihoon/RVCD/MAIN_CODES/DB_single_concept_images_flux_generated/generated_images/seat.png,seat.png,2.5,134,16.0,0.9,1,94.99245285987854,93.35275888442993,100.0,1.0
312,/home/jihoon/jihoon/RVCD/MAIN_CODES/DB_single_concept_images_flux_generated/generated_images/seat.png,seat.png,3.0,112,11.11111111111111,0.9,1,94.99245285987854,93.8531219959259,100.0,1.0
313,/home/jihoon/jihoon/RVCD/MAIN_CODES/DB_single_concept_images_flux_generated/generated_images/sedan.png,sedan.png,1.0,336,100.0,0.9,1,96.52217626571655,96.52217626571655,100.0,1.0
313,/home/jihoon/jihoon/RVCD/MAIN_CODES/DB_single_concept_images_flux_generated/generated_images/sedan.png,sedan.png,1.5,224,44.44444444444444,0.9,1,96.52217626571655,96.33945822715759,100.0,1.0
313,/home/jihoon/jihoon/RVCD/MAIN_CODES/DB_single_concept_images_flux_generated/generated_images/sedan.png,sedan.png,2.0,168,25.0,0.9,1,96.52217626571655,97.63731956481934,100.0,1.0
313,/home/jihoon/jihoon/RVCD/MAIN_CODES/DB_single_concept_images_flux_generated/generated_images/sedan.png,sedan.png,2.5,134,16.0,0.9,1,96.52217626571655,97.80157208442688,100.0,1.0
313,/home/jihoon/jihoon/RVCD/MAIN_CODES/DB_single_concept_images_flux_generated/generated_images/sedan.png,sedan.png,3.0,112,11.11111111111111,0.9,1,96.52217626571655,98.36639165878296,100.0,1.0
314,/home/jihoon/jihoon/RVCD/MAIN_CODES/DB_single_concept_images_flux_generated/generated_images/serviceman.png,serviceman.png,1.0,336,100.0,0.9,14,90.50686359405518,90.50686359405518,100.0,14.0
314,/home/jihoon/jihoon/RVCD/MAIN_CODES/DB_single_concept_images_flux_generated/generated_images/serviceman.png,serviceman.png,1.5,224,44.44444444444444,0.9,14,90.50686359405518,90.0625467300415,78.57142857142857,11.0
314,/home/jihoon/jihoon/RVCD/MAIN_CODES/DB_single_concept_images_flux_generated/generated_images/serviceman.png,serviceman.png,2.0,168,25.0,0.9,14,90.50686359405518,90.73528051376343,92.85714285714286,13.0
314,/home/jihoon/jihoon/RVCD/MAIN_CODES/DB_single_concept_images_flux_generated/generated_images/serviceman.png,serviceman.png,2.5,134,16.0,0.9,14,90.50686359405518,89.96109962463379,85.71428571428571,12.0
314,/home/jihoon/jihoon/RVCD/MAIN_CODES/DB_single_concept_images_flux_generated/generated_images/serviceman.png,serviceman.png,3.0,112,11.11111111111111,0.9,14,90.50686359405518,89.84399437904358,78.57142857142857,11.0
315,/home/jihoon/jihoon/RVCD/MAIN_CODES/DB_single_concept_images_flux_generated/generated_images/settee.png,settee.png,1.0,336,100.0,0.9,2,94.30520534515381,94.30520534515381,100.0,2.0
315,/home/jihoon/jihoon/RVCD/MAIN_CODES/DB_single_concept_images_flux_generated/generated_images/settee.png,settee.png,1.5,224,44.44444444444444,0.9,2,94.30520534515381,93.44528913497925,100.0,2.0
315,/home/jihoon/jihoon/RVCD/MAIN_CODES/DB_single_concept_images_flux_generated/generated_images/settee.png,settee.png,2.0,168,25.0,0.9,2,94.30520534515381,91.78578853607178,100.0,2.0
315,/home/jihoon/jihoon/RVCD/MAIN_CODES/DB_single_concept_images_flux_generated/generated_images/settee.png,settee.png,2.5,134,16.0,0.9,2,94.30520534515381,90.47057032585144,100.0,2.0
315,/home/jihoon/jihoon/RVCD/MAIN_CODES/DB_single_concept_images_flux_generated/generated_images/settee.png,settee.png,3.0,112,11.11111111111111,0.9,2,94.30520534515381,84.6856951713562,100.0,2.0
316,/home/jihoon/jihoon/RVCD/MAIN_CODES/DB_single_concept_images_flux_generated/generated_images/sheep.png,sheep.png,1.0,336,100.0,0.9,2,93.50304007530212,93.50304007530212,100.0,2.0
316,/home/jihoon/jihoon/RVCD/MAIN_CODES/DB_single_concept_images_flux_generated/generated_images/sheep.png,sheep.png,1.5,224,44.44444444444444,0.9,2,93.50304007530212,93.22705268859863,100.0,2.0
316,/home/jihoon/jihoon/RVCD/MAIN_CODES/DB_single_concept_images_flux_generated/generated_images/sheep.png,sheep.png,2.0,168,25.0,0.9,2,93.50304007530212,93.30788850784302,100.0,2.0
316,/home/jihoon/jihoon/RVCD/MAIN_CODES/DB_single_concept_images_flux_generated/generated_images/sheep.png,sheep.png,2.5,134,16.0,0.9,2,93.50304007530212,92.54825711250305,100.0,2.0
316,/home/jihoon/jihoon/RVCD/MAIN_CODES/DB_single_concept_images_flux_generated/generated_images/sheep.png,sheep.png,3.0,112,11.11111111111111,0.9,2,93.50304007530212,92.99901127815247,100.0,2.0
317,/home/jihoon/jihoon/RVCD/MAIN_CODES/DB_single_concept_images_flux_generated/generated_images/sheepdog.png,sheepdog.png,1.0,336,100.0,0.9,1,92.02799797058105,92.02799797058105,100.0,1.0
317,/home/jihoon/jihoon/RVCD/MAIN_CODES/DB_single_concept_images_flux_generated/generated_images/sheepdog.png,sheepdog.png,1.5,224,44.44444444444444,0.9,1,92.02799797058105,92.48079061508179,100.0,1.0
317,/home/jihoon/jihoon/RVCD/MAIN_CODES/DB_single_concept_images_flux_generated/generated_images/sheepdog.png,sheepdog.png,2.0,168,25.0,0.9,1,92.02799797058105,91.90357327461243,100.0,1.0
317,/home/jihoon/jihoon/RVCD/MAIN_CODES/DB_single_concept_images_flux_generated/generated_images/sheepdog.png,sheepdog.png,2.5,134,16.0,0.9,1,92.02799797058105,91.8487012386322,100.0,1.0
317,/home/jihoon/jihoon/RVCD/MAIN_CODES/DB_single_concept_images_flux_generated/generated_images/sheepdog.png,sheepdog.png,3.0,112,11.11111111111111,0.9,1,92.02799797058105,92.31062531471252,100.0,1.0
318,/home/jihoon/jihoon/RVCD/MAIN_CODES/DB_single_concept_images_flux_generated/generated_images/ship.png,ship.png,1.0,336,100.0,0.9,3,98.07466864585876,98.07466864585876,100.0,3.0
318,/home/jihoon/jihoon/RVCD/MAIN_CODES/DB_single_concept_images_flux_generated/generated_images/ship.png,ship.png,1.5,224,44.44444444444444,0.9,3,98.07466864585876,98.6468255519867,100.0,3.0
318,/home/jihoon/jihoon/RVCD/MAIN_CODES/DB_single_concept_images_flux_generated/generated_images/ship.png,ship.png,2.0,168,25.0,0.9,3,98.07466864585876,98.54152202606201,100.0,3.0
318,/home/jihoon/jihoon/RVCD/MAIN_CODES/DB_single_concept_images_flux_generated/generated_images/ship.png,ship.png,2.5,134,16.0,0.9,3,98.07466864585876,98.42890501022339,100.0,3.0
318,/home/jihoon/jihoon/RVCD/MAIN_CODES/DB_single_concept_images_flux_generated/generated_images/ship.png,ship.png,3.0,112,11.11111111111111,0.9,3,98.07466864585876,97.94730544090271,100.0,3.0
319,/home/jihoon/jihoon/RVCD/MAIN_CODES/DB_single_concept_images_flux_generated/generated_images/shopper.png,shopper.png,1.0,336,100.0,0.9,17,90.1196300983429,90.1196300983429,100.0,17.0
319,/home/jihoon/jihoon/RVCD/MAIN_CODES/DB_single_concept_images_flux_generated/generated_images/shopper.png,shopper.png,1.5,224,44.44444444444444,0.9,17,90.1196300983429,88.679438829422,82.3529411764706,14.000000000000002
319,/home/jihoon/jihoon/RVCD/MAIN_CODES/DB_single_concept_images_flux_generated/generated_images/shopper.png,shopper.png,2.0,168,25.0,0.9,17,90.1196300983429,85.62368154525757,82.3529411764706,14.000000000000002
319,/home/jihoon/jihoon/RVCD/MAIN_CODES/DB_single_concept_images_flux_generated/generated_images/shopper.png,shopper.png,2.5,134,16.0,0.9,17,90.1196300983429,87.83987164497375,76.47058823529412,13.0
319,/home/jihoon/jihoon/RVCD/MAIN_CODES/DB_single_concept_images_flux_generated/generated_images/shopper.png,shopper.png,3.0,112,11.11111111111111,0.9,17,90.1196300983429,46.29763066768646,41.1764705882353,7.000000000000001
320,/home/jihoon/jihoon/RVCD/MAIN_CODES/DB_single_concept_images_flux_generated/generated_images/shorebird.png,shorebird.png,1.0,336,100.0,0.9,1,92.49853491783142,92.49853491783142,100.0,1.0
320,/home/jihoon/jihoon/RVCD/MAIN_CODES/DB_single_concept_images_flux_generated/generated_images/shorebird.png,shorebird.png,1.5,224,44.44444444444444,0.9,1,92.49853491783142,92.48787760734558,100.0,1.0
320,/home/jihoon/jihoon/RVCD/MAIN_CODES/DB_single_concept_images_flux_generated/generated_images/shorebird.png,shorebird.png,2.0,168,25.0,0.9,1,92.49853491783142,93.28678250312805,100.0,1.0
320,/home/jihoon/jihoon/RVCD/MAIN_CODES/DB_single_concept_images_flux_generated/generated_images/shorebird.png,shorebird.png,2.5,134,16.0,0.9,1,92.49853491783142,88.9073371887207,100.0,1.0
320,/home/jihoon/jihoon/RVCD/MAIN_CODES/DB_single_concept_images_flux_generated/generated_images/shorebird.png,shorebird.png,3.0,112,11.11111111111111,0.9,1,92.49853491783142,87.73006200790405,100.0,1.0
321,/home/jihoon/jihoon/RVCD/MAIN_CODES/DB_single_concept_images_flux_generated/generated_images/shortboard.png,shortboard.png,1.0,336,100.0,0.9,2,92.68898963928223,92.68898963928223,100.0,2.0
321,/home/jihoon/jihoon/RVCD/MAIN_CODES/DB_single_concept_images_flux_generated/generated_images/shortboard.png,shortboard.png,1.5,224,44.44444444444444,0.9,2,92.68898963928223,95.88218927383423,100.0,2.0
321,/home/jihoon/jihoon/RVCD/MAIN_CODES/DB_single_concept_images_flux_generated/generated_images/shortboard.png,shortboard.png,2.0,168,25.0,0.9,2,92.68898963928223,91.42345190048218,50.0,1.0
321,/home/jihoon/jihoon/RVCD/MAIN_CODES/DB_single_concept_images_flux_generated/generated_images/shortboard.png,shortboard.png,2.5,134,16.0,0.9,2,92.68898963928223,83.3078920841217,50.0,1.0
321,/home/jihoon/jihoon/RVCD/MAIN_CODES/DB_single_concept_images_flux_generated/generated_images/shortboard.png,shortboard.png,3.0,112,11.11111111111111,0.9,2,92.68898963928223,68.97913217544556,50.0,1.0
322,/home/jihoon/jihoon/RVCD/MAIN_CODES/DB_single_concept_images_flux_generated/generated_images/shortcake.png,shortcake.png,1.0,336,100.0,0.9,18,90.27431011199951,90.27431011199951,100.0,18.0
322,/home/jihoon/jihoon/RVCD/MAIN_CODES/DB_single_concept_images_flux_generated/generated_images/shortcake.png,shortcake.png,1.5,224,44.44444444444444,0.9,18,90.27431011199951,89.96414542198181,94.44444444444444,17.0
322,/home/jihoon/jihoon/RVCD/MAIN_CODES/DB_single_concept_images_flux_generated/generated_images/shortcake.png,shortcake.png,2.0,168,25.0,0.9,18,90.27431011199951,90.40928483009338,94.44444444444444,17.0
322,/home/jihoon/jihoon/RVCD/MAIN_CODES/DB_single_concept_images_flux_generated/generated_images/shortcake.png,shortcake.png,2.5,134,16.0,0.9,18,90.27431011199951,82.67164826393127,83.33333333333333,14.999999999999998
322,/home/jihoon/jihoon/RVCD/MAIN_CODES/DB_single_concept_images_flux_generated/generated_images/shortcake.png,shortcake.png,3.0,112,11.11111111111111,0.9,18,90.27431011199951,88.84033560752869,94.44444444444444,17.0
323,/home/jihoon/jihoon/RVCD/MAIN_CODES/DB_single_concept_images_flux_generated/generated_images/sink.png,sink.png,1.0,336,100.0,0.9,10,90.27619957923889,90.27619957923889,100.0,10.0
323,/home/jihoon/jihoon/RVCD/MAIN_CODES/DB_single_concept_images_flux_generated/generated_images/sink.png,sink.png,1.5,224,44.44444444444444,0.9,10,90.27619957923889,85.93716621398926,70.0,7.0
323,/home/jihoon/jihoon/RVCD/MAIN_CODES/DB_single_concept_images_flux_generated/generated_images/sink.png,sink.png,2.0,168,25.0,0.9,10,90.27619957923889,87.33288645744324,60.0,6.0
323,/home/jihoon/jihoon/RVCD/MAIN_CODES/DB_single_concept_images_flux_generated/generated_images/sink.png,sink.png,2.5,134,16.0,0.9,10,90.27619957923889,44.22759711742401,50.0,5.0
323,/home/jihoon/jihoon/RVCD/MAIN_CODES/DB_single_concept_images_flux_generated/generated_images/sink.png,sink.png,3.0,112,11.11111111111111,0.9,10,90.27619957923889,21.847639977931976,50.0,5.0
324,/home/jihoon/jihoon/RVCD/MAIN_CODES/DB_single_concept_images_flux_generated/generated_images/sister.png,sister.png,1.0,336,100.0,0.9,20,90.34433960914612,90.34433960914612,100.0,20.0
324,/home/jihoon/jihoon/RVCD/MAIN_CODES/DB_single_concept_images_flux_generated/generated_images/sister.png,sister.png,1.5,224,44.44444444444444,0.9,20,90.34433960914612,91.53887033462524,85.0,17.0
324,/home/jihoon/jihoon/RVCD/MAIN_CODES/DB_single_concept_images_flux_generated/generated_images/sister.png,sister.png,2.0,168,25.0,0.9,20,90.34433960914612,91.49743318557739,75.0,15.0
324,/home/jihoon/jihoon/RVCD/MAIN_CODES/DB_single_concept_images_flux_generated/generated_images/sister.png,sister.png,2.5,134,16.0,0.9,20,90.34433960914612,89.00864124298096,85.0,17.0
324,/home/jihoon/jihoon/RVCD/MAIN_CODES/DB_single_concept_images_flux_generated/generated_images/sister.png,sister.png,3.0,112,11.11111111111111,0.9,20,90.34433960914612,90.79607725143433,75.0,15.0
325,/home/jihoon/jihoon/RVCD/MAIN_CODES/DB_single_concept_images_flux_generated/generated_images/skateboard.png,skateboard.png,1.0,336,100.0,0.9,1,96.77436351776123,96.77436351776123,100.0,1.0
325,/home/jihoon/jihoon/RVCD/MAIN_CODES/DB_single_concept_images_flux_generated/generated_images/skateboard.png,skateboard.png,1.5,224,44.44444444444444,0.9,1,96.77436351776123,96.170175075531,100.0,1.0
325,/home/jihoon/jihoon/RVCD/MAIN_CODES/DB_single_concept_images_flux_generated/generated_images/skateboard.png,skateboard.png,2.0,168,25.0,0.9,1,96.77436351776123,95.93391418457031,100.0,1.0
325,/home/jihoon/jihoon/RVCD/MAIN_CODES/DB_single_concept_images_flux_generated/generated_images/skateboard.png,skateboard.png,2.5,134,16.0,0.9,1,96.77436351776123,95.24842500686646,100.0,1.0
325,/home/jihoon/jihoon/RVCD/MAIN_CODES/DB_single_concept_images_flux_generated/generated_images/skateboard.png,skateboard.png,3.0,112,11.11111111111111,0.9,1,96.77436351776123,96.35496139526367,100.0,1.0
326,/home/jihoon/jihoon/RVCD/MAIN_CODES/DB_single_concept_images_flux_generated/generated_images/skateboarder.png,skateboarder.png,1.0,336,100.0,0.9,3,90.94615578651428,90.94615578651428,100.0,3.0
326,/home/jihoon/jihoon/RVCD/MAIN_CODES/DB_single_concept_images_flux_generated/generated_images/skateboarder.png,skateboarder.png,1.5,224,44.44444444444444,0.9,3,90.94615578651428,88.35406303405762,66.66666666666667,2.0
326,/home/jihoon/jihoon/RVCD/MAIN_CODES/DB_single_concept_images_flux_generated/generated_images/skateboarder.png,skateboarder.png,2.0,168,25.0,0.9,3,90.94615578651428,89.42062854766846,66.66666666666667,2.0
326,/home/jihoon/jihoon/RVCD/MAIN_CODES/DB_single_concept_images_flux_generated/generated_images/skateboarder.png,skateboarder.png,2.5,134,16.0,0.9,3,90.94615578651428,86.04729175567627,66.66666666666667,2.0
326,/home/jihoon/jihoon/RVCD/MAIN_CODES/DB_single_concept_images_flux_generated/generated_images/skateboarder.png,skateboarder.png,3.0,112,11.11111111111111,0.9,3,90.94615578651428,87.3808741569519,66.66666666666667,2.0
327,/home/jihoon/jihoon/RVCD/MAIN_CODES/DB_single_concept_images_flux_generated/generated_images/skater.png,skater.png,1.0,336,100.0,0.9,9,90.22634029388428,90.22634029388428,100.0,9.0
327,/home/jihoon/jihoon/RVCD/MAIN_CODES/DB_single_concept_images_flux_generated/generated_images/skater.png,skater.png,1.5,224,44.44444444444444,0.9,9,90.22634029388428,89.74658846855164,66.66666666666667,6.000000000000001
327,/home/jihoon/jihoon/RVCD/MAIN_CODES/DB_single_concept_images_flux_generated/generated_images/skater.png,skater.png,2.0,168,25.0,0.9,9,90.22634029388428,89.28709626197815,44.44444444444444,4.0
327,/home/jihoon/jihoon/RVCD/MAIN_CODES/DB_single_concept_images_flux_generated/generated_images/skater.png,skater.png,2.5,134,16.0,0.9,9,90.22634029388428,87.09556460380554,44.44444444444444,4.0
327,/home/jihoon/jihoon/RVCD/MAIN_CODES/DB_single_concept_images_flux_generated/generated_images/skater.png,skater.png,3.0,112,11.11111111111111,0.9,9,90.22634029388428,88.36301565170288,33.333333333333336,3.0000000000000004
328,/home/jihoon/jihoon/RVCD/MAIN_CODES/DB_single_concept_images_flux_generated/generated_images/ski.png,ski.png,1.0,336,100.0,0.9,4,90.36492109298706,90.36492109298706,100.0,4.0
328,/home/jihoon/jihoon/RVCD/MAIN_CODES/DB_single_concept_images_flux_generated/generated_images/ski.png,ski.png,1.5,224,44.44444444444444,0.9,4,90.36492109298706,85.53391695022583,75.0,3.0
328,/home/jihoon/jihoon/RVCD/MAIN_CODES/DB_single_concept_images_flux_generated/generated_images/ski.png,ski.png,2.0,168,25.0,0.9,4,90.36492109298706,84.86730456352234,75.0,3.0
328,/home/jihoon/jihoon/RVCD/MAIN_CODES/DB_single_concept_images_flux_generated/generated_images/ski.png,ski.png,2.5,134,16.0,0.9,4,90.36492109298706,83.13740491867065,75.0,3.0
328,/home/jihoon/jihoon/RVCD/MAIN_CODES/DB_single_concept_images_flux_generated/generated_images/ski.png,ski.png,3.0,112,11.11111111111111,0.9,4,90.36492109298706,85.19482612609863,75.0,3.0
329,/home/jihoon/jihoon/RVCD/MAIN_CODES/DB_single_concept_images_flux_generated/generated_images/skier.png,skier.png,1.0,336,100.0,0.9,5,91.4079487323761,91.4079487323761,100.0,5.0
329,/home/jihoon/jihoon/RVCD/MAIN_CODES/DB_single_concept_images_flux_generated/generated_images/skier.png,skier.png,1.5,224,44.44444444444444,0.9,5,91.4079487323761,88.10449838638306,80.0,4.0
329,/home/jihoon/jihoon/RVCD/MAIN_CODES/DB_single_concept_images_flux_generated/generated_images/skier.png,skier.png,2.0,168,25.0,0.9,5,91.4079487323761,80.9684157371521,80.0,4.0
329,/home/jihoon/jihoon/RVCD/MAIN_CODES/DB_single_concept_images_flux_generated/generated_images/skier.png,skier.png,2.5,134,16.0,0.9,5,91.4079487323761,84.33225750923157,80.0,4.0
329,/home/jihoon/jihoon/RVCD/MAIN_CODES/DB_single_concept_images_flux_generated/generated_images/skier.png,skier.png,3.0,112,11.11111111111111,0.9,5,91.4079487323761,82.39165544509888,80.0,4.0
330,/home/jihoon/jihoon/RVCD/MAIN_CODES/DB_single_concept_images_flux_generated/generated_images/skiff.png,skiff.png,1.0,336,100.0,0.9,1,95.32818794250488,95.32818794250488,100.0,1.0
330,/home/jihoon/jihoon/RVCD/MAIN_CODES/DB_single_concept_images_flux_generated/generated_images/skiff.png,skiff.png,1.5,224,44.44444444444444,0.9,1,95.32818794250488,94.98037695884705,100.0,1.0
330,/home/jihoon/jihoon/RVCD/MAIN_CODES/DB_single_concept_images_flux_generated/generated_images/skiff.png,skiff.png,2.0,168,25.0,0.9,1,95.32818794250488,95.22497653961182,100.0,1.0
330,/home/jihoon/jihoon/RVCD/MAIN_CODES/DB_single_concept_images_flux_generated/generated_images/skiff.png,skiff.png,2.5,134,16.0,0.9,1,95.32818794250488,95.52731513977051,100.0,1.0
330,/home/jihoon/jihoon/RVCD/MAIN_CODES/DB_single_concept_images_flux_generated/generated_images/skiff.png,skiff.png,3.0,112,11.11111111111111,0.9,1,95.32818794250488,96.35740518569946,100.0,1.0
331,/home/jihoon/jihoon/RVCD/MAIN_CODES/DB_single_concept_images_flux_generated/generated_images/skimboard.png,skimboard.png,1.0,336,100.0,0.9,4,91.64655208587646,91.64655208587646,100.0,4.0
331,/home/jihoon/jihoon/RVCD/MAIN_CODES/DB_single_concept_images_flux_generated/generated_images/skimboard.png,skimboard.png,1.5,224,44.44444444444444,0.9,4,91.64655208587646,96.97048664093018,100.0,4.0
331,/home/jihoon/jihoon/RVCD/MAIN_CODES/DB_single_concept_images_flux_generated/generated_images/skimboard.png,skimboard.png,2.0,168,25.0,0.9,4,91.64655208587646,97.1411406993866,75.0,3.0
331,/home/jihoon/jihoon/RVCD/MAIN_CODES/DB_single_concept_images_flux_generated/generated_images/skimboard.png,skimboard.png,2.5,134,16.0,0.9,4,91.64655208587646,97.10884094238281,75.0,3.0
331,/home/jihoon/jihoon/RVCD/MAIN_CODES/DB_single_concept_images_flux_generated/generated_images/skimboard.png,skimboard.png,3.0,112,11.11111111111111,0.9,4,91.64655208587646,96.52868509292603,75.0,3.0
332,/home/jihoon/jihoon/RVCD/MAIN_CODES/DB_single_concept_images_flux_generated/generated_images/skis.png,skis.png,1.0,336,100.0,0.9,2,96.64489030838013,96.64489030838013,100.0,2.0
332,/home/jihoon/jihoon/RVCD/MAIN_CODES/DB_single_concept_images_flux_generated/generated_images/skis.png,skis.png,1.5,224,44.44444444444444,0.9,2,96.64489030838013,96.6706395149231,100.0,2.0
332,/home/jihoon/jihoon/RVCD/MAIN_CODES/DB_single_concept_images_flux_generated/generated_images/skis.png,skis.png,2.0,168,25.0,0.9,2,96.64489030838013,96.27185463905334,100.0,2.0
332,/home/jihoon/jihoon/RVCD/MAIN_CODES/DB_single_concept_images_flux_generated/generated_images/skis.png,skis.png,2.5,134,16.0,0.9,2,96.64489030838013,92.59606599807739,100.0,2.0
332,/home/jihoon/jihoon/RVCD/MAIN_CODES/DB_single_concept_images_flux_generated/generated_images/skis.png,skis.png,3.0,112,11.11111111111111,0.9,2,96.64489030838013,92.69293546676636,100.0,2.0
333,/home/jihoon/jihoon/RVCD/MAIN_CODES/DB_single_concept_images_flux_generated/generated_images/smartphone.png,smartphone.png,1.0,336,100.0,0.9,3,91.33775234222412,91.33775234222412,100.0,3.0
333,/home/jihoon/jihoon/RVCD/MAIN_CODES/DB_single_concept_images_flux_generated/generated_images/smartphone.png,smartphone.png,1.5,224,44.44444444444444,0.9,3,91.33775234222412,91.87870025634766,100.0,3.0
333,/home/jihoon/jihoon/RVCD/MAIN_CODES/DB_single_concept_images_flux_generated/generated_images/smartphone.png,smartphone.png,2.0,168,25.0,0.9,3,91.33775234222412,91.4533257484436,100.0,3.0
333,/home/jihoon/jihoon/RVCD/MAIN_CODES/DB_single_concept_images_flux_generated/generated_images/smartphone.png,smartphone.png,2.5,134,16.0,0.9,3,91.33775234222412,90.42643904685974,66.66666666666667,2.0
333,/home/jihoon/jihoon/RVCD/MAIN_CODES/DB_single_concept_images_flux_generated/generated_images/smartphone.png,smartphone.png,3.0,112,11.11111111111111,0.9,3,91.33775234222412,92.33506321907043,66.66666666666667,2.0
334,/home/jihoon/jihoon/RVCD/MAIN_CODES/DB_single_concept_images_flux_generated/generated_images/snowboard.png,snowboard.png,1.0,336,100.0,0.9,5,91.46701097488403,91.46701097488403,100.0,5.0
334,/home/jihoon/jihoon/RVCD/MAIN_CODES/DB_single_concept_images_flux_generated/generated_images/snowboard.png,snowboard.png,1.5,224,44.44444444444444,0.9,5,91.46701097488403,90.8871591091156,80.0,4.0
334,/home/jihoon/jihoon/RVCD/MAIN_CODES/DB_single_concept_images_flux_generated/generated_images/snowboard.png,snowboard.png,2.0,168,25.0,0.9,5,91.46701097488403,92.44168400764465,80.0,4.0
334,/home/jihoon/jihoon/RVCD/MAIN_CODES/DB_single_concept_images_flux_generated/generated_images/snowboard.png,snowboard.png,2.5,134,16.0,0.9,5,91.46701097488403,91.11046195030212,80.0,4.0
334,/home/jihoon/jihoon/RVCD/MAIN_CODES/DB_single_concept_images_flux_generated/generated_images/snowboard.png,snowboard.png,3.0,112,11.11111111111111,0.9,5,91.46701097488403,91.38514399528503,80.0,4.0
335,/home/jihoon/jihoon/RVCD/MAIN_CODES/DB_single_concept_images_flux_generated/generated_images/snowboarder.png,snowboarder.png,1.0,336,100.0,0.9,2,95.69619297981262,95.69619297981262,100.0,2.0
335,/home/jihoon/jihoon/RVCD/MAIN_CODES/DB_single_concept_images_flux_generated/generated_images/snowboarder.png,snowboarder.png,1.5,224,44.44444444444444,0.9,2,95.69619297981262,94.39622163772583,100.0,2.0
335,/home/jihoon/jihoon/RVCD/MAIN_CODES/DB_single_concept_images_flux_generated/generated_images/snowboarder.png,snowboarder.png,2.0,168,25.0,0.9,2,95.69619297981262,92.92281866073608,100.0,2.0
335,/home/jihoon/jihoon/RVCD/MAIN_CODES/DB_single_concept_images_flux_generated/generated_images/snowboarder.png,snowboarder.png,2.5,134,16.0,0.9,2,95.69619297981262,86.58138513565063,100.0,2.0
335,/home/jihoon/jihoon/RVCD/MAIN_CODES/DB_single_concept_images_flux_generated/generated_images/snowboarder.png,snowboarder.png,3.0,112,11.11111111111111,0.9,2,95.69619297981262,87.06793785095215,100.0,2.0
336,/home/jihoon/jihoon/RVCD/MAIN_CODES/DB_single_concept_images_flux_generated/generated_images/sofa.png,sofa.png,1.0,336,100.0,0.9,2,96.74643874168396,96.74643874168396,100.0,2.0
336,/home/jihoon/jihoon/RVCD/MAIN_CODES/DB_single_concept_images_flux_generated/generated_images/sofa.png,sofa.png,1.5,224,44.44444444444444,0.9,2,96.74643874168396,97.00412154197693,100.0,2.0
336,/home/jihoon/jihoon/RVCD/MAIN_CODES/DB_single_concept_images_flux_generated/generated_images/sofa.png,sofa.png,2.0,168,25.0,0.9,2,96.74643874168396,95.83673477172852,100.0,2.0
336,/home/jihoon/jihoon/RVCD/MAIN_CODES/DB_single_concept_images_flux_generated/generated_images/sofa.png,sofa.png,2.5,134,16.0,0.9,2,96.74643874168396,96.59253358840942,100.0,2.0
336,/home/jihoon/jihoon/RVCD/MAIN_CODES/DB_single_concept_images_flux_generated/generated_images/sofa.png,sofa.png,3.0,112,11.11111111111111,0.9,2,96.74643874168396,95.21715641021729,100.0,2.0
337,/home/jihoon/jihoon/RVCD/MAIN_CODES/DB_single_concept_images_flux_generated/generated_images/soldier.png,soldier.png,1.0,336,100.0,0.9,2,91.11827611923218,91.11827611923218,100.0,2.0
337,/home/jihoon/jihoon/RVCD/MAIN_CODES/DB_single_concept_images_flux_generated/generated_images/soldier.png,soldier.png,1.5,224,44.44444444444444,0.9,2,91.11827611923218,59.76414084434509,50.0,1.0
337,/home/jihoon/jihoon/RVCD/MAIN_CODES/DB_single_concept_images_flux_generated/generated_images/soldier.png,soldier.png,2.0,168,25.0,0.9,2,91.11827611923218,31.983619928359985,50.0,1.0
337,/home/jihoon/jihoon/RVCD/MAIN_CODES/DB_single_concept_images_flux_generated/generated_images/soldier.png,soldier.png,2.5,134,16.0,0.9,2,91.11827611923218,18.55606883764267,0.0,0.0
337,/home/jihoon/jihoon/RVCD/MAIN_CODES/DB_single_concept_images_flux_generated/generated_images/soldier.png,soldier.png,3.0,112,11.11111111111111,0.9,2,91.11827611923218,13.546615839004517,0.0,0.0
338,/home/jihoon/jihoon/RVCD/MAIN_CODES/DB_single_concept_images_flux_generated/generated_images/solider.png,solider.png,1.0,336,100.0,0.9,13,90.37471413612366,90.37471413612366,100.0,13.0
338,/home/jihoon/jihoon/RVCD/MAIN_CODES/DB_single_concept_images_flux_generated/generated_images/solider.png,solider.png,1.5,224,44.44444444444444,0.9,13,90.37471413612366,89.63294625282288,76.92307692307692,10.0
338,/home/jihoon/jihoon/RVCD/MAIN_CODES/DB_single_concept_images_flux_generated/generated_images/solider.png,solider.png,2.0,168,25.0,0.9,13,90.37471413612366,89.49463367462158,76.92307692307692,10.0
338,/home/jihoon/jihoon/RVCD/MAIN_CODES/DB_single_concept_images_flux_generated/generated_images/solider.png,solider.png,2.5,134,16.0,0.9,13,90.37471413612366,88.1096363067627,69.23076923076923,9.0
338,/home/jihoon/jihoon/RVCD/MAIN_CODES/DB_single_concept_images_flux_generated/generated_images/solider.png,solider.png,3.0,112,11.11111111111111,0.9,13,90.37471413612366,82.19856023788452,53.84615384615385,7.0
339,/home/jihoon/jihoon/RVCD/MAIN_CODES/DB_single_concept_images_flux_generated/generated_images/songbird.png,songbird.png,1.0,336,100.0,0.9,4,90.85727334022522,90.85727334022522,100.0,4.0
339,/home/jihoon/jihoon/RVCD/MAIN_CODES/DB_single_concept_images_flux_generated/generated_images/songbird.png,songbird.png,1.5,224,44.44444444444444,0.9,4,90.85727334022522,94.41734552383423,100.0,4.0
339,/home/jihoon/jihoon/RVCD/MAIN_CODES/DB_single_concept_images_flux_generated/generated_images/songbird.png,songbird.png,2.0,168,25.0,0.9,4,90.85727334022522,95.10434865951538,50.0,2.0
339,/home/jihoon/jihoon/RVCD/MAIN_CODES/DB_single_concept_images_flux_generated/generated_images/songbird.png,songbird.png,2.5,134,16.0,0.9,4,90.85727334022522,94.00693774223328,50.0,2.0
339,/home/jihoon/jihoon/RVCD/MAIN_CODES/DB_single_concept_images_flux_generated/generated_images/songbird.png,songbird.png,3.0,112,11.11111111111111,0.9,4,90.85727334022522,94.45081353187561,50.0,2.0
340,/home/jihoon/jihoon/RVCD/MAIN_CODES/DB_single_concept_images_flux_generated/generated_images/spaniel.png,spaniel.png,1.0,336,100.0,0.9,2,92.2639012336731,92.2639012336731,100.0,2.0
340,/home/jihoon/jihoon/RVCD/MAIN_CODES/DB_single_concept_images_flux_generated/generated_images/spaniel.png,spaniel.png,1.5,224,44.44444444444444,0.9,2,92.2639012336731,95.81190943717957,100.0,2.0
340,/home/jihoon/jihoon/RVCD/MAIN_CODES/DB_single_concept_images_flux_generated/generated_images/spaniel.png,spaniel.png,2.0,168,25.0,0.9,2,92.2639012336731,96.03492617607117,100.0,2.0
340,/home/jihoon/jihoon/RVCD/MAIN_CODES/DB_single_concept_images_flux_generated/generated_images/spaniel.png,spaniel.png,2.5,134,16.0,0.9,2,92.2639012336731,94.09384727478027,100.0,2.0
340,/home/jihoon/jihoon/RVCD/MAIN_CODES/DB_single_concept_images_flux_generated/generated_images/spaniel.png,spaniel.png,3.0,112,11.11111111111111,0.9,2,92.2639012336731,94.88387107849121,100.0,2.0
341,/home/jihoon/jihoon/RVCD/MAIN_CODES/DB_single_concept_images_flux_generated/generated_images/sparrow.png,sparrow.png,1.0,336,100.0,0.9,1,95.19750475883484,95.19750475883484,100.0,1.0
341,/home/jihoon/jihoon/RVCD/MAIN_CODES/DB_single_concept_images_flux_generated/generated_images/sparrow.png,sparrow.png,1.5,224,44.44444444444444,0.9,1,95.19750475883484,94.40770745277405,100.0,1.0
341,/home/jihoon/jihoon/RVCD/MAIN_CODES/DB_single_concept_images_flux_generated/generated_images/sparrow.png,sparrow.png,2.0,168,25.0,0.9,1,95.19750475883484,93.51873397827148,100.0,1.0
341,/home/jihoon/jihoon/RVCD/MAIN_CODES/DB_single_concept_images_flux_generated/generated_images/sparrow.png,sparrow.png,2.5,134,16.0,0.9,1,95.19750475883484,93.60024929046631,100.0,1.0
341,/home/jihoon/jihoon/RVCD/MAIN_CODES/DB_single_concept_images_flux_generated/generated_images/sparrow.png,sparrow.png,3.0,112,11.11111111111111,0.9,1,95.19750475883484,93.48495602607727,100.0,1.0
342,/home/jihoon/jihoon/RVCD/MAIN_CODES/DB_single_concept_images_flux_generated/generated_images/speedboat.png,speedboat.png,1.0,336,100.0,0.9,2,92.79544353485107,92.79544353485107,100.0,2.0
342,/home/jihoon/jihoon/RVCD/MAIN_CODES/DB_single_concept_images_flux_generated/generated_images/speedboat.png,speedboat.png,1.5,224,44.44444444444444,0.9,2,92.79544353485107,93.41025948524475,100.0,2.0
342,/home/jihoon/jihoon/RVCD/MAIN_CODES/DB_single_concept_images_flux_generated/generated_images/speedboat.png,speedboat.png,2.0,168,25.0,0.9,2,92.79544353485107,92.79166460037231,100.0,2.0
342,/home/jihoon/jihoon/RVCD/MAIN_CODES/DB_single_concept_images_flux_generated/generated_images/speedboat.png,speedboat.png,2.5,134,16.0,0.9,2,92.79544353485107,90.10579586029053,100.0,2.0
342,/home/jihoon/jihoon/RVCD/MAIN_CODES/DB_single_concept_images_flux_generated/generated_images/speedboat.png,speedboat.png,3.0,112,11.11111111111111,0.9,2,92.79544353485107,88.87190222740173,100.0,2.0
343,/home/jihoon/jihoon/RVCD/MAIN_CODES/DB_single_concept_images_flux_generated/generated_images/spoon.png,spoon.png,1.0,336,100.0,0.9,1,96.84010744094849,96.84010744094849,100.0,1.0
343,/home/jihoon/jihoon/RVCD/MAIN_CODES/DB_single_concept_images_flux_generated/generated_images/spoon.png,spoon.png,1.5,224,44.44444444444444,0.9,1,96.84010744094849,96.8254566192627,100.0,1.0
343,/home/jihoon/jihoon/RVCD/MAIN_CODES/DB_single_concept_images_flux_generated/generated_images/spoon.png,spoon.png,2.0,168,25.0,0.9,1,96.84010744094849,96.62579298019409,100.0,1.0
343,/home/jihoon/jihoon/RVCD/MAIN_CODES/DB_single_concept_images_flux_generated/generated_images/spoon.png,spoon.png,2.5,134,16.0,0.9,1,96.84010744094849,96.62528038024902,100.0,1.0
343,/home/jihoon/jihoon/RVCD/MAIN_CODES/DB_single_concept_images_flux_generated/generated_images/spoon.png,spoon.png,3.0,112,11.11111111111111,0.9,1,96.84010744094849,96.34822010993958,100.0,1.0
344,/home/jihoon/jihoon/RVCD/MAIN_CODES/DB_single_concept_images_flux_generated/generated_images/sports ball.png,sports ball.png,1.0,336,100.0,0.9,2,97.30718731880188,97.30718731880188,100.0,2.0
344,/home/jihoon/jihoon/RVCD/MAIN_CODES/DB_single_concept_images_flux_generated/generated_images/sports ball.png,sports ball.png,1.5,224,44.44444444444444,0.9,2,97.30718731880188,97.17639684677124,100.0,2.0
344,/home/jihoon/jihoon/RVCD/MAIN_CODES/DB_single_concept_images_flux_generated/generated_images/sports ball.png,sports ball.png,2.0,168,25.0,0.9,2,97.30718731880188,97.31897115707397,100.0,2.0
344,/home/jihoon/jihoon/RVCD/MAIN_CODES/DB_single_concept_images_flux_generated/generated_images/sports ball.png,sports ball.png,2.5,134,16.0,0.9,2,97.30718731880188,97.17388153076172,100.0,2.0
344,/home/jihoon/jihoon/RVCD/MAIN_CODES/DB_single_concept_images_flux_generated/generated_images/sports ball.png,sports ball.png,3.0,112,11.11111111111111,0.9,2,97.30718731880188,97.03905582427979,100.0,2.0
345,/home/jihoon/jihoon/RVCD/MAIN_CODES/DB_single_concept_images_flux_generated/generated_images/sportsball.png,sportsball.png,1.0,336,100.0,0.9,2,97.30718731880188,97.30718731880188,100.0,2.0
345,/home/jihoon/jihoon/RVCD/MAIN_CODES/DB_single_concept_images_flux_generated/generated_images/sportsball.png,sportsball.png,1.5,224,44.44444444444444,0.9,2,97.30718731880188,97.17639684677124,100.0,2.0
345,/home/jihoon/jihoon/RVCD/MAIN_CODES/DB_single_concept_images_flux_generated/generated_images/sportsball.png,sportsball.png,2.0,168,25.0,0.9,2,97.30718731880188,97.31897115707397,100.0,2.0
345,/home/jihoon/jihoon/RVCD/MAIN_CODES/DB_single_concept_images_flux_generated/generated_images/sportsball.png,sportsball.png,2.5,134,16.0,0.9,2,97.30718731880188,97.17388153076172,100.0,2.0
345,/home/jihoon/jihoon/RVCD/MAIN_CODES/DB_single_concept_images_flux_generated/generated_images/sportsball.png,sportsball.png,3.0,112,11.11111111111111,0.9,2,97.30718731880188,97.03905582427979,100.0,2.0
346,/home/jihoon/jihoon/RVCD/MAIN_CODES/DB_single_concept_images_flux_generated/generated_images/stallion.png,stallion.png,1.0,336,100.0,0.9,1,97.66600131988525,97.66600131988525,100.0,1.0
346,/home/jihoon/jihoon/RVCD/MAIN_CODES/DB_single_concept_images_flux_generated/generated_images/stallion.png,stallion.png,1.5,224,44.44444444444444,0.9,1,97.66600131988525,97.41902351379395,100.0,1.0
346,/home/jihoon/jihoon/RVCD/MAIN_CODES/DB_single_concept_images_flux_generated/generated_images/stallion.png,stallion.png,2.0,168,25.0,0.9,1,97.66600131988525,96.3988184928894,100.0,1.0
346,/home/jihoon/jihoon/RVCD/MAIN_CODES/DB_single_concept_images_flux_generated/generated_images/stallion.png,stallion.png,2.5,134,16.0,0.9,1,97.66600131988525,91.72705411911011,100.0,1.0
346,/home/jihoon/jihoon/RVCD/MAIN_CODES/DB_single_concept_images_flux_generated/generated_images/stallion.png,stallion.png,3.0,112,11.11111111111111,0.9,1,97.66600131988525,95.23624777793884,100.0,1.0
347,/home/jihoon/jihoon/RVCD/MAIN_CODES/DB_single_concept_images_flux_generated/generated_images/steamboat.png,steamboat.png,1.0,336,100.0,0.9,3,95.11783123016357,95.11783123016357,100.0,3.0
347,/home/jihoon/jihoon/RVCD/MAIN_CODES/DB_single_concept_images_flux_generated/generated_images/steamboat.png,steamboat.png,1.5,224,44.44444444444444,0.9,3,95.11783123016357,95.34959197044373,100.0,3.0
347,/home/jihoon/jihoon/RVCD/MAIN_CODES/DB_single_concept_images_flux_generated/generated_images/steamboat.png,steamboat.png,2.0,168,25.0,0.9,3,95.11783123016357,96.37466073036194,100.0,3.0
347,/home/jihoon/jihoon/RVCD/MAIN_CODES/DB_single_concept_images_flux_generated/generated_images/steamboat.png,steamboat.png,2.5,134,16.0,0.9,3,95.11783123016357,96.34588956832886,100.0,3.0
347,/home/jihoon/jihoon/RVCD/MAIN_CODES/DB_single_concept_images_flux_generated/generated_images/steamboat.png,steamboat.png,3.0,112,11.11111111111111,0.9,3,95.11783123016357,96.62017822265625,100.0,3.0
348,/home/jihoon/jihoon/RVCD/MAIN_CODES/DB_single_concept_images_flux_generated/generated_images/steamship.png,steamship.png,1.0,336,100.0,0.9,2,92.41728782653809,92.41728782653809,100.0,2.0
348,/home/jihoon/jihoon/RVCD/MAIN_CODES/DB_single_concept_images_flux_generated/generated_images/steamship.png,steamship.png,1.5,224,44.44444444444444,0.9,2,92.41728782653809,93.76837611198425,100.0,2.0
348,/home/jihoon/jihoon/RVCD/MAIN_CODES/DB_single_concept_images_flux_generated/generated_images/steamship.png,steamship.png,2.0,168,25.0,0.9,2,92.41728782653809,94.36761140823364,100.0,2.0
348,/home/jihoon/jihoon/RVCD/MAIN_CODES/DB_single_concept_images_flux_generated/generated_images/steamship.png,steamship.png,2.5,134,16.0,0.9,2,92.41728782653809,94.16555166244507,100.0,2.0
348,/home/jihoon/jihoon/RVCD/MAIN_CODES/DB_single_concept_images_flux_generated/generated_images/steamship.png,steamship.png,3.0,112,11.11111111111111,0.9,2,92.41728782653809,96.00821137428284,100.0,2.0
349,/home/jihoon/jihoon/RVCD/MAIN_CODES/DB_single_concept_images_flux_generated/generated_images/stool.png,stool.png,1.0,336,100.0,0.9,3,90.65027236938477,90.65027236938477,100.0,3.0
349,/home/jihoon/jihoon/RVCD/MAIN_CODES/DB_single_concept_images_flux_generated/generated_images/stool.png,stool.png,1.5,224,44.44444444444444,0.9,3,90.65027236938477,91.09333157539368,66.66666666666667,2.0
349,/home/jihoon/jihoon/RVCD/MAIN_CODES/DB_single_concept_images_flux_generated/generated_images/stool.png,stool.png,2.0,168,25.0,0.9,3,90.65027236938477,90.46615362167358,66.66666666666667,2.0
349,/home/jihoon/jihoon/RVCD/MAIN_CODES/DB_single_concept_images_flux_generated/generated_images/stool.png,stool.png,2.5,134,16.0,0.9,3,90.65027236938477,91.47854447364807,66.66666666666667,2.0
349,/home/jihoon/jihoon/RVCD/MAIN_CODES/DB_single_concept_images_flux_generated/generated_images/stool.png,stool.png,3.0,112,11.11111111111111,0.9,3,90.65027236938477,88.9710783958435,66.66666666666667,2.0
350,/home/jihoon/jihoon/RVCD/MAIN_CODES/DB_single_concept_images_flux_generated/generated_images/stop light.png,stop light.png,1.0,336,100.0,0.9,2,91.26682877540588,91.26682877540588,100.0,2.0
350,/home/jihoon/jihoon/RVCD/MAIN_CODES/DB_single_concept_images_flux_generated/generated_images/stop light.png,stop light.png,1.5,224,44.44444444444444,0.9,2,91.26682877540588,90.53469896316528,100.0,2.0
350,/home/jihoon/jihoon/RVCD/MAIN_CODES/DB_single_concept_images_flux_generated/generated_images/stop light.png,stop light.png,2.0,168,25.0,0.9,2,91.26682877540588,89.66172933578491,100.0,2.0
350,/home/jihoon/jihoon/RVCD/MAIN_CODES/DB_single_concept_images_flux_generated/generated_images/stop light.png,stop light.png,2.5,134,16.0,0.9,2,91.26682877540588,89.65898752212524,100.0,2.0
350,/home/jihoon/jihoon/RVCD/MAIN_CODES/DB_single_concept_images_flux_generated/generated_images/stop light.png,stop light.png,3.0,112,11.11111111111111,0.9,2,91.26682877540588,90.69237112998962,100.0,2.0
351,/home/jihoon/jihoon/RVCD/MAIN_CODES/DB_single_concept_images_flux_generated/generated_images/stop sign.png,stop sign.png,1.0,336,100.0,0.9,2,97.72748351097107,97.72748351097107,100.0,2.0
351,/home/jihoon/jihoon/RVCD/MAIN_CODES/DB_single_concept_images_flux_generated/generated_images/stop sign.png,stop sign.png,1.5,224,44.44444444444444,0.9,2,97.72748351097107,98.02322387695312,100.0,2.0
351,/home/jihoon/jihoon/RVCD/MAIN_CODES/DB_single_concept_images_flux_generated/generated_images/stop sign.png,stop sign.png,2.0,168,25.0,0.9,2,97.72748351097107,98.24767708778381,100.0,2.0
351,/home/jihoon/jihoon/RVCD/MAIN_CODES/DB_single_concept_images_flux_generated/generated_images/stop sign.png,stop sign.png,2.5,134,16.0,0.9,2,97.72748351097107,98.50942492485046,100.0,2.0
351,/home/jihoon/jihoon/RVCD/MAIN_CODES/DB_single_concept_images_flux_generated/generated_images/stop sign.png,stop sign.png,3.0,112,11.11111111111111,0.9,2,97.72748351097107,98.33827018737793,100.0,2.0
352,/home/jihoon/jihoon/RVCD/MAIN_CODES/DB_single_concept_images_flux_generated/generated_images/stoplight.png,stoplight.png,1.0,336,100.0,0.9,2,91.26682877540588,91.26682877540588,100.0,2.0
352,/home/jihoon/jihoon/RVCD/MAIN_CODES/DB_single_concept_images_flux_generated/generated_images/stoplight.png,stoplight.png,1.5,224,44.44444444444444,0.9,2,91.26682877540588,90.53469896316528,100.0,2.0
352,/home/jihoon/jihoon/RVCD/MAIN_CODES/DB_single_concept_images_flux_generated/generated_images/stoplight.png,stoplight.png,2.0,168,25.0,0.9,2,91.26682877540588,89.66172933578491,100.0,2.0
352,/home/jihoon/jihoon/RVCD/MAIN_CODES/DB_single_concept_images_flux_generated/generated_images/stoplight.png,stoplight.png,2.5,134,16.0,0.9,2,91.26682877540588,89.65898752212524,100.0,2.0
352,/home/jihoon/jihoon/RVCD/MAIN_CODES/DB_single_concept_images_flux_generated/generated_images/stoplight.png,stoplight.png,3.0,112,11.11111111111111,0.9,2,91.26682877540588,90.69237112998962,100.0,2.0
353,/home/jihoon/jihoon/RVCD/MAIN_CODES/DB_single_concept_images_flux_generated/generated_images/stopsign.png,stopsign.png,1.0,336,100.0,0.9,2,97.72748351097107,97.72748351097107,100.0,2.0
353,/home/jihoon/jihoon/RVCD/MAIN_CODES/DB_single_concept_images_flux_generated/generated_images/stopsign.png,stopsign.png,1.5,224,44.44444444444444,0.9,2,97.72748351097107,98.02322387695312,100.0,2.0
353,/home/jihoon/jihoon/RVCD/MAIN_CODES/DB_single_concept_images_flux_generated/generated_images/stopsign.png,stopsign.png,2.0,168,25.0,0.9,2,97.72748351097107,98.24767708778381,100.0,2.0
353,/home/jihoon/jihoon/RVCD/MAIN_CODES/DB_single_concept_images_flux_generated/generated_images/stopsign.png,stopsign.png,2.5,134,16.0,0.9,2,97.72748351097107,98.50942492485046,100.0,2.0
353,/home/jihoon/jihoon/RVCD/MAIN_CODES/DB_single_concept_images_flux_generated/generated_images/stopsign.png,stopsign.png,3.0,112,11.11111111111111,0.9,2,97.72748351097107,98.33827018737793,100.0,2.0
354,/home/jihoon/jihoon/RVCD/MAIN_CODES/DB_single_concept_images_flux_generated/generated_images/stove top oven.png,stove top oven.png,1.0,336,100.0,0.9,5,90.76375961303711,90.76375961303711,100.0,5.0
354,/home/jihoon/jihoon/RVCD/MAIN_CODES/DB_single_concept_images_flux_generated/generated_images/stove top oven.png,stove top oven.png,1.5,224,44.44444444444444,0.9,5,90.76375961303711,74.59143996238708,60.0,3.0
354,/home/jihoon/jihoon/RVCD/MAIN_CODES/DB_single_concept_images_flux_generated/generated_images/stove top oven.png,stove top oven.png,2.0,168,25.0,0.9,5,90.76375961303711,79.21655774116516,80.0,4.0
354,/home/jihoon/jihoon/RVCD/MAIN_CODES/DB_single_concept_images_flux_generated/generated_images/stove top oven.png,stove top oven.png,2.5,134,16.0,0.9,5,90.76375961303711,84.88742113113403,60.0,3.0
354,/home/jihoon/jihoon/RVCD/MAIN_CODES/DB_single_concept_images_flux_generated/generated_images/stove top oven.png,stove top oven.png,3.0,112,11.11111111111111,0.9,5,90.76375961303711,75.36125183105469,60.0,3.0
355,/home/jihoon/jihoon/RVCD/MAIN_CODES/DB_single_concept_images_flux_generated/generated_images/stove.png,stove.png,1.0,336,100.0,0.9,2,91.869056224823,91.869056224823,100.0,2.0
355,/home/jihoon/jihoon/RVCD/MAIN_CODES/DB_single_concept_images_flux_generated/generated_images/stove.png,stove.png,1.5,224,44.44444444444444,0.9,2,91.869056224823,93.25557351112366,100.0,2.0
355,/home/jihoon/jihoon/RVCD/MAIN_CODES/DB_single_concept_images_flux_generated/generated_images/stove.png,stove.png,2.0,168,25.0,0.9,2,91.869056224823,93.95073652267456,100.0,2.0
355,/home/jihoon/jihoon/RVCD/MAIN_CODES/DB_single_concept_images_flux_generated/generated_images/stove.png,stove.png,2.5,134,16.0,0.9,2,91.869056224823,92.98422932624817,100.0,2.0
355,/home/jihoon/jihoon/RVCD/MAIN_CODES/DB_single_concept_images_flux_generated/generated_images/stove.png,stove.png,3.0,112,11.11111111111111,0.9,2,91.869056224823,93.69289875030518,100.0,2.0
356,/home/jihoon/jihoon/RVCD/MAIN_CODES/DB_single_concept_images_flux_generated/generated_images/stovetop.png,stovetop.png,1.0,336,100.0,0.9,6,90.96425175666809,90.96425175666809,100.0,6.0
356,/home/jihoon/jihoon/RVCD/MAIN_CODES/DB_single_concept_images_flux_generated/generated_images/stovetop.png,stovetop.png,1.5,224,44.44444444444444,0.9,6,90.96425175666809,84.2271625995636,83.33333333333333,5.0
356,/home/jihoon/jihoon/RVCD/MAIN_CODES/DB_single_concept_images_flux_generated/generated_images/stovetop.png,stovetop.png,2.0,168,25.0,0.9,6,90.96425175666809,62.94540762901306,66.66666666666667,4.0
356,/home/jihoon/jihoon/RVCD/MAIN_CODES/DB_single_concept_images_flux_generated/generated_images/stovetop.png,stovetop.png,2.5,134,16.0,0.9,6,90.96425175666809,33.31817984580994,50.0,3.0
356,/home/jihoon/jihoon/RVCD/MAIN_CODES/DB_single_concept_images_flux_generated/generated_images/stovetop.png,stovetop.png,3.0,112,11.11111111111111,0.9,6,90.96425175666809,44.453027844429016,50.0,3.0
357,/home/jihoon/jihoon/RVCD/MAIN_CODES/DB_single_concept_images_flux_generated/generated_images/stovetopoven.png,stovetopoven.png,1.0,336,100.0,0.9,5,90.76375961303711,90.76375961303711,100.0,5.0
357,/home/jihoon/jihoon/RVCD/MAIN_CODES/DB_single_concept_images_flux_generated/generated_images/stovetopoven.png,stovetopoven.png,1.5,224,44.44444444444444,0.9,5,90.76375961303711,74.59143996238708,60.0,3.0
357,/home/jihoon/jihoon/RVCD/MAIN_CODES/DB_single_concept_images_flux_generated/generated_images/stovetopoven.png,stovetopoven.png,2.0,168,25.0,0.9,5,90.76375961303711,79.21655774116516,80.0,4.0
357,/home/jihoon/jihoon/RVCD/MAIN_CODES/DB_single_concept_images_flux_generated/generated_images/stovetopoven.png,stovetopoven.png,2.5,134,16.0,0.9,5,90.76375961303711,84.88742113113403,60.0,3.0
357,/home/jihoon/jihoon/RVCD/MAIN_CODES/DB_single_concept_images_flux_generated/generated_images/stovetopoven.png,stovetopoven.png,3.0,112,11.11111111111111,0.9,5,90.76375961303711,75.36125183105469,60.0,3.0
358,/home/jihoon/jihoon/RVCD/MAIN_CODES/DB_single_concept_images_flux_generated/generated_images/street light.png,street light.png,1.0,336,100.0,0.9,4,95.6994891166687,95.6994891166687,100.0,4.0
358,/home/jihoon/jihoon/RVCD/MAIN_CODES/DB_single_concept_images_flux_generated/generated_images/street light.png,street light.png,1.5,224,44.44444444444444,0.9,4,95.6994891166687,96.53264880180359,100.0,4.0
358,/home/jihoon/jihoon/RVCD/MAIN_CODES/DB_single_concept_images_flux_generated/generated_images/street light.png,street light.png,2.0,168,25.0,0.9,4,95.6994891166687,96.63273692131042,100.0,4.0
358,/home/jihoon/jihoon/RVCD/MAIN_CODES/DB_single_concept_images_flux_generated/generated_images/street light.png,street light.png,2.5,134,16.0,0.9,4,95.6994891166687,96.16848230361938,100.0,4.0
358,/home/jihoon/jihoon/RVCD/MAIN_CODES/DB_single_concept_images_flux_generated/generated_images/street light.png,street light.png,3.0,112,11.11111111111111,0.9,4,95.6994891166687,96.30083441734314,100.0,4.0
359,/home/jihoon/jihoon/RVCD/MAIN_CODES/DB_single_concept_images_flux_generated/generated_images/streetlight.png,streetlight.png,1.0,336,100.0,0.9,4,95.6994891166687,95.6994891166687,100.0,4.0
359,/home/jihoon/jihoon/RVCD/MAIN_CODES/DB_single_concept_images_flux_generated/generated_images/streetlight.png,streetlight.png,1.5,224,44.44444444444444,0.9,4,95.6994891166687,96.53264880180359,100.0,4.0
359,/home/jihoon/jihoon/RVCD/MAIN_CODES/DB_single_concept_images_flux_generated/generated_images/streetlight.png,streetlight.png,2.0,168,25.0,0.9,4,95.6994891166687,96.63273692131042,100.0,4.0
359,/home/jihoon/jihoon/RVCD/MAIN_CODES/DB_single_concept_images_flux_generated/generated_images/streetlight.png,streetlight.png,2.5,134,16.0,0.9,4,95.6994891166687,96.16848230361938,100.0,4.0
359,/home/jihoon/jihoon/RVCD/MAIN_CODES/DB_single_concept_images_flux_generated/generated_images/streetlight.png,streetlight.png,3.0,112,11.11111111111111,0.9,4,95.6994891166687,96.30083441734314,100.0,4.0
360,/home/jihoon/jihoon/RVCD/MAIN_CODES/DB_single_concept_images_flux_generated/generated_images/student.png,student.png,1.0,336,100.0,0.9,10,90.24685621261597,90.24685621261597,100.0,10.0
360,/home/jihoon/jihoon/RVCD/MAIN_CODES/DB_single_concept_images_flux_generated/generated_images/student.png,student.png,1.5,224,44.44444444444444,0.9,10,90.24685621261597,90.3286337852478,90.0,9.0
360,/home/jihoon/jihoon/RVCD/MAIN_CODES/DB_single_concept_images_flux_generated/generated_images/student.png,student.png,2.0,168,25.0,0.9,10,90.24685621261597,89.15233016014099,90.0,9.0
360,/home/jihoon/jihoon/RVCD/MAIN_CODES/DB_single_concept_images_flux_generated/generated_images/student.png,student.png,2.5,134,16.0,0.9,10,90.24685621261597,89.89357352256775,80.0,8.0
360,/home/jihoon/jihoon/RVCD/MAIN_CODES/DB_single_concept_images_flux_generated/generated_images/student.png,student.png,3.0,112,11.11111111111111,0.9,10,90.24685621261597,90.8693790435791,70.0,7.0
361,/home/jihoon/jihoon/RVCD/MAIN_CODES/DB_single_concept_images_flux_generated/generated_images/sub.png,sub.png,1.0,336,100.0,0.9,5,94.7114109992981,94.7114109992981,100.0,5.0
361,/home/jihoon/jihoon/RVCD/MAIN_CODES/DB_single_concept_images_flux_generated/generated_images/sub.png,sub.png,1.5,224,44.44444444444444,0.9,5,94.7114109992981,96.08122110366821,100.0,5.0
361,/home/jihoon/jihoon/RVCD/MAIN_CODES/DB_single_concept_images_flux_generated/generated_images/sub.png,sub.png,2.0,168,25.0,0.9,5,94.7114109992981,96.31062150001526,100.0,5.0
361,/home/jihoon/jihoon/RVCD/MAIN_CODES/DB_single_concept_images_flux_generated/generated_images/sub.png,sub.png,2.5,134,16.0,0.9,5,94.7114109992981,95.90250253677368,80.0,4.0
361,/home/jihoon/jihoon/RVCD/MAIN_CODES/DB_single_concept_images_flux_generated/generated_images/sub.png,sub.png,3.0,112,11.11111111111111,0.9,5,94.7114109992981,96.69650197029114,100.0,5.0
362,/home/jihoon/jihoon/RVCD/MAIN_CODES/DB_single_concept_images_flux_generated/generated_images/suit case.png,suit case.png,1.0,336,100.0,0.9,6,90.86672067642212,90.86672067642212,100.0,6.0
362,/home/jihoon/jihoon/RVCD/MAIN_CODES/DB_single_concept_images_flux_generated/generated_images/suit case.png,suit case.png,1.5,224,44.44444444444444,0.9,6,90.86672067642212,89.24102783203125,100.0,6.0
362,/home/jihoon/jihoon/RVCD/MAIN_CODES/DB_single_concept_images_flux_generated/generated_images/suit case.png,suit case.png,2.0,168,25.0,0.9,6,90.86672067642212,87.50671744346619,83.33333333333333,5.0
362,/home/jihoon/jihoon/RVCD/MAIN_CODES/DB_single_concept_images_flux_generated/generated_images/suit case.png,suit case.png,2.5,134,16.0,0.9,6,90.86672067642212,86.6559624671936,83.33333333333333,5.0
362,/home/jihoon/jihoon/RVCD/MAIN_CODES/DB_single_concept_images_flux_generated/generated_images/suit case.png,suit case.png,3.0,112,11.11111111111111,0.9,6,90.86672067642212,87.7755343914032,83.33333333333333,5.0
363,/home/jihoon/jihoon/RVCD/MAIN_CODES/DB_single_concept_images_flux_generated/generated_images/suitcase.png,suitcase.png,1.0,336,100.0,0.9,6,90.86672067642212,90.86672067642212,100.0,6.0
363,/home/jihoon/jihoon/RVCD/MAIN_CODES/DB_single_concept_images_flux_generated/generated_images/suitcase.png,suitcase.png,1.5,224,44.44444444444444,0.9,6,90.86672067642212,89.24102783203125,100.0,6.0
363,/home/jihoon/jihoon/RVCD/MAIN_CODES/DB_single_concept_images_flux_generated/generated_images/suitcase.png,suitcase.png,2.0,168,25.0,0.9,6,90.86672067642212,87.50671744346619,83.33333333333333,5.0
363,/home/jihoon/jihoon/RVCD/MAIN_CODES/DB_single_concept_images_flux_generated/generated_images/suitcase.png,suitcase.png,2.5,134,16.0,0.9,6,90.86672067642212,86.6559624671936,83.33333333333333,5.0
363,/home/jihoon/jihoon/RVCD/MAIN_CODES/DB_single_concept_images_flux_generated/generated_images/suitcase.png,suitcase.png,3.0,112,11.11111111111111,0.9,6,90.86672067642212,87.7755343914032,83.33333333333333,5.0
364,/home/jihoon/jihoon/RVCD/MAIN_CODES/DB_single_concept_images_flux_generated/generated_images/surfboard.png,surfboard.png,1.0,336,100.0,0.9,2,92.68898963928223,92.68898963928223,100.0,2.0
364,/home/jihoon/jihoon/RVCD/MAIN_CODES/DB_single_concept_images_flux_generated/generated_images/surfboard.png,surfboard.png,1.5,224,44.44444444444444,0.9,2,92.68898963928223,95.88218927383423,100.0,2.0
364,/home/jihoon/jihoon/RVCD/MAIN_CODES/DB_single_concept_images_flux_generated/generated_images/surfboard.png,surfboard.png,2.0,168,25.0,0.9,2,92.68898963928223,91.42345190048218,50.0,1.0
364,/home/jihoon/jihoon/RVCD/MAIN_CODES/DB_single_concept_images_flux_generated/generated_images/surfboard.png,surfboard.png,2.5,134,16.0,0.9,2,92.68898963928223,83.3078920841217,50.0,1.0
364,/home/jihoon/jihoon/RVCD/MAIN_CODES/DB_single_concept_images_flux_generated/generated_images/surfboard.png,surfboard.png,3.0,112,11.11111111111111,0.9,2,92.68898963928223,68.97913217544556,50.0,1.0
365,/home/jihoon/jihoon/RVCD/MAIN_CODES/DB_single_concept_images_flux_generated/generated_images/suv.png,suv.png,1.0,336,100.0,0.9,4,91.7923629283905,91.7923629283905,100.0,4.0
365,/home/jihoon/jihoon/RVCD/MAIN_CODES/DB_single_concept_images_flux_generated/generated_images/suv.png,suv.png,1.5,224,44.44444444444444,0.9,4,91.7923629283905,90.0597095489502,100.0,4.0
365,/home/jihoon/jihoon/RVCD/MAIN_CODES/DB_single_concept_images_flux_generated/generated_images/suv.png,suv.png,2.0,168,25.0,0.9,4,91.7923629283905,89.04197216033936,100.0,4.0
365,/home/jihoon/jihoon/RVCD/MAIN_CODES/DB_single_concept_images_flux_generated/generated_images/suv.png,suv.png,2.5,134,16.0,0.9,4,91.7923629283905,91.84587001800537,100.0,4.0
365,/home/jihoon/jihoon/RVCD/MAIN_CODES/DB_single_concept_images_flux_generated/generated_images/suv.png,suv.png,3.0,112,11.11111111111111,0.9,4,91.7923629283905,93.54597330093384,100.0,4.0
366,/home/jihoon/jihoon/RVCD/MAIN_CODES/DB_single_concept_images_flux_generated/generated_images/swan.png,swan.png,1.0,336,100.0,0.9,1,91.73651337623596,91.73651337623596,100.0,1.0
366,/home/jihoon/jihoon/RVCD/MAIN_CODES/DB_single_concept_images_flux_generated/generated_images/swan.png,swan.png,1.5,224,44.44444444444444,0.9,1,91.73651337623596,93.49195957183838,100.0,1.0
366,/home/jihoon/jihoon/RVCD/MAIN_CODES/DB_single_concept_images_flux_generated/generated_images/swan.png,swan.png,2.0,168,25.0,0.9,1,91.73651337623596,92.95308589935303,100.0,1.0
366,/home/jihoon/jihoon/RVCD/MAIN_CODES/DB_single_concept_images_flux_generated/generated_images/swan.png,swan.png,2.5,134,16.0,0.9,1,91.73651337623596,91.0870611667633,100.0,1.0
366,/home/jihoon/jihoon/RVCD/MAIN_CODES/DB_single_concept_images_flux_generated/generated_images/swan.png,swan.png,3.0,112,11.11111111111111,0.9,1,91.73651337623596,93.62585544586182,100.0,1.0
367,/home/jihoon/jihoon/RVCD/MAIN_CODES/DB_single_concept_images_flux_generated/generated_images/tabby.png,tabby.png,1.0,336,100.0,0.9,2,97.39739894866943,97.39739894866943,100.0,2.0
367,/home/jihoon/jihoon/RVCD/MAIN_CODES/DB_single_concept_images_flux_generated/generated_images/tabby.png,tabby.png,1.5,224,44.44444444444444,0.9,2,97.39739894866943,97.33617305755615,100.0,2.0
367,/home/jihoon/jihoon/RVCD/MAIN_CODES/DB_single_concept_images_flux_generated/generated_images/tabby.png,tabby.png,2.0,168,25.0,0.9,2,97.39739894866943,97.33976125717163,100.0,2.0
367,/home/jihoon/jihoon/RVCD/MAIN_CODES/DB_single_concept_images_flux_generated/generated_images/tabby.png,tabby.png,2.5,134,16.0,0.9,2,97.39739894866943,96.91557884216309,100.0,2.0
367,/home/jihoon/jihoon/RVCD/MAIN_CODES/DB_single_concept_images_flux_generated/generated_images/tabby.png,tabby.png,3.0,112,11.11111111111111,0.9,2,97.39739894866943,97.09539413452148,100.0,2.0
368,/home/jihoon/jihoon/RVCD/MAIN_CODES/DB_single_concept_images_flux_generated/generated_images/table.png,table.png,1.0,336,100.0,0.9,3,96.36589288711548,96.36589288711548,100.0,3.0
368,/home/jihoon/jihoon/RVCD/MAIN_CODES/DB_single_concept_images_flux_generated/generated_images/table.png,table.png,1.5,224,44.44444444444444,0.9,3,96.36589288711548,96.45899534225464,100.0,3.0
368,/home/jihoon/jihoon/RVCD/MAIN_CODES/DB_single_concept_images_flux_generated/generated_images/table.png,table.png,2.0,168,25.0,0.9,3,96.36589288711548,95.28453350067139,100.0,3.0
368,/home/jihoon/jihoon/RVCD/MAIN_CODES/DB_single_concept_images_flux_generated/generated_images/table.png,table.png,2.5,134,16.0,0.9,3,96.36589288711548,96.04581594467163,100.0,3.0
368,/home/jihoon/jihoon/RVCD/MAIN_CODES/DB_single_concept_images_flux_generated/generated_images/table.png,table.png,3.0,112,11.11111111111111,0.9,3,96.36589288711548,96.7175304889679,100.0,3.0
369,/home/jihoon/jihoon/RVCD/MAIN_CODES/DB_single_concept_images_flux_generated/generated_images/taxi cab.png,taxi cab.png,1.0,336,100.0,0.9,2,95.72571516036987,95.72571516036987,100.0,2.0
369,/home/jihoon/jihoon/RVCD/MAIN_CODES/DB_single_concept_images_flux_generated/generated_images/taxi cab.png,taxi cab.png,1.5,224,44.44444444444444,0.9,2,95.72571516036987,95.42288780212402,100.0,2.0
369,/home/jihoon/jihoon/RVCD/MAIN_CODES/DB_single_concept_images_flux_generated/generated_images/taxi cab.png,taxi cab.png,2.0,168,25.0,0.9,2,95.72571516036987,96.63779139518738,100.0,2.0
369,/home/jihoon/jihoon/RVCD/MAIN_CODES/DB_single_concept_images_flux_generated/generated_images/taxi cab.png,taxi cab.png,2.5,134,16.0,0.9,2,95.72571516036987,95.7832932472229,100.0,2.0
369,/home/jihoon/jihoon/RVCD/MAIN_CODES/DB_single_concept_images_flux_generated/generated_images/taxi cab.png,taxi cab.png,3.0,112,11.11111111111111,0.9,2,95.72571516036987,95.30029892921448,100.0,2.0
370,/home/jihoon/jihoon/RVCD/MAIN_CODES/DB_single_concept_images_flux_generated/generated_images/taxi.png,taxi.png,1.0,336,100.0,0.9,2,95.77285647392273,95.77285647392273,100.0,2.0
370,/home/jihoon/jihoon/RVCD/MAIN_CODES/DB_single_concept_images_flux_generated/generated_images/taxi.png,taxi.png,1.5,224,44.44444444444444,0.9,2,95.77285647392273,96.45131230354309,100.0,2.0
370,/home/jihoon/jihoon/RVCD/MAIN_CODES/DB_single_concept_images_flux_generated/generated_images/taxi.png,taxi.png,2.0,168,25.0,0.9,2,95.77285647392273,95.91202735900879,100.0,2.0
370,/home/jihoon/jihoon/RVCD/MAIN_CODES/DB_single_concept_images_flux_generated/generated_images/taxi.png,taxi.png,2.5,134,16.0,0.9,2,95.77285647392273,95.83046436309814,100.0,2.0
370,/home/jihoon/jihoon/RVCD/MAIN_CODES/DB_single_concept_images_flux_generated/generated_images/taxi.png,taxi.png,3.0,112,11.11111111111111,0.9,2,95.77285647392273,95.74694633483887,100.0,2.0
371,/home/jihoon/jihoon/RVCD/MAIN_CODES/DB_single_concept_images_flux_generated/generated_images/taxicab.png,taxicab.png,1.0,336,100.0,0.9,2,95.72571516036987,95.72571516036987,100.0,2.0
371,/home/jihoon/jihoon/RVCD/MAIN_CODES/DB_single_concept_images_flux_generated/generated_images/taxicab.png,taxicab.png,1.5,224,44.44444444444444,0.9,2,95.72571516036987,95.42288780212402,100.0,2.0
371,/home/jihoon/jihoon/RVCD/MAIN_CODES/DB_single_concept_images_flux_generated/generated_images/taxicab.png,taxicab.png,2.0,168,25.0,0.9,2,95.72571516036987,96.63779139518738,100.0,2.0
371,/home/jihoon/jihoon/RVCD/MAIN_CODES/DB_single_concept_images_flux_generated/generated_images/taxicab.png,taxicab.png,2.5,134,16.0,0.9,2,95.72571516036987,95.7832932472229,100.0,2.0
371,/home/jihoon/jihoon/RVCD/MAIN_CODES/DB_single_concept_images_flux_generated/generated_images/taxicab.png,taxicab.png,3.0,112,11.11111111111111,0.9,2,95.72571516036987,95.30029892921448,100.0,2.0
372,/home/jihoon/jihoon/RVCD/MAIN_CODES/DB_single_concept_images_flux_generated/generated_images/teddy bear.png,teddy bear.png,1.0,336,100.0,0.9,2,92.26310849189758,92.26310849189758,100.0,2.0
372,/home/jihoon/jihoon/RVCD/MAIN_CODES/DB_single_concept_images_flux_generated/generated_images/teddy bear.png,teddy bear.png,1.5,224,44.44444444444444,0.9,2,92.26310849189758,93.68889927864075,100.0,2.0
372,/home/jihoon/jihoon/RVCD/MAIN_CODES/DB_single_concept_images_flux_generated/generated_images/teddy bear.png,teddy bear.png,2.0,168,25.0,0.9,2,92.26310849189758,93.34191083908081,100.0,2.0
372,/home/jihoon/jihoon/RVCD/MAIN_CODES/DB_single_concept_images_flux_generated/generated_images/teddy bear.png,teddy bear.png,2.5,134,16.0,0.9,2,92.26310849189758,93.00075173377991,100.0,2.0
372,/home/jihoon/jihoon/RVCD/MAIN_CODES/DB_single_concept_images_flux_generated/generated_images/teddy bear.png,teddy bear.png,3.0,112,11.11111111111111,0.9,2,92.26310849189758,92.6360547542572,100.0,2.0
373,/home/jihoon/jihoon/RVCD/MAIN_CODES/DB_single_concept_images_flux_generated/generated_images/teddybear.png,teddybear.png,1.0,336,100.0,0.9,2,92.26310849189758,92.26310849189758,100.0,2.0
373,/home/jihoon/jihoon/RVCD/MAIN_CODES/DB_single_concept_images_flux_generated/generated_images/teddybear.png,teddybear.png,1.5,224,44.44444444444444,0.9,2,92.26310849189758,93.68889927864075,100.0,2.0
373,/home/jihoon/jihoon/RVCD/MAIN_CODES/DB_single_concept_images_flux_generated/generated_images/teddybear.png,teddybear.png,2.0,168,25.0,0.9,2,92.26310849189758,93.34191083908081,100.0,2.0
373,/home/jihoon/jihoon/RVCD/MAIN_CODES/DB_single_concept_images_flux_generated/generated_images/teddybear.png,teddybear.png,2.5,134,16.0,0.9,2,92.26310849189758,93.00075173377991,100.0,2.0
373,/home/jihoon/jihoon/RVCD/MAIN_CODES/DB_single_concept_images_flux_generated/generated_images/teddybear.png,teddybear.png,3.0,112,11.11111111111111,0.9,2,92.26310849189758,92.6360547542572,100.0,2.0
374,/home/jihoon/jihoon/RVCD/MAIN_CODES/DB_single_concept_images_flux_generated/generated_images/teenager.png,teenager.png,1.0,336,100.0,0.9,12,90.24952054023743,90.24952054023743,100.0,12.0
374,/home/jihoon/jihoon/RVCD/MAIN_CODES/DB_single_concept_images_flux_generated/generated_images/teenager.png,teenager.png,1.5,224,44.44444444444444,0.9,12,90.24952054023743,88.48795294761658,91.66666666666667,11.0
374,/home/jihoon/jihoon/RVCD/MAIN_CODES/DB_single_concept_images_flux_generated/generated_images/teenager.png,teenager.png,2.0,168,25.0,0.9,12,90.24952054023743,85.65484881401062,83.33333333333333,10.0
374,/home/jihoon/jihoon/RVCD/MAIN_CODES/DB_single_concept_images_flux_generated/generated_images/teenager.png,teenager.png,2.5,134,16.0,0.9,12,90.24952054023743,87.39084601402283,91.66666666666667,11.0
374,/home/jihoon/jihoon/RVCD/MAIN_CODES/DB_single_concept_images_flux_generated/generated_images/teenager.png,teenager.png,3.0,112,11.11111111111111,0.9,12,90.24952054023743,85.58772206306458,75.0,9.0
375,/home/jihoon/jihoon/RVCD/MAIN_CODES/DB_single_concept_images_flux_generated/generated_images/telephone.png,telephone.png,1.0,336,100.0,0.9,3,91.51522517204285,91.51522517204285,100.0,3.0
375,/home/jihoon/jihoon/RVCD/MAIN_CODES/DB_single_concept_images_flux_generated/generated_images/telephone.png,telephone.png,1.5,224,44.44444444444444,0.9,3,91.51522517204285,93.98359060287476,100.0,3.0
375,/home/jihoon/jihoon/RVCD/MAIN_CODES/DB_single_concept_images_flux_generated/generated_images/telephone.png,telephone.png,2.0,168,25.0,0.9,3,91.51522517204285,93.04808378219604,100.0,3.0
375,/home/jihoon/jihoon/RVCD/MAIN_CODES/DB_single_concept_images_flux_generated/generated_images/telephone.png,telephone.png,2.5,134,16.0,0.9,3,91.51522517204285,93.243008852005,100.0,3.0
375,/home/jihoon/jihoon/RVCD/MAIN_CODES/DB_single_concept_images_flux_generated/generated_images/telephone.png,telephone.png,3.0,112,11.11111111111111,0.9,3,91.51522517204285,92.55424737930298,100.0,3.0
376,/home/jihoon/jihoon/RVCD/MAIN_CODES/DB_single_concept_images_flux_generated/generated_images/television.png,television.png,1.0,336,100.0,0.9,3,93.73833537101746,93.73833537101746,100.0,3.0
376,/home/jihoon/jihoon/RVCD/MAIN_CODES/DB_single_concept_images_flux_generated/generated_images/television.png,television.png,1.5,224,44.44444444444444,0.9,3,93.73833537101746,93.70561838150024,100.0,3.0
376,/home/jihoon/jihoon/RVCD/MAIN_CODES/DB_single_concept_images_flux_generated/generated_images/television.png,television.png,2.0,168,25.0,0.9,3,93.73833537101746,93.52926015853882,100.0,3.0
376,/home/jihoon/jihoon/RVCD/MAIN_CODES/DB_single_concept_images_flux_generated/generated_images/television.png,television.png,2.5,134,16.0,0.9,3,93.73833537101746,93.23762655258179,100.0,3.0
376,/home/jihoon/jihoon/RVCD/MAIN_CODES/DB_single_concept_images_flux_generated/generated_images/television.png,television.png,3.0,112,11.11111111111111,0.9,3,93.73833537101746,92.968088388443,100.0,3.0
377,/home/jihoon/jihoon/RVCD/MAIN_CODES/DB_single_concept_images_flux_generated/generated_images/televison.png,televison.png,1.0,336,100.0,0.9,3,94.05180215835571,94.05180215835571,100.0,3.0
377,/home/jihoon/jihoon/RVCD/MAIN_CODES/DB_single_concept_images_flux_generated/generated_images/televison.png,televison.png,1.5,224,44.44444444444444,0.9,3,94.05180215835571,94.42800283432007,100.0,3.0
377,/home/jihoon/jihoon/RVCD/MAIN_CODES/DB_single_concept_images_flux_generated/generated_images/televison.png,televison.png,2.0,168,25.0,0.9,3,94.05180215835571,95.55723071098328,100.0,3.0
377,/home/jihoon/jihoon/RVCD/MAIN_CODES/DB_single_concept_images_flux_generated/generated_images/televison.png,televison.png,2.5,134,16.0,0.9,3,94.05180215835571,95.1361358165741,100.0,3.0
377,/home/jihoon/jihoon/RVCD/MAIN_CODES/DB_single_concept_images_flux_generated/generated_images/televison.png,televison.png,3.0,112,11.11111111111111,0.9,3,94.05180215835571,94.80948448181152,100.0,3.0
378,/home/jihoon/jihoon/RVCD/MAIN_CODES/DB_single_concept_images_flux_generated/generated_images/tennis racket.png,tennis racket.png,1.0,336,100.0,0.9,2,96.81463241577148,96.81463241577148,100.0,2.0
378,/home/jihoon/jihoon/RVCD/MAIN_CODES/DB_single_concept_images_flux_generated/generated_images/tennis racket.png,tennis racket.png,1.5,224,44.44444444444444,0.9,2,96.81463241577148,96.73536419868469,100.0,2.0
378,/home/jihoon/jihoon/RVCD/MAIN_CODES/DB_single_concept_images_flux_generated/generated_images/tennis racket.png,tennis racket.png,2.0,168,25.0,0.9,2,96.81463241577148,96.57187461853027,100.0,2.0
378,/home/jihoon/jihoon/RVCD/MAIN_CODES/DB_single_concept_images_flux_generated/generated_images/tennis racket.png,tennis racket.png,2.5,134,16.0,0.9,2,96.81463241577148,97.01203107833862,100.0,2.0
378,/home/jihoon/jihoon/RVCD/MAIN_CODES/DB_single_concept_images_flux_generated/generated_images/tennis racket.png,tennis racket.png,3.0,112,11.11111111111111,0.9,2,96.81463241577148,96.78406715393066,100.0,2.0
379,/home/jihoon/jihoon/RVCD/MAIN_CODES/DB_single_concept_images_flux_generated/generated_images/tennisracket.png,tennisracket.png,1.0,336,100.0,0.9,2,96.81463241577148,96.81463241577148,100.0,2.0
379,/home/jihoon/jihoon/RVCD/MAIN_CODES/DB_single_concept_images_flux_generated/generated_images/tennisracket.png,tennisracket.png,1.5,224,44.44444444444444,0.9,2,96.81463241577148,96.73536419868469,100.0,2.0
379,/home/jihoon/jihoon/RVCD/MAIN_CODES/DB_single_concept_images_flux_generated/generated_images/tennisracket.png,tennisracket.png,2.0,168,25.0,0.9,2,96.81463241577148,96.57187461853027,100.0,2.0
379,/home/jihoon/jihoon/RVCD/MAIN_CODES/DB_single_concept_images_flux_generated/generated_images/tennisracket.png,tennisracket.png,2.5,134,16.0,0.9,2,96.81463241577148,97.01203107833862,100.0,2.0
379,/home/jihoon/jihoon/RVCD/MAIN_CODES/DB_single_concept_images_flux_generated/generated_images/tennisracket.png,tennisracket.png,3.0,112,11.11111111111111,0.9,2,96.81463241577148,96.78406715393066,100.0,2.0
380,/home/jihoon/jihoon/RVCD/MAIN_CODES/DB_single_concept_images_flux_generated/generated_images/terrier.png,terrier.png,1.0,336,100.0,0.9,2,93.94859671592712,93.94859671592712,100.0,2.0
380,/home/jihoon/jihoon/RVCD/MAIN_CODES/DB_single_concept_images_flux_generated/generated_images/terrier.png,terrier.png,1.5,224,44.44444444444444,0.9,2,93.94859671592712,94.13957595825195,100.0,2.0
380,/home/jihoon/jihoon/RVCD/MAIN_CODES/DB_single_concept_images_flux_generated/generated_images/terrier.png,terrier.png,2.0,168,25.0,0.9,2,93.94859671592712,92.6630437374115,100.0,2.0
380,/home/jihoon/jihoon/RVCD/MAIN_CODES/DB_single_concept_images_flux_generated/generated_images/terrier.png,terrier.png,2.5,134,16.0,0.9,2,93.94859671592712,90.73173999786377,100.0,2.0
380,/home/jihoon/jihoon/RVCD/MAIN_CODES/DB_single_concept_images_flux_generated/generated_images/terrier.png,terrier.png,3.0,112,11.11111111111111,0.9,2,93.94859671592712,90.83020687103271,100.0,2.0
381,/home/jihoon/jihoon/RVCD/MAIN_CODES/DB_single_concept_images_flux_generated/generated_images/thief.png,thief.png,1.0,336,100.0,0.9,32,90.10307192802429,90.10307192802429,100.0,32.0
381,/home/jihoon/jihoon/RVCD/MAIN_CODES/DB_single_concept_images_flux_generated/generated_images/thief.png,thief.png,1.5,224,44.44444444444444,0.9,32,90.10307192802429,90.667325258255,87.5,28.0
381,/home/jihoon/jihoon/RVCD/MAIN_CODES/DB_single_concept_images_flux_generated/generated_images/thief.png,thief.png,2.0,168,25.0,0.9,32,90.10307192802429,87.00321316719055,78.125,25.0
381,/home/jihoon/jihoon/RVCD/MAIN_CODES/DB_single_concept_images_flux_generated/generated_images/thief.png,thief.png,2.5,134,16.0,0.9,32,90.10307192802429,85.47995686531067,71.875,23.0
381,/home/jihoon/jihoon/RVCD/MAIN_CODES/DB_single_concept_images_flux_generated/generated_images/thief.png,thief.png,3.0,112,11.11111111111111,0.9,32,90.10307192802429,86.26868724822998,65.625,21.0
382,/home/jihoon/jihoon/RVCD/MAIN_CODES/DB_single_concept_images_flux_generated/generated_images/tie.png,tie.png,1.0,336,100.0,0.9,1,92.21227765083313,92.21227765083313,100.0,1.0
382,/home/jihoon/jihoon/RVCD/MAIN_CODES/DB_single_concept_images_flux_generated/generated_images/tie.png,tie.png,1.5,224,44.44444444444444,0.9,1,92.21227765083313,94.57242488861084,100.0,1.0
382,/home/jihoon/jihoon/RVCD/MAIN_CODES/DB_single_concept_images_flux_generated/generated_images/tie.png,tie.png,2.0,168,25.0,0.9,1,92.21227765083313,93.48412156105042,100.0,1.0
382,/home/jihoon/jihoon/RVCD/MAIN_CODES/DB_single_concept_images_flux_generated/generated_images/tie.png,tie.png,2.5,134,16.0,0.9,1,92.21227765083313,94.64483261108398,100.0,1.0
382,/home/jihoon/jihoon/RVCD/MAIN_CODES/DB_single_concept_images_flux_generated/generated_images/tie.png,tie.png,3.0,112,11.11111111111111,0.9,1,92.21227765083313,94.13661360740662,100.0,1.0
383,/home/jihoon/jihoon/RVCD/MAIN_CODES/DB_single_concept_images_flux_generated/generated_images/toaster.png,toaster.png,1.0,336,100.0,0.9,3,91.70019626617432,91.70019626617432,100.0,3.0
383,/home/jihoon/jihoon/RVCD/MAIN_CODES/DB_single_concept_images_flux_generated/generated_images/toaster.png,toaster.png,1.5,224,44.44444444444444,0.9,3,91.70019626617432,90.43796062469482,100.0,3.0
383,/home/jihoon/jihoon/RVCD/MAIN_CODES/DB_single_concept_images_flux_generated/generated_images/toaster.png,toaster.png,2.0,168,25.0,0.9,3,91.70019626617432,87.1113121509552,66.66666666666667,2.0
383,/home/jihoon/jihoon/RVCD/MAIN_CODES/DB_single_concept_images_flux_generated/generated_images/toaster.png,toaster.png,2.5,134,16.0,0.9,3,91.70019626617432,87.5641942024231,66.66666666666667,2.0
383,/home/jihoon/jihoon/RVCD/MAIN_CODES/DB_single_concept_images_flux_generated/generated_images/toaster.png,toaster.png,3.0,112,11.11111111111111,0.9,3,91.70019626617432,90.28807282447815,66.66666666666667,2.0
384,/home/jihoon/jihoon/RVCD/MAIN_CODES/DB_single_concept_images_flux_generated/generated_images/toilet.png,toilet.png,1.0,336,100.0,0.9,1,96.37376666069031,96.37376666069031,100.0,1.0
384,/home/jihoon/jihoon/RVCD/MAIN_CODES/DB_single_concept_images_flux_generated/generated_images/toilet.png,toilet.png,1.5,224,44.44444444444444,0.9,1,96.37376666069031,95.60953974723816,100.0,1.0
384,/home/jihoon/jihoon/RVCD/MAIN_CODES/DB_single_concept_images_flux_generated/generated_images/toilet.png,toilet.png,2.0,168,25.0,0.9,1,96.37376666069031,95.58440446853638,100.0,1.0
384,/home/jihoon/jihoon/RVCD/MAIN_CODES/DB_single_concept_images_flux_generated/generated_images/toilet.png,toilet.png,2.5,134,16.0,0.9,1,96.37376666069031,95.3323483467102,100.0,1.0
384,/home/jihoon/jihoon/RVCD/MAIN_CODES/DB_single_concept_images_flux_generated/generated_images/toilet.png,toilet.png,3.0,112,11.11111111111111,0.9,1,96.37376666069031,95.58598399162292,100.0,1.0
385,/home/jihoon/jihoon/RVCD/MAIN_CODES/DB_single_concept_images_flux_generated/generated_images/toothbrush.png,toothbrush.png,1.0,336,100.0,0.9,2,98.08878302574158,98.08878302574158,100.0,2.0
385,/home/jihoon/jihoon/RVCD/MAIN_CODES/DB_single_concept_images_flux_generated/generated_images/toothbrush.png,toothbrush.png,1.5,224,44.44444444444444,0.9,2,98.08878302574158,98.3525276184082,100.0,2.0
385,/home/jihoon/jihoon/RVCD/MAIN_CODES/DB_single_concept_images_flux_generated/generated_images/toothbrush.png,toothbrush.png,2.0,168,25.0,0.9,2,98.08878302574158,98.11939001083374,100.0,2.0
385,/home/jihoon/jihoon/RVCD/MAIN_CODES/DB_single_concept_images_flux_generated/generated_images/toothbrush.png,toothbrush.png,2.5,134,16.0,0.9,2,98.08878302574158,97.16882705688477,100.0,2.0
385,/home/jihoon/jihoon/RVCD/MAIN_CODES/DB_single_concept_images_flux_generated/generated_images/toothbrush.png,toothbrush.png,3.0,112,11.11111111111111,0.9,2,98.08878302574158,97.8193998336792,100.0,2.0
386,/home/jihoon/jihoon/RVCD/MAIN_CODES/DB_single_concept_images_flux_generated/generated_images/traffic light.png,traffic light.png,1.0,336,100.0,0.9,3,92.57872700691223,92.57872700691223,100.0,3.0
386,/home/jihoon/jihoon/RVCD/MAIN_CODES/DB_single_concept_images_flux_generated/generated_images/traffic light.png,traffic light.png,1.5,224,44.44444444444444,0.9,3,92.57872700691223,92.84167885780334,100.0,3.0
386,/home/jihoon/jihoon/RVCD/MAIN_CODES/DB_single_concept_images_flux_generated/generated_images/traffic light.png,traffic light.png,2.0,168,25.0,0.9,3,92.57872700691223,91.69681668281555,100.0,3.0
386,/home/jihoon/jihoon/RVCD/MAIN_CODES/DB_single_concept_images_flux_generated/generated_images/traffic light.png,traffic light.png,2.5,134,16.0,0.9,3,92.57872700691223,91.27904176712036,100.0,3.0
386,/home/jihoon/jihoon/RVCD/MAIN_CODES/DB_single_concept_images_flux_generated/generated_images/traffic light.png,traffic light.png,3.0,112,11.11111111111111,0.9,3,92.57872700691223,91.64822697639465,100.0,3.0
387,/home/jihoon/jihoon/RVCD/MAIN_CODES/DB_single_concept_images_flux_generated/generated_images/traffic signal.png,traffic signal.png,1.0,336,100.0,0.9,2,90.3633177280426,90.3633177280426,100.0,2.0
387,/home/jihoon/jihoon/RVCD/MAIN_CODES/DB_single_concept_images_flux_generated/generated_images/traffic signal.png,traffic signal.png,1.5,224,44.44444444444444,0.9,2,90.3633177280426,88.58294486999512,100.0,2.0
387,/home/jihoon/jihoon/RVCD/MAIN_CODES/DB_single_concept_images_flux_generated/generated_images/traffic signal.png,traffic signal.png,2.0,168,25.0,0.9,2,90.3633177280426,87.16046810150146,100.0,2.0
387,/home/jihoon/jihoon/RVCD/MAIN_CODES/DB_single_concept_images_flux_generated/generated_images/traffic signal.png,traffic signal.png,2.5,134,16.0,0.9,2,90.3633177280426,88.11506032943726,100.0,2.0
387,/home/jihoon/jihoon/RVCD/MAIN_CODES/DB_single_concept_images_flux_generated/generated_images/traffic signal.png,traffic signal.png,3.0,112,11.11111111111111,0.9,2,90.3633177280426,86.92312240600586,100.0,2.0
388,/home/jihoon/jihoon/RVCD/MAIN_CODES/DB_single_concept_images_flux_generated/generated_images/trafficlight.png,trafficlight.png,1.0,336,100.0,0.9,3,92.57872700691223,92.57872700691223,100.0,3.0
388,/home/jihoon/jihoon/RVCD/MAIN_CODES/DB_single_concept_images_flux_generated/generated_images/trafficlight.png,trafficlight.png,1.5,224,44.44444444444444,0.9,3,92.57872700691223,92.84167885780334,100.0,3.0
388,/home/jihoon/jihoon/RVCD/MAIN_CODES/DB_single_concept_images_flux_generated/generated_images/trafficlight.png,trafficlight.png,2.0,168,25.0,0.9,3,92.57872700691223,91.69681668281555,100.0,3.0
388,/home/jihoon/jihoon/RVCD/MAIN_CODES/DB_single_concept_images_flux_generated/generated_images/trafficlight.png,trafficlight.png,2.5,134,16.0,0.9,3,92.57872700691223,91.27904176712036,100.0,3.0
388,/home/jihoon/jihoon/RVCD/MAIN_CODES/DB_single_concept_images_flux_generated/generated_images/trafficlight.png,trafficlight.png,3.0,112,11.11111111111111,0.9,3,92.57872700691223,91.64822697639465,100.0,3.0
389,/home/jihoon/jihoon/RVCD/MAIN_CODES/DB_single_concept_images_flux_generated/generated_images/trafficsignal.png,trafficsignal.png,1.0,336,100.0,0.9,2,90.3633177280426,90.3633177280426,100.0,2.0
389,/home/jihoon/jihoon/RVCD/MAIN_CODES/DB_single_concept_images_flux_generated/generated_images/trafficsignal.png,trafficsignal.png,1.5,224,44.44444444444444,0.9,2,90.3633177280426,88.58294486999512,100.0,2.0
389,/home/jihoon/jihoon/RVCD/MAIN_CODES/DB_single_concept_images_flux_generated/generated_images/trafficsignal.png,trafficsignal.png,2.0,168,25.0,0.9,2,90.3633177280426,87.16046810150146,100.0,2.0
389,/home/jihoon/jihoon/RVCD/MAIN_CODES/DB_single_concept_images_flux_generated/generated_images/trafficsignal.png,trafficsignal.png,2.5,134,16.0,0.9,2,90.3633177280426,88.11506032943726,100.0,2.0
389,/home/jihoon/jihoon/RVCD/MAIN_CODES/DB_single_concept_images_flux_generated/generated_images/trafficsignal.png,trafficsignal.png,3.0,112,11.11111111111111,0.9,2,90.3633177280426,86.92312240600586,100.0,2.0
390,/home/jihoon/jihoon/RVCD/MAIN_CODES/DB_single_concept_images_flux_generated/generated_images/train.png,train.png,1.0,336,100.0,0.9,1,93.46346855163574,93.46346855163574,100.0,1.0
390,/home/jihoon/jihoon/RVCD/MAIN_CODES/DB_single_concept_images_flux_generated/generated_images/train.png,train.png,1.5,224,44.44444444444444,0.9,1,93.46346855163574,93.67092847824097,100.0,1.0
390,/home/jihoon/jihoon/RVCD/MAIN_CODES/DB_single_concept_images_flux_generated/generated_images/train.png,train.png,2.0,168,25.0,0.9,1,93.46346855163574,94.33783292770386,100.0,1.0
390,/home/jihoon/jihoon/RVCD/MAIN_CODES/DB_single_concept_images_flux_generated/generated_images/train.png,train.png,2.5,134,16.0,0.9,1,93.46346855163574,94.11982297897339,100.0,1.0
390,/home/jihoon/jihoon/RVCD/MAIN_CODES/DB_single_concept_images_flux_generated/generated_images/train.png,train.png,3.0,112,11.11111111111111,0.9,1,93.46346855163574,94.38726902008057,100.0,1.0
391,/home/jihoon/jihoon/RVCD/MAIN_CODES/DB_single_concept_images_flux_generated/generated_images/tramway.png,tramway.png,1.0,336,100.0,0.9,5,92.17805862426758,92.17805862426758,100.0,5.0
391,/home/jihoon/jihoon/RVCD/MAIN_CODES/DB_single_concept_images_flux_generated/generated_images/tramway.png,tramway.png,1.5,224,44.44444444444444,0.9,5,92.17805862426758,89.64290618896484,100.0,5.0
391,/home/jihoon/jihoon/RVCD/MAIN_CODES/DB_single_concept_images_flux_generated/generated_images/tramway.png,tramway.png,2.0,168,25.0,0.9,5,92.17805862426758,91.72931909561157,100.0,5.0
391,/home/jihoon/jihoon/RVCD/MAIN_CODES/DB_single_concept_images_flux_generated/generated_images/tramway.png,tramway.png,2.5,134,16.0,0.9,5,92.17805862426758,92.86422729492188,100.0,5.0
391,/home/jihoon/jihoon/RVCD/MAIN_CODES/DB_single_concept_images_flux_generated/generated_images/tramway.png,tramway.png,3.0,112,11.11111111111111,0.9,5,92.17805862426758,93.93634796142578,100.0,5.0
392,/home/jihoon/jihoon/RVCD/MAIN_CODES/DB_single_concept_images_flux_generated/generated_images/traveler.png,traveler.png,1.0,336,100.0,0.9,13,90.3470516204834,90.3470516204834,100.0,13.0
392,/home/jihoon/jihoon/RVCD/MAIN_CODES/DB_single_concept_images_flux_generated/generated_images/traveler.png,traveler.png,1.5,224,44.44444444444444,0.9,13,90.3470516204834,90.5657947063446,76.92307692307692,10.0
392,/home/jihoon/jihoon/RVCD/MAIN_CODES/DB_single_concept_images_flux_generated/generated_images/traveler.png,traveler.png,2.0,168,25.0,0.9,13,90.3470516204834,87.74036169052124,69.23076923076923,9.0
392,/home/jihoon/jihoon/RVCD/MAIN_CODES/DB_single_concept_images_flux_generated/generated_images/traveler.png,traveler.png,2.5,134,16.0,0.9,13,90.3470516204834,87.90213465690613,61.53846153846154,8.0
392,/home/jihoon/jihoon/RVCD/MAIN_CODES/DB_single_concept_images_flux_generated/generated_images/traveler.png,traveler.png,3.0,112,11.11111111111111,0.9,13,90.3470516204834,86.89714670181274,53.84615384615385,7.0
393,/home/jihoon/jihoon/RVCD/MAIN_CODES/DB_single_concept_images_flux_generated/generated_images/trawler.png,trawler.png,1.0,336,100.0,0.9,2,96.8991756439209,96.8991756439209,100.0,2.0
393,/home/jihoon/jihoon/RVCD/MAIN_CODES/DB_single_concept_images_flux_generated/generated_images/trawler.png,trawler.png,1.5,224,44.44444444444444,0.9,2,96.8991756439209,96.39136791229248,100.0,2.0
393,/home/jihoon/jihoon/RVCD/MAIN_CODES/DB_single_concept_images_flux_generated/generated_images/trawler.png,trawler.png,2.0,168,25.0,0.9,2,96.8991756439209,97.10167050361633,100.0,2.0
393,/home/jihoon/jihoon/RVCD/MAIN_CODES/DB_single_concept_images_flux_generated/generated_images/trawler.png,trawler.png,2.5,134,16.0,0.9,2,96.8991756439209,97.26890325546265,100.0,2.0
393,/home/jihoon/jihoon/RVCD/MAIN_CODES/DB_single_concept_images_flux_generated/generated_images/trawler.png,trawler.png,3.0,112,11.11111111111111,0.9,2,96.8991756439209,97.56323099136353,100.0,2.0
394,/home/jihoon/jihoon/RVCD/MAIN_CODES/DB_single_concept_images_flux_generated/generated_images/trespasser.png,trespasser.png,1.0,336,100.0,0.9,22,90.13903141021729,90.13903141021729,100.0,22.0
394,/home/jihoon/jihoon/RVCD/MAIN_CODES/DB_single_concept_images_flux_generated/generated_images/trespasser.png,trespasser.png,1.5,224,44.44444444444444,0.9,22,90.13903141021729,91.76552295684814,81.81818181818181,18.0
394,/home/jihoon/jihoon/RVCD/MAIN_CODES/DB_single_concept_images_flux_generated/generated_images/trespasser.png,trespasser.png,2.0,168,25.0,0.9,22,90.13903141021729,89.36951160430908,72.72727272727273,16.0
394,/home/jihoon/jihoon/RVCD/MAIN_CODES/DB_single_concept_images_flux_generated/generated_images/trespasser.png,trespasser.png,2.5,134,16.0,0.9,22,90.13903141021729,90.0844395160675,77.27272727272727,17.0
394,/home/jihoon/jihoon/RVCD/MAIN_CODES/DB_single_concept_images_flux_generated/generated_images/trespasser.png,trespasser.png,3.0,112,11.11111111111111,0.9,22,90.13903141021729,88.99786472320557,72.72727272727273,16.0
395,/home/jihoon/jihoon/RVCD/MAIN_CODES/DB_single_concept_images_flux_generated/generated_images/trike.png,trike.png,1.0,336,100.0,0.9,2,96.4020311832428,96.4020311832428,100.0,2.0
395,/home/jihoon/jihoon/RVCD/MAIN_CODES/DB_single_concept_images_flux_generated/generated_images/trike.png,trike.png,1.5,224,44.44444444444444,0.9,2,96.4020311832428,97.78884649276733,100.0,2.0
395,/home/jihoon/jihoon/RVCD/MAIN_CODES/DB_single_concept_images_flux_generated/generated_images/trike.png,trike.png,2.0,168,25.0,0.9,2,96.4020311832428,97.2785472869873,100.0,2.0
395,/home/jihoon/jihoon/RVCD/MAIN_CODES/DB_single_concept_images_flux_generated/generated_images/trike.png,trike.png,2.5,134,16.0,0.9,2,96.4020311832428,96.72848582267761,100.0,2.0
395,/home/jihoon/jihoon/RVCD/MAIN_CODES/DB_single_concept_images_flux_generated/generated_images/trike.png,trike.png,3.0,112,11.11111111111111,0.9,2,96.4020311832428,96.14815711975098,100.0,2.0
396,/home/jihoon/jihoon/RVCD/MAIN_CODES/DB_single_concept_images_flux_generated/generated_images/trolley.png,trolley.png,1.0,336,100.0,0.9,6,90.4464602470398,90.4464602470398,100.0,6.0
396,/home/jihoon/jihoon/RVCD/MAIN_CODES/DB_single_concept_images_flux_generated/generated_images/trolley.png,trolley.png,1.5,224,44.44444444444444,0.9,6,90.4464602470398,93.16136240959167,100.0,6.0
396,/home/jihoon/jihoon/RVCD/MAIN_CODES/DB_single_concept_images_flux_generated/generated_images/trolley.png,trolley.png,2.0,168,25.0,0.9,6,90.4464602470398,91.94695353507996,100.0,6.0
396,/home/jihoon/jihoon/RVCD/MAIN_CODES/DB_single_concept_images_flux_generated/generated_images/trolley.png,trolley.png,2.5,134,16.0,0.9,6,90.4464602470398,93.28401684761047,100.0,6.0
396,/home/jihoon/jihoon/RVCD/MAIN_CODES/DB_single_concept_images_flux_generated/generated_images/trolley.png,trolley.png,3.0,112,11.11111111111111,0.9,6,90.4464602470398,93.35699081420898,83.33333333333333,5.0
397,/home/jihoon/jihoon/RVCD/MAIN_CODES/DB_single_concept_images_flux_generated/generated_images/truck.png,truck.png,1.0,336,100.0,0.9,3,95.07390260696411,95.07390260696411,100.0,3.0
397,/home/jihoon/jihoon/RVCD/MAIN_CODES/DB_single_concept_images_flux_generated/generated_images/truck.png,truck.png,1.5,224,44.44444444444444,0.9,3,95.07390260696411,95.71939706802368,100.0,3.0
397,/home/jihoon/jihoon/RVCD/MAIN_CODES/DB_single_concept_images_flux_generated/generated_images/truck.png,truck.png,2.0,168,25.0,0.9,3,95.07390260696411,95.217764377594,100.0,3.0
397,/home/jihoon/jihoon/RVCD/MAIN_CODES/DB_single_concept_images_flux_generated/generated_images/truck.png,truck.png,2.5,134,16.0,0.9,3,95.07390260696411,95.38515210151672,100.0,3.0
397,/home/jihoon/jihoon/RVCD/MAIN_CODES/DB_single_concept_images_flux_generated/generated_images/truck.png,truck.png,3.0,112,11.11111111111111,0.9,3,95.07390260696411,94.37333345413208,100.0,3.0
398,/home/jihoon/jihoon/RVCD/MAIN_CODES/DB_single_concept_images_flux_generated/generated_images/tugboat.png,tugboat.png,1.0,336,100.0,0.9,2,97.07958698272705,97.07958698272705,100.0,2.0
398,/home/jihoon/jihoon/RVCD/MAIN_CODES/DB_single_concept_images_flux_generated/generated_images/tugboat.png,tugboat.png,1.5,224,44.44444444444444,0.9,2,97.07958698272705,96.71170115470886,100.0,2.0
398,/home/jihoon/jihoon/RVCD/MAIN_CODES/DB_single_concept_images_flux_generated/generated_images/tugboat.png,tugboat.png,2.0,168,25.0,0.9,2,97.07958698272705,97.48196601867676,100.0,2.0
398,/home/jihoon/jihoon/RVCD/MAIN_CODES/DB_single_concept_images_flux_generated/generated_images/tugboat.png,tugboat.png,2.5,134,16.0,0.9,2,97.07958698272705,97.88273572921753,100.0,2.0
398,/home/jihoon/jihoon/RVCD/MAIN_CODES/DB_single_concept_images_flux_generated/generated_images/tugboat.png,tugboat.png,3.0,112,11.11111111111111,0.9,2,97.07958698272705,96.85970544815063,100.0,2.0
399,/home/jihoon/jihoon/RVCD/MAIN_CODES/DB_single_concept_images_flux_generated/generated_images/turkey.png,turkey.png,1.0,336,100.0,0.9,3,92.71197319030762,92.71197319030762,100.0,3.0
399,/home/jihoon/jihoon/RVCD/MAIN_CODES/DB_single_concept_images_flux_generated/generated_images/turkey.png,turkey.png,1.5,224,44.44444444444444,0.9,3,92.71197319030762,94.1408634185791,100.0,3.0
399,/home/jihoon/jihoon/RVCD/MAIN_CODES/DB_single_concept_images_flux_generated/generated_images/turkey.png,turkey.png,2.0,168,25.0,0.9,3,92.71197319030762,94.5366382598877,100.0,3.0
399,/home/jihoon/jihoon/RVCD/MAIN_CODES/DB_single_concept_images_flux_generated/generated_images/turkey.png,turkey.png,2.5,134,16.0,0.9,3,92.71197319030762,92.8839385509491,100.0,3.0
399,/home/jihoon/jihoon/RVCD/MAIN_CODES/DB_single_concept_images_flux_generated/generated_images/turkey.png,turkey.png,3.0,112,11.11111111111111,0.9,3,92.71197319030762,93.32239627838135,100.0,3.0
400,/home/jihoon/jihoon/RVCD/MAIN_CODES/DB_single_concept_images_flux_generated/generated_images/tv.png,tv.png,1.0,336,100.0,0.9,3,93.35488080978394,93.35488080978394,100.0,3.0
400,/home/jihoon/jihoon/RVCD/MAIN_CODES/DB_single_concept_images_flux_generated/generated_images/tv.png,tv.png,1.5,224,44.44444444444444,0.9,3,93.35488080978394,91.41207933425903,100.0,3.0
400,/home/jihoon/jihoon/RVCD/MAIN_CODES/DB_single_concept_images_flux_generated/generated_images/tv.png,tv.png,2.0,168,25.0,0.9,3,93.35488080978394,91.62843227386475,100.0,3.0
400,/home/jihoon/jihoon/RVCD/MAIN_CODES/DB_single_concept_images_flux_generated/generated_images/tv.png,tv.png,2.5,134,16.0,0.9,3,93.35488080978394,93.14204454421997,100.0,3.0
400,/home/jihoon/jihoon/RVCD/MAIN_CODES/DB_single_concept_images_flux_generated/generated_images/tv.png,tv.png,3.0,112,11.11111111111111,0.9,3,93.35488080978394,92.13731288909912,100.0,3.0
401,/home/jihoon/jihoon/RVCD/MAIN_CODES/DB_single_concept_images_flux_generated/generated_images/umbrella.png,umbrella.png,1.0,336,100.0,0.9,1,97.5637137889862,97.5637137889862,100.0,1.0
401,/home/jihoon/jihoon/RVCD/MAIN_CODES/DB_single_concept_images_flux_generated/generated_images/umbrella.png,umbrella.png,1.5,224,44.44444444444444,0.9,1,97.5637137889862,98.0587363243103,100.0,1.0
401,/home/jihoon/jihoon/RVCD/MAIN_CODES/DB_single_concept_images_flux_generated/generated_images/umbrella.png,umbrella.png,2.0,168,25.0,0.9,1,97.5637137889862,98.23225140571594,100.0,1.0
401,/home/jihoon/jihoon/RVCD/MAIN_CODES/DB_single_concept_images_flux_generated/generated_images/umbrella.png,umbrella.png,2.5,134,16.0,0.9,1,97.5637137889862,98.00100922584534,100.0,1.0
401,/home/jihoon/jihoon/RVCD/MAIN_CODES/DB_single_concept_images_flux_generated/generated_images/umbrella.png,umbrella.png,3.0,112,11.11111111111111,0.9,1,97.5637137889862,97.76755571365356,100.0,1.0
402,/home/jihoon/jihoon/RVCD/MAIN_CODES/DB_single_concept_images_flux_generated/generated_images/unicycle.png,unicycle.png,1.0,336,100.0,0.9,3,93.41092109680176,93.41092109680176,100.0,3.0
402,/home/jihoon/jihoon/RVCD/MAIN_CODES/DB_single_concept_images_flux_generated/generated_images/unicycle.png,unicycle.png,1.5,224,44.44444444444444,0.9,3,93.41092109680176,96.00737690925598,100.0,3.0
402,/home/jihoon/jihoon/RVCD/MAIN_CODES/DB_single_concept_images_flux_generated/generated_images/unicycle.png,unicycle.png,2.0,168,25.0,0.9,3,93.41092109680176,97.78679013252258,100.0,3.0
402,/home/jihoon/jihoon/RVCD/MAIN_CODES/DB_single_concept_images_flux_generated/generated_images/unicycle.png,unicycle.png,2.5,134,16.0,0.9,3,93.41092109680176,94.72227096557617,100.0,3.0
402,/home/jihoon/jihoon/RVCD/MAIN_CODES/DB_single_concept_images_flux_generated/generated_images/unicycle.png,unicycle.png,3.0,112,11.11111111111111,0.9,3,93.41092109680176,97.43797183036804,100.0,3.0
403,/home/jihoon/jihoon/RVCD/MAIN_CODES/DB_single_concept_images_flux_generated/generated_images/urinal.png,urinal.png,1.0,336,100.0,0.9,2,93.82616877555847,93.82616877555847,100.0,2.0
403,/home/jihoon/jihoon/RVCD/MAIN_CODES/DB_single_concept_images_flux_generated/generated_images/urinal.png,urinal.png,1.5,224,44.44444444444444,0.9,2,93.82616877555847,96.59296870231628,100.0,2.0
403,/home/jihoon/jihoon/RVCD/MAIN_CODES/DB_single_concept_images_flux_generated/generated_images/urinal.png,urinal.png,2.0,168,25.0,0.9,2,93.82616877555847,95.38378715515137,100.0,2.0
403,/home/jihoon/jihoon/RVCD/MAIN_CODES/DB_single_concept_images_flux_generated/generated_images/urinal.png,urinal.png,2.5,134,16.0,0.9,2,93.82616877555847,95.77306509017944,100.0,2.0
403,/home/jihoon/jihoon/RVCD/MAIN_CODES/DB_single_concept_images_flux_generated/generated_images/urinal.png,urinal.png,3.0,112,11.11111111111111,0.9,2,93.82616877555847,93.95754337310791,100.0,2.0
404,/home/jihoon/jihoon/RVCD/MAIN_CODES/DB_single_concept_images_flux_generated/generated_images/van.png,van.png,1.0,336,100.0,0.9,3,95.20493745803833,95.20493745803833,100.0,3.0
404,/home/jihoon/jihoon/RVCD/MAIN_CODES/DB_single_concept_images_flux_generated/generated_images/van.png,van.png,1.5,224,44.44444444444444,0.9,3,95.20493745803833,95.49834728240967,100.0,3.0
404,/home/jihoon/jihoon/RVCD/MAIN_CODES/DB_single_concept_images_flux_generated/generated_images/van.png,van.png,2.0,168,25.0,0.9,3,95.20493745803833,95.66251039505005,100.0,3.0
404,/home/jihoon/jihoon/RVCD/MAIN_CODES/DB_single_concept_images_flux_generated/generated_images/van.png,van.png,2.5,134,16.0,0.9,3,95.20493745803833,94.88098621368408,100.0,3.0
404,/home/jihoon/jihoon/RVCD/MAIN_CODES/DB_single_concept_images_flux_generated/generated_images/van.png,van.png,3.0,112,11.11111111111111,0.9,3,95.20493745803833,95.47457098960876,100.0,3.0
405,/home/jihoon/jihoon/RVCD/MAIN_CODES/DB_single_concept_images_flux_generated/generated_images/vase.png,vase.png,1.0,336,100.0,0.9,1,95.14771699905396,95.14771699905396,100.0,1.0
405,/home/jihoon/jihoon/RVCD/MAIN_CODES/DB_single_concept_images_flux_generated/generated_images/vase.png,vase.png,1.5,224,44.44444444444444,0.9,1,95.14771699905396,94.07633543014526,100.0,1.0
405,/home/jihoon/jihoon/RVCD/MAIN_CODES/DB_single_concept_images_flux_generated/generated_images/vase.png,vase.png,2.0,168,25.0,0.9,1,95.14771699905396,94.23688054084778,100.0,1.0
405,/home/jihoon/jihoon/RVCD/MAIN_CODES/DB_single_concept_images_flux_generated/generated_images/vase.png,vase.png,2.5,134,16.0,0.9,1,95.14771699905396,93.70202422142029,100.0,1.0
405,/home/jihoon/jihoon/RVCD/MAIN_CODES/DB_single_concept_images_flux_generated/generated_images/vase.png,vase.png,3.0,112,11.11111111111111,0.9,1,95.14771699905396,93.26961636543274,100.0,1.0
406,/home/jihoon/jihoon/RVCD/MAIN_CODES/DB_single_concept_images_flux_generated/generated_images/vessel.png,vessel.png,1.0,336,100.0,0.9,1,95.02735137939453,95.02735137939453,100.0,1.0
406,/home/jihoon/jihoon/RVCD/MAIN_CODES/DB_single_concept_images_flux_generated/generated_images/vessel.png,vessel.png,1.5,224,44.44444444444444,0.9,1,95.02735137939453,93.97814869880676,100.0,1.0
406,/home/jihoon/jihoon/RVCD/MAIN_CODES/DB_single_concept_images_flux_generated/generated_images/vessel.png,vessel.png,2.0,168,25.0,0.9,1,95.02735137939453,94.2539930343628,100.0,1.0
406,/home/jihoon/jihoon/RVCD/MAIN_CODES/DB_single_concept_images_flux_generated/generated_images/vessel.png,vessel.png,2.5,134,16.0,0.9,1,95.02735137939453,93.88463497161865,100.0,1.0
406,/home/jihoon/jihoon/RVCD/MAIN_CODES/DB_single_concept_images_flux_generated/generated_images/vessel.png,vessel.png,3.0,112,11.11111111111111,0.9,1,95.02735137939453,90.84216356277466,100.0,1.0
407,/home/jihoon/jihoon/RVCD/MAIN_CODES/DB_single_concept_images_flux_generated/generated_images/villager.png,villager.png,1.0,336,100.0,0.9,37,90.17922282218933,90.17922282218933,100.0,37.0
407,/home/jihoon/jihoon/RVCD/MAIN_CODES/DB_single_concept_images_flux_generated/generated_images/villager.png,villager.png,1.5,224,44.44444444444444,0.9,37,90.17922282218933,91.62201285362244,70.27027027027027,26.0
407,/home/jihoon/jihoon/RVCD/MAIN_CODES/DB_single_concept_images_flux_generated/generated_images/villager.png,villager.png,2.0,168,25.0,0.9,37,90.17922282218933,90.00913500785828,67.56756756756756,25.0
407,/home/jihoon/jihoon/RVCD/MAIN_CODES/DB_single_concept_images_flux_generated/generated_images/villager.png,villager.png,2.5,134,16.0,0.9,37,90.17922282218933,90.71349501609802,56.75675675675676,21.0
407,/home/jihoon/jihoon/RVCD/MAIN_CODES/DB_single_concept_images_flux_generated/generated_images/villager.png,villager.png,3.0,112,11.11111111111111,0.9,37,90.17922282218933,90.17402529716492,54.054054054054056,20.0
408,/home/jihoon/jihoon/RVCD/MAIN_CODES/DB_single_concept_images_flux_generated/generated_images/vulture.png,vulture.png,1.0,336,100.0,0.9,3,92.4828290939331,92.4828290939331,100.0,3.0
408,/home/jihoon/jihoon/RVCD/MAIN_CODES/DB_single_concept_images_flux_generated/generated_images/vulture.png,vulture.png,1.5,224,44.44444444444444,0.9,3,92.4828290939331,94.242262840271,100.0,3.0
408,/home/jihoon/jihoon/RVCD/MAIN_CODES/DB_single_concept_images_flux_generated/generated_images/vulture.png,vulture.png,2.0,168,25.0,0.9,3,92.4828290939331,93.23816895484924,100.0,3.0
408,/home/jihoon/jihoon/RVCD/MAIN_CODES/DB_single_concept_images_flux_generated/generated_images/vulture.png,vulture.png,2.5,134,16.0,0.9,3,92.4828290939331,91.17653965950012,100.0,3.0
408,/home/jihoon/jihoon/RVCD/MAIN_CODES/DB_single_concept_images_flux_generated/generated_images/vulture.png,vulture.png,3.0,112,11.11111111111111,0.9,3,92.4828290939331,90.52670001983643,100.0,3.0
409,/home/jihoon/jihoon/RVCD/MAIN_CODES/DB_single_concept_images_flux_generated/generated_images/wakeboard.png,wakeboard.png,1.0,336,100.0,0.9,1,93.88959407806396,93.88959407806396,100.0,1.0
409,/home/jihoon/jihoon/RVCD/MAIN_CODES/DB_single_concept_images_flux_generated/generated_images/wakeboard.png,wakeboard.png,1.5,224,44.44444444444444,0.9,1,93.88959407806396,89.17699456214905,100.0,1.0
409,/home/jihoon/jihoon/RVCD/MAIN_CODES/DB_single_concept_images_flux_generated/generated_images/wakeboard.png,wakeboard.png,2.0,168,25.0,0.9,1,93.88959407806396,82.49951004981995,100.0,1.0
409,/home/jihoon/jihoon/RVCD/MAIN_CODES/DB_single_concept_images_flux_generated/generated_images/wakeboard.png,wakeboard.png,2.5,134,16.0,0.9,1,93.88959407806396,78.59680652618408,100.0,1.0
409,/home/jihoon/jihoon/RVCD/MAIN_CODES/DB_single_concept_images_flux_generated/generated_images/wakeboard.png,wakeboard.png,3.0,112,11.11111111111111,0.9,1,93.88959407806396,79.35227155685425,100.0,1.0
410,/home/jihoon/jihoon/RVCD/MAIN_CODES/DB_single_concept_images_flux_generated/generated_images/walker.png,walker.png,1.0,336,100.0,0.9,14,90.10424613952637,90.10424613952637,100.0,14.0
410,/home/jihoon/jihoon/RVCD/MAIN_CODES/DB_single_concept_images_flux_generated/generated_images/walker.png,walker.png,1.5,224,44.44444444444444,0.9,14,90.10424613952637,92.77083277702332,71.42857142857143,10.0
410,/home/jihoon/jihoon/RVCD/MAIN_CODES/DB_single_concept_images_flux_generated/generated_images/walker.png,walker.png,2.0,168,25.0,0.9,14,90.10424613952637,92.26171374320984,64.28571428571429,9.0
410,/home/jihoon/jihoon/RVCD/MAIN_CODES/DB_single_concept_images_flux_generated/generated_images/walker.png,walker.png,2.5,134,16.0,0.9,14,90.10424613952637,92.63148307800293,64.28571428571429,9.0
410,/home/jihoon/jihoon/RVCD/MAIN_CODES/DB_single_concept_images_flux_generated/generated_images/walker.png,walker.png,3.0,112,11.11111111111111,0.9,14,90.10424613952637,91.14086627960205,42.857142857142854,6.0
411,/home/jihoon/jihoon/RVCD/MAIN_CODES/DB_single_concept_images_flux_generated/generated_images/wallet.png,wallet.png,1.0,336,100.0,0.9,5,91.26664400100708,91.26664400100708,100.0,5.0
411,/home/jihoon/jihoon/RVCD/MAIN_CODES/DB_single_concept_images_flux_generated/generated_images/wallet.png,wallet.png,1.5,224,44.44444444444444,0.9,5,91.26664400100708,90.90814590454102,100.0,5.0
411,/home/jihoon/jihoon/RVCD/MAIN_CODES/DB_single_concept_images_flux_generated/generated_images/wallet.png,wallet.png,2.0,168,25.0,0.9,5,91.26664400100708,92.27927923202515,100.0,5.0
411,/home/jihoon/jihoon/RVCD/MAIN_CODES/DB_single_concept_images_flux_generated/generated_images/wallet.png,wallet.png,2.5,134,16.0,0.9,5,91.26664400100708,91.56122207641602,80.0,4.0
411,/home/jihoon/jihoon/RVCD/MAIN_CODES/DB_single_concept_images_flux_generated/generated_images/wallet.png,wallet.png,3.0,112,11.11111111111111,0.9,5,91.26664400100708,88.19311261177063,80.0,4.0
412,/home/jihoon/jihoon/RVCD/MAIN_CODES/DB_single_concept_images_flux_generated/generated_images/warbler.png,warbler.png,1.0,336,100.0,0.9,1,90.01019597053528,90.01019597053528,100.0,1.0
412,/home/jihoon/jihoon/RVCD/MAIN_CODES/DB_single_concept_images_flux_generated/generated_images/warbler.png,warbler.png,1.5,224,44.44444444444444,0.9,1,90.01019597053528,91.98715090751648,100.0,1.0
412,/home/jihoon/jihoon/RVCD/MAIN_CODES/DB_single_concept_images_flux_generated/generated_images/warbler.png,warbler.png,2.0,168,25.0,0.9,1,90.01019597053528,92.57311224937439,100.0,1.0
412,/home/jihoon/jihoon/RVCD/MAIN_CODES/DB_single_concept_images_flux_generated/generated_images/warbler.png,warbler.png,2.5,134,16.0,0.9,1,90.01019597053528,89.45868611335754,100.0,1.0
412,/home/jihoon/jihoon/RVCD/MAIN_CODES/DB_single_concept_images_flux_generated/generated_images/warbler.png,warbler.png,3.0,112,11.11111111111111,0.9,1,90.01019597053528,87.85569071769714,100.0,1.0
413,/home/jihoon/jihoon/RVCD/MAIN_CODES/DB_single_concept_images_flux_generated/generated_images/waterbird.png,waterbird.png,1.0,336,100.0,0.9,3,91.74622297286987,91.74622297286987,100.0,3.0
413,/home/jihoon/jihoon/RVCD/MAIN_CODES/DB_single_concept_images_flux_generated/generated_images/waterbird.png,waterbird.png,1.5,224,44.44444444444444,0.9,3,91.74622297286987,93.23137402534485,100.0,3.0
413,/home/jihoon/jihoon/RVCD/MAIN_CODES/DB_single_concept_images_flux_generated/generated_images/waterbird.png,waterbird.png,2.0,168,25.0,0.9,3,91.74622297286987,92.54193305969238,100.0,3.0
413,/home/jihoon/jihoon/RVCD/MAIN_CODES/DB_single_concept_images_flux_generated/generated_images/waterbird.png,waterbird.png,2.5,134,16.0,0.9,3,91.74622297286987,90.64865708351135,100.0,3.0
413,/home/jihoon/jihoon/RVCD/MAIN_CODES/DB_single_concept_images_flux_generated/generated_images/waterbird.png,waterbird.png,3.0,112,11.11111111111111,0.9,3,91.74622297286987,92.6230251789093,100.0,3.0
414,/home/jihoon/jihoon/RVCD/MAIN_CODES/DB_single_concept_images_flux_generated/generated_images/watercraft.png,watercraft.png,1.0,336,100.0,0.9,1,95.04658579826355,95.04658579826355,100.0,1.0
414,/home/jihoon/jihoon/RVCD/MAIN_CODES/DB_single_concept_images_flux_generated/generated_images/watercraft.png,watercraft.png,1.5,224,44.44444444444444,0.9,1,95.04658579826355,95.99501490592957,100.0,1.0
414,/home/jihoon/jihoon/RVCD/MAIN_CODES/DB_single_concept_images_flux_generated/generated_images/watercraft.png,watercraft.png,2.0,168,25.0,0.9,1,95.04658579826355,96.11901044845581,100.0,1.0
414,/home/jihoon/jihoon/RVCD/MAIN_CODES/DB_single_concept_images_flux_generated/generated_images/watercraft.png,watercraft.png,2.5,134,16.0,0.9,1,95.04658579826355,96.4013159275055,100.0,1.0
414,/home/jihoon/jihoon/RVCD/MAIN_CODES/DB_single_concept_images_flux_generated/generated_images/watercraft.png,watercraft.png,3.0,112,11.11111111111111,0.9,1,95.04658579826355,96.67770862579346,100.0,1.0
415,/home/jihoon/jihoon/RVCD/MAIN_CODES/DB_single_concept_images_flux_generated/generated_images/waterfowl.png,waterfowl.png,1.0,336,100.0,0.9,2,92.70086884498596,92.70086884498596,100.0,2.0
415,/home/jihoon/jihoon/RVCD/MAIN_CODES/DB_single_concept_images_flux_generated/generated_images/waterfowl.png,waterfowl.png,1.5,224,44.44444444444444,0.9,2,92.70086884498596,94.28982734680176,100.0,2.0
415,/home/jihoon/jihoon/RVCD/MAIN_CODES/DB_single_concept_images_flux_generated/generated_images/waterfowl.png,waterfowl.png,2.0,168,25.0,0.9,2,92.70086884498596,94.18534636497498,100.0,2.0
415,/home/jihoon/jihoon/RVCD/MAIN_CODES/DB_single_concept_images_flux_generated/generated_images/waterfowl.png,waterfowl.png,2.5,134,16.0,0.9,2,92.70086884498596,93.96243691444397,100.0,2.0
415,/home/jihoon/jihoon/RVCD/MAIN_CODES/DB_single_concept_images_flux_generated/generated_images/waterfowl.png,waterfowl.png,3.0,112,11.11111111111111,0.9,2,92.70086884498596,93.13082695007324,100.0,2.0
416,/home/jihoon/jihoon/RVCD/MAIN_CODES/DB_single_concept_images_flux_generated/generated_images/weimaraner.png,weimaraner.png,1.0,336,100.0,0.9,1,90.01414179801941,90.01414179801941,100.0,1.0
416,/home/jihoon/jihoon/RVCD/MAIN_CODES/DB_single_concept_images_flux_generated/generated_images/weimaraner.png,weimaraner.png,1.5,224,44.44444444444444,0.9,1,90.01414179801941,89.67792987823486,100.0,1.0
416,/home/jihoon/jihoon/RVCD/MAIN_CODES/DB_single_concept_images_flux_generated/generated_images/weimaraner.png,weimaraner.png,2.0,168,25.0,0.9,1,90.01414179801941,88.69805335998535,100.0,1.0
416,/home/jihoon/jihoon/RVCD/MAIN_CODES/DB_single_concept_images_flux_generated/generated_images/weimaraner.png,weimaraner.png,2.5,134,16.0,0.9,1,90.01414179801941,87.78001070022583,100.0,1.0
416,/home/jihoon/jihoon/RVCD/MAIN_CODES/DB_single_concept_images_flux_generated/generated_images/weimaraner.png,weimaraner.png,3.0,112,11.11111111111111,0.9,1,90.01414179801941,89.71564173698425,100.0,1.0
417,/home/jihoon/jihoon/RVCD/MAIN_CODES/DB_single_concept_images_flux_generated/generated_images/whippet.png,whippet.png,1.0,336,100.0,0.9,1,90.68877100944519,90.68877100944519,100.0,1.0
417,/home/jihoon/jihoon/RVCD/MAIN_CODES/DB_single_concept_images_flux_generated/generated_images/whippet.png,whippet.png,1.5,224,44.44444444444444,0.9,1,90.68877100944519,88.03395628929138,100.0,1.0
417,/home/jihoon/jihoon/RVCD/MAIN_CODES/DB_single_concept_images_flux_generated/generated_images/whippet.png,whippet.png,2.0,168,25.0,0.9,1,90.68877100944519,86.12532019615173,100.0,1.0
417,/home/jihoon/jihoon/RVCD/MAIN_CODES/DB_single_concept_images_flux_generated/generated_images/whippet.png,whippet.png,2.5,134,16.0,0.9,1,90.68877100944519,89.19919729232788,100.0,1.0
417,/home/jihoon/jihoon/RVCD/MAIN_CODES/DB_single_concept_images_flux_generated/generated_images/whippet.png,whippet.png,3.0,112,11.11111111111111,0.9,1,90.68877100944519,90.13574123382568,100.0,1.0
418,/home/jihoon/jihoon/RVCD/MAIN_CODES/DB_single_concept_images_flux_generated/generated_images/willet.png,willet.png,1.0,336,100.0,0.9,6,90.36970138549805,90.36970138549805,100.0,6.0
418,/home/jihoon/jihoon/RVCD/MAIN_CODES/DB_single_concept_images_flux_generated/generated_images/willet.png,willet.png,1.5,224,44.44444444444444,0.9,6,90.36970138549805,91.52700901031494,66.66666666666667,4.0
418,/home/jihoon/jihoon/RVCD/MAIN_CODES/DB_single_concept_images_flux_generated/generated_images/willet.png,willet.png,2.0,168,25.0,0.9,6,90.36970138549805,88.94433379173279,66.66666666666667,4.0
418,/home/jihoon/jihoon/RVCD/MAIN_CODES/DB_single_concept_images_flux_generated/generated_images/willet.png,willet.png,2.5,134,16.0,0.9,6,90.36970138549805,85.39092540740967,66.66666666666667,4.0
418,/home/jihoon/jihoon/RVCD/MAIN_CODES/DB_single_concept_images_flux_generated/generated_images/willet.png,willet.png,3.0,112,11.11111111111111,0.9,6,90.36970138549805,85.77697277069092,66.66666666666667,4.0
419,/home/jihoon/jihoon/RVCD/MAIN_CODES/DB_single_concept_images_flux_generated/generated_images/wine glass.png,wine glass.png,1.0,336,100.0,0.9,2,95.96868753433228,95.96868753433228,100.0,2.0
419,/home/jihoon/jihoon/RVCD/MAIN_CODES/DB_single_concept_images_flux_generated/generated_images/wine glass.png,wine glass.png,1.5,224,44.44444444444444,0.9,2,95.96868753433228,96.15706205368042,100.0,2.0
419,/home/jihoon/jihoon/RVCD/MAIN_CODES/DB_single_concept_images_flux_generated/generated_images/wine glass.png,wine glass.png,2.0,168,25.0,0.9,2,95.96868753433228,96.09066247940063,100.0,2.0
419,/home/jihoon/jihoon/RVCD/MAIN_CODES/DB_single_concept_images_flux_generated/generated_images/wine glass.png,wine glass.png,2.5,134,16.0,0.9,2,95.96868753433228,95.9463119506836,100.0,2.0
419,/home/jihoon/jihoon/RVCD/MAIN_CODES/DB_single_concept_images_flux_generated/generated_images/wine glass.png,wine glass.png,3.0,112,11.11111111111111,0.9,2,95.96868753433228,96.71059846878052,100.0,2.0
420,/home/jihoon/jihoon/RVCD/MAIN_CODES/DB_single_concept_images_flux_generated/generated_images/wineglass.png,wineglass.png,1.0,336,100.0,0.9,2,95.96868753433228,95.96868753433228,100.0,2.0
420,/home/jihoon/jihoon/RVCD/MAIN_CODES/DB_single_concept_images_flux_generated/generated_images/wineglass.png,wineglass.png,1.5,224,44.44444444444444,0.9,2,95.96868753433228,96.15706205368042,100.0,2.0
420,/home/jihoon/jihoon/RVCD/MAIN_CODES/DB_single_concept_images_flux_generated/generated_images/wineglass.png,wineglass.png,2.0,168,25.0,0.9,2,95.96868753433228,96.09066247940063,100.0,2.0
420,/home/jihoon/jihoon/RVCD/MAIN_CODES/DB_single_concept_images_flux_generated/generated_images/wineglass.png,wineglass.png,2.5,134,16.0,0.9,2,95.96868753433228,95.9463119506836,100.0,2.0
420,/home/jihoon/jihoon/RVCD/MAIN_CODES/DB_single_concept_images_flux_generated/generated_images/wineglass.png,wineglass.png,3.0,112,11.11111111111111,0.9,2,95.96868753433228,96.71059846878052,100.0,2.0
421,/home/jihoon/jihoon/RVCD/MAIN_CODES/DB_single_concept_images_flux_generated/generated_images/woman.png,woman.png,1.0,336,100.0,0.9,8,91.01307988166809,91.01307988166809,100.0,8.0
421,/home/jihoon/jihoon/RVCD/MAIN_CODES/DB_single_concept_images_flux_generated/generated_images/woman.png,woman.png,1.5,224,44.44444444444444,0.9,8,91.01307988166809,90.23056030273438,87.5,7.0
421,/home/jihoon/jihoon/RVCD/MAIN_CODES/DB_single_concept_images_flux_generated/generated_images/woman.png,woman.png,2.0,168,25.0,0.9,8,91.01307988166809,89.54390287399292,87.5,7.0
421,/home/jihoon/jihoon/RVCD/MAIN_CODES/DB_single_concept_images_flux_generated/generated_images/woman.png,woman.png,2.5,134,16.0,0.9,8,91.01307988166809,89.90147113800049,87.5,7.0
421,/home/jihoon/jihoon/RVCD/MAIN_CODES/DB_single_concept_images_flux_generated/generated_images/woman.png,woman.png,3.0,112,11.11111111111111,0.9,8,91.01307988166809,90.85676074028015,75.0,6.0
422,/home/jihoon/jihoon/RVCD/MAIN_CODES/DB_single_concept_images_flux_generated/generated_images/woodpecker.png,woodpecker.png,1.0,336,100.0,0.9,1,90.45248627662659,90.45248627662659,100.0,1.0
422,/home/jihoon/jihoon/RVCD/MAIN_CODES/DB_single_concept_images_flux_generated/generated_images/woodpecker.png,woodpecker.png,1.5,224,44.44444444444444,0.9,1,90.45248627662659,92.76209473609924,100.0,1.0
422,/home/jihoon/jihoon/RVCD/MAIN_CODES/DB_single_concept_images_flux_generated/generated_images/woodpecker.png,woodpecker.png,2.0,168,25.0,0.9,1,90.45248627662659,94.24725770950317,100.0,1.0
422,/home/jihoon/jihoon/RVCD/MAIN_CODES/DB_single_concept_images_flux_generated/generated_images/woodpecker.png,woodpecker.png,2.5,134,16.0,0.9,1,90.45248627662659,94.10485029220581,100.0,1.0
422,/home/jihoon/jihoon/RVCD/MAIN_CODES/DB_single_concept_images_flux_generated/generated_images/woodpecker.png,woodpecker.png,3.0,112,11.11111111111111,0.9,1,90.45248627662659,94.00629997253418,100.0,1.0
423,/home/jihoon/jihoon/RVCD/MAIN_CODES/DB_single_concept_images_flux_generated/generated_images/worker.png,worker.png,1.0,336,100.0,0.9,48,90.07819294929504,90.07819294929504,100.0,48.0
423,/home/jihoon/jihoon/RVCD/MAIN_CODES/DB_single_concept_images_flux_generated/generated_images/worker.png,worker.png,1.5,224,44.44444444444444,0.9,48,90.07819294929504,91.09807014465332,87.5,42.0
423,/home/jihoon/jihoon/RVCD/MAIN_CODES/DB_single_concept_images_flux_generated/generated_images/worker.png,worker.png,2.0,168,25.0,0.9,48,90.07819294929504,90.01514315605164,83.33333333333333,40.0
423,/home/jihoon/jihoon/RVCD/MAIN_CODES/DB_single_concept_images_flux_generated/generated_images/worker.png,worker.png,2.5,134,16.0,0.9,48,90.07819294929504,93.47009658813477,83.33333333333333,40.0
423,/home/jihoon/jihoon/RVCD/MAIN_CODES/DB_single_concept_images_flux_generated/generated_images/worker.png,worker.png,3.0,112,11.11111111111111,0.9,48,90.07819294929504,92.83877611160278,70.83333333333333,34.0
424,/home/jihoon/jihoon/RVCD/MAIN_CODES/DB_single_concept_images_flux_generated/generated_images/yacht.png,yacht.png,1.0,336,100.0,0.9,2,91.98692440986633,91.98692440986633,100.0,2.0
424,/home/jihoon/jihoon/RVCD/MAIN_CODES/DB_single_concept_images_flux_generated/generated_images/yacht.png,yacht.png,1.5,224,44.44444444444444,0.9,2,91.98692440986633,92.36888289451599,100.0,2.0
424,/home/jihoon/jihoon/RVCD/MAIN_CODES/DB_single_concept_images_flux_generated/generated_images/yacht.png,yacht.png,2.0,168,25.0,0.9,2,91.98692440986633,92.88300275802612,100.0,2.0
424,/home/jihoon/jihoon/RVCD/MAIN_CODES/DB_single_concept_images_flux_generated/generated_images/yacht.png,yacht.png,2.5,134,16.0,0.9,2,91.98692440986633,92.78571009635925,100.0,2.0
424,/home/jihoon/jihoon/RVCD/MAIN_CODES/DB_single_concept_images_flux_generated/generated_images/yacht.png,yacht.png,3.0,112,11.11111111111111,0.9,2,91.98692440986633,91.11634492874146,100.0,2.0
425,/home/jihoon/jihoon/RVCD/MAIN_CODES/DB_single_concept_images_flux_generated/generated_images/zebra.png,zebra.png,1.0,336,100.0,0.9,1,97.3146915435791,97.3146915435791,100.0,1.0
425,/home/jihoon/jihoon/RVCD/MAIN_CODES/DB_single_concept_images_flux_generated/generated_images/zebra.png,zebra.png,1.5,224,44.44444444444444,0.9,1,97.3146915435791,96.11670970916748,100.0,1.0
425,/home/jihoon/jihoon/RVCD/MAIN_CODES/DB_single_concept_images_flux_generated/generated_images/zebra.png,zebra.png,2.0,168,25.0,0.9,1,97.3146915435791,96.12947702407837,100.0,1.0
425,/home/jihoon/jihoon/RVCD/MAIN_CODES/DB_single_concept_images_flux_generated/generated_images/zebra.png,zebra.png,2.5,134,16.0,0.9,1,97.3146915435791,93.96334886550903,100.0,1.0
425,/home/jihoon/jihoon/RVCD/MAIN_CODES/DB_single_concept_images_flux_generated/generated_images/zebra.png,zebra.png,3.0,112,11.11111111111111,0.9,1,97.3146915435791,95.36609649658203,100.0,1.0
426,/home/jihoon/jihoon/RVCD/MAIN_CODES/DB_single_concept_images_flux_generated/generated_images/zebu.png,zebu.png,1.0,336,100.0,0.9,2,90.84106683731079,90.84106683731079,100.0,2.0
426,/home/jihoon/jihoon/RVCD/MAIN_CODES/DB_single_concept_images_flux_generated/generated_images/zebu.png,zebu.png,1.5,224,44.44444444444444,0.9,2,90.84106683731079,86.39063835144043,100.0,2.0
426,/home/jihoon/jihoon/RVCD/MAIN_CODES/DB_single_concept_images_flux_generated/generated_images/zebu.png,zebu.png,2.0,168,25.0,0.9,2,90.84106683731079,90.48938751220703,100.0,2.0
426,/home/jihoon/jihoon/RVCD/MAIN_CODES/DB_single_concept_images_flux_generated/generated_images/zebu.png,zebu.png,2.5,134,16.0,0.9,2,90.84106683731079,86.8297278881073,100.0,2.0
426,/home/jihoon/jihoon/RVCD/MAIN_CODES/DB_single_concept_images_flux_generated/generated_images/zebu.png,zebu.png,3.0,112,11.11111111111111,0.9,2,90.84106683731079,87.43211030960083,100.0,2.0
