Using pip 25.3 from /venv/RVCD/lib/python3.9/site-packages/pip (python 3.9)
Obtaining file:///root/RVCD/MAIN_CODES/decoder_zoo/GroundingDINO
  Checking if build backend supports build_editable: started
  Running command Checking if build backend supports build_editable
  Checking if build backend supports build_editable: finished with status 'done'
  Preparing editable metadata (pyproject.toml): started
  Running command Preparing editable metadata (pyproject.toml)
  /venv/RVCD/lib/python3.9/site-packages/torch/utils/cpp_extension.py:25: UserWarning: pkg_resources is deprecated as an API. See https://setuptools.pypa.io/en/latest/pkg_resources.html. The pkg_resources package is slated for removal as early as 2025-11-30. Refrain from using this package or pin to Setuptools<81.
    from pkg_resources import packaging  # type: ignore[attr-defined]
  Building wheel groundingdino-0.1.0
  Compiling with CUDA
  running dist_info
  creating /tmp/pip-modern-metadata-6km414uf/groundingdino.egg-info
  writing /tmp/pip-modern-metadata-6km414uf/groundingdino.egg-info/PKG-INFO
  writing dependency_links to /tmp/pip-modern-metadata-6km414uf/groundingdino.egg-info/dependency_links.txt
  writing requirements to /tmp/pip-modern-metadata-6km414uf/groundingdino.egg-info/requires.txt
  writing top-level names to /tmp/pip-modern-metadata-6km414uf/groundingdino.egg-info/top_level.txt
  writing manifest file '/tmp/pip-modern-metadata-6km414uf/groundingdino.egg-info/SOURCES.txt'
  reading manifest file '/tmp/pip-modern-metadata-6km414uf/groundingdino.egg-info/SOURCES.txt'
  adding license file 'LICENSE'
  writing manifest file '/tmp/pip-modern-metadata-6km414uf/groundingdino.egg-info/SOURCES.txt'
  creating '/tmp/pip-modern-metadata-6km414uf/groundingdino-0.1.0.dist-info'
  Preparing editable metadata (pyproject.toml): finished with status 'done'
Requirement already satisfied: torch in /venv/RVCD/lib/python3.9/site-packages (from groundingdino==0.1.0) (2.0.0+cu118)
Requirement already satisfied: torchvision in /venv/RVCD/lib/python3.9/site-packages (from groundingdino==0.1.0) (0.15.1+cu118)
Requirement already satisfied: transformers in /venv/RVCD/lib/python3.9/site-packages (from groundingdino==0.1.0) (4.36.2)
Requirement already satisfied: addict in /venv/RVCD/lib/python3.9/site-packages (from groundingdino==0.1.0) (2.4.0)
Requirement already satisfied: yapf in /venv/RVCD/lib/python3.9/site-packages (from groundingdino==0.1.0) (0.43.0)
Requirement already satisfied: timm in /venv/RVCD/lib/python3.9/site-packages (from groundingdino==0.1.0) (0.6.13)
Requirement already satisfied: numpy in /venv/RVCD/lib/python3.9/site-packages (from groundingdino==0.1.0) (1.26.4)
Requirement already satisfied: opencv-python in /venv/RVCD/lib/python3.9/site-packages (from groundingdino==0.1.0) (4.7.0.72)
Collecting supervision==0.6.0 (from groundingdino==0.1.0)
  Obtaining dependency information for supervision==0.6.0 from https://files.pythonhosted.org/packages/42/7a/4fe657cae29eedeca34756a80a053ac3b1b3c80462cdb6768f428625f9ca/supervision-0.6.0-py3-none-any.whl.metadata
  Downloading supervision-0.6.0-py3-none-any.whl.metadata (6.2 kB)
Requirement already satisfied: pycocotools in /venv/RVCD/lib/python3.9/site-packages (from groundingdino==0.1.0) (2.0.11)
Requirement already satisfied: matplotlib in /venv/RVCD/lib/python3.9/site-packages (from supervision==0.6.0->groundingdino==0.1.0) (3.7.0)
Requirement already satisfied: contourpy>=1.0.1 in /venv/RVCD/lib/python3.9/site-packages (from matplotlib->supervision==0.6.0->groundingdino==0.1.0) (1.3.0)
Requirement already satisfied: cycler>=0.10 in /venv/RVCD/lib/python3.9/site-packages (from matplotlib->supervision==0.6.0->groundingdino==0.1.0) (0.12.1)
Requirement already satisfied: fonttools>=4.22.0 in /venv/RVCD/lib/python3.9/site-packages (from matplotlib->supervision==0.6.0->groundingdino==0.1.0) (4.60.2)
Requirement already satisfied: kiwisolver>=1.0.1 in /venv/RVCD/lib/python3.9/site-packages (from matplotlib->supervision==0.6.0->groundingdino==0.1.0) (1.4.7)
Requirement already satisfied: packaging>=20.0 in /venv/RVCD/lib/python3.9/site-packages (from matplotlib->supervision==0.6.0->groundingdino==0.1.0) (26.2)
Requirement already satisfied: pillow>=6.2.0 in /venv/RVCD/lib/python3.9/site-packages (from matplotlib->supervision==0.6.0->groundingdino==0.1.0) (10.4.0)
Requirement already satisfied: pyparsing>=2.3.1 in /venv/RVCD/lib/python3.9/site-packages (from matplotlib->supervision==0.6.0->groundingdino==0.1.0) (3.3.2)
Requirement already satisfied: python-dateutil>=2.7 in /venv/RVCD/lib/python3.9/site-packages (from matplotlib->supervision==0.6.0->groundingdino==0.1.0) (2.9.0.post0)
Requirement already satisfied: importlib-resources>=3.2.0 in /venv/RVCD/lib/python3.9/site-packages (from matplotlib->supervision==0.6.0->groundingdino==0.1.0) (6.5.2)
Requirement already satisfied: zipp>=3.1.0 in /venv/RVCD/lib/python3.9/site-packages (from importlib-resources>=3.2.0->matplotlib->supervision==0.6.0->groundingdino==0.1.0) (3.23.1)
Requirement already satisfied: six>=1.5 in /venv/RVCD/lib/python3.9/site-packages (from python-dateutil>=2.7->matplotlib->supervision==0.6.0->groundingdino==0.1.0) (1.17.0)
Requirement already satisfied: pyyaml in /venv/RVCD/lib/python3.9/site-packages (from timm->groundingdino==0.1.0) (6.0.2)
Requirement already satisfied: huggingface-hub in /venv/RVCD/lib/python3.9/site-packages (from timm->groundingdino==0.1.0) (0.20.2)
Requirement already satisfied: filelock in /venv/RVCD/lib/python3.9/site-packages (from torch->groundingdino==0.1.0) (3.19.1)
Requirement already satisfied: typing-extensions in /venv/RVCD/lib/python3.9/site-packages (from torch->groundingdino==0.1.0) (4.15.0)
Requirement already satisfied: sympy in /venv/RVCD/lib/python3.9/site-packages (from torch->groundingdino==0.1.0) (1.14.0)
Requirement already satisfied: networkx in /venv/RVCD/lib/python3.9/site-packages (from torch->groundingdino==0.1.0) (3.2.1)
Requirement already satisfied: jinja2 in /venv/RVCD/lib/python3.9/site-packages (from torch->groundingdino==0.1.0) (3.1.6)
Requirement already satisfied: triton==2.0.0 in /venv/RVCD/lib/python3.9/site-packages (from torch->groundingdino==0.1.0) (2.0.0)
Requirement already satisfied: cmake in /venv/RVCD/lib/python3.9/site-packages (from triton==2.0.0->torch->groundingdino==0.1.0) (3.25.0)
Requirement already satisfied: lit in /venv/RVCD/lib/python3.9/site-packages (from triton==2.0.0->torch->groundingdino==0.1.0) (15.0.7)
Requirement already satisfied: fsspec>=2023.5.0 in /venv/RVCD/lib/python3.9/site-packages (from huggingface-hub->timm->groundingdino==0.1.0) (2025.10.0)
Requirement already satisfied: requests in /venv/RVCD/lib/python3.9/site-packages (from huggingface-hub->timm->groundingdino==0.1.0) (2.28.1)
Requirement already satisfied: tqdm>=4.42.1 in /venv/RVCD/lib/python3.9/site-packages (from huggingface-hub->timm->groundingdino==0.1.0) (4.64.1)
Requirement already satisfied: MarkupSafe>=2.0 in /venv/RVCD/lib/python3.9/site-packages (from jinja2->torch->groundingdino==0.1.0) (2.1.5)
Requirement already satisfied: charset-normalizer<3,>=2 in /venv/RVCD/lib/python3.9/site-packages (from requests->huggingface-hub->timm->groundingdino==0.1.0) (2.1.1)
Requirement already satisfied: idna<4,>=2.5 in /venv/RVCD/lib/python3.9/site-packages (from requests->huggingface-hub->timm->groundingdino==0.1.0) (3.4)
Requirement already satisfied: urllib3<1.27,>=1.21.1 in /venv/RVCD/lib/python3.9/site-packages (from requests->huggingface-hub->timm->groundingdino==0.1.0) (1.26.13)
Requirement already satisfied: certifi>=2017.4.17 in /venv/RVCD/lib/python3.9/site-packages (from requests->huggingface-hub->timm->groundingdino==0.1.0) (2025.8.3)
Requirement already satisfied: mpmath<1.4,>=1.1.0 in /venv/RVCD/lib/python3.9/site-packages (from sympy->torch->groundingdino==0.1.0) (1.3.0)
Requirement already satisfied: regex!=2019.12.17 in /venv/RVCD/lib/python3.9/site-packages (from transformers->groundingdino==0.1.0) (2022.10.31)
Requirement already satisfied: tokenizers<0.19,>=0.14 in /venv/RVCD/lib/python3.9/site-packages (from transformers->groundingdino==0.1.0) (0.15.0)
Requirement already satisfied: safetensors>=0.3.1 in /venv/RVCD/lib/python3.9/site-packages (from transformers->groundingdino==0.1.0) (0.7.0)
Requirement already satisfied: platformdirs>=3.5.1 in /venv/RVCD/lib/python3.9/site-packages (from yapf->groundingdino==0.1.0) (4.4.0)
Requirement already satisfied: tomli>=2.0.1 in /venv/RVCD/lib/python3.9/site-packages (from yapf->groundingdino==0.1.0) (2.4.1)
Downloading supervision-0.6.0-py3-none-any.whl (31 kB)
Building wheels for collected packages: groundingdino
  Building editable for groundingdino (pyproject.toml): started
  Running command Building editable for groundingdino (pyproject.toml)
  /venv/RVCD/lib/python3.9/site-packages/torch/utils/cpp_extension.py:25: UserWarning: pkg_resources is deprecated as an API. See https://setuptools.pypa.io/en/latest/pkg_resources.html. The pkg_resources package is slated for removal as early as 2025-11-30. Refrain from using this package or pin to Setuptools<81.
    from pkg_resources import packaging  # type: ignore[attr-defined]
  Building wheel groundingdino-0.1.0
  Compiling with CUDA
  running editable_wheel
  creating /tmp/pip-ephem-wheel-cache-yjsf1a2s/wheels/63/14/c2/cd317ae4d4e3199dce3bd47a4bfad7e3f84933fbdba01c2597/tmpl9dyx4gw/.tmp-ayibmca8/groundingdino.egg-info
  writing /tmp/pip-ephem-wheel-cache-yjsf1a2s/wheels/63/14/c2/cd317ae4d4e3199dce3bd47a4bfad7e3f84933fbdba01c2597/tmpl9dyx4gw/.tmp-ayibmca8/groundingdino.egg-info/PKG-INFO
  writing dependency_links to /tmp/pip-ephem-wheel-cache-yjsf1a2s/wheels/63/14/c2/cd317ae4d4e3199dce3bd47a4bfad7e3f84933fbdba01c2597/tmpl9dyx4gw/.tmp-ayibmca8/groundingdino.egg-info/dependency_links.txt
  writing requirements to /tmp/pip-ephem-wheel-cache-yjsf1a2s/wheels/63/14/c2/cd317ae4d4e3199dce3bd47a4bfad7e3f84933fbdba01c2597/tmpl9dyx4gw/.tmp-ayibmca8/groundingdino.egg-info/requires.txt
  writing top-level names to /tmp/pip-ephem-wheel-cache-yjsf1a2s/wheels/63/14/c2/cd317ae4d4e3199dce3bd47a4bfad7e3f84933fbdba01c2597/tmpl9dyx4gw/.tmp-ayibmca8/groundingdino.egg-info/top_level.txt
  writing manifest file '/tmp/pip-ephem-wheel-cache-yjsf1a2s/wheels/63/14/c2/cd317ae4d4e3199dce3bd47a4bfad7e3f84933fbdba01c2597/tmpl9dyx4gw/.tmp-ayibmca8/groundingdino.egg-info/SOURCES.txt'
  reading manifest file '/tmp/pip-ephem-wheel-cache-yjsf1a2s/wheels/63/14/c2/cd317ae4d4e3199dce3bd47a4bfad7e3f84933fbdba01c2597/tmpl9dyx4gw/.tmp-ayibmca8/groundingdino.egg-info/SOURCES.txt'
  adding license file 'LICENSE'
  writing manifest file '/tmp/pip-ephem-wheel-cache-yjsf1a2s/wheels/63/14/c2/cd317ae4d4e3199dce3bd47a4bfad7e3f84933fbdba01c2597/tmpl9dyx4gw/.tmp-ayibmca8/groundingdino.egg-info/SOURCES.txt'
  creating '/tmp/pip-ephem-wheel-cache-yjsf1a2s/wheels/63/14/c2/cd317ae4d4e3199dce3bd47a4bfad7e3f84933fbdba01c2597/tmpl9dyx4gw/.tmp-ayibmca8/groundingdino-0.1.0.dist-info'
  creating /tmp/pip-ephem-wheel-cache-yjsf1a2s/wheels/63/14/c2/cd317ae4d4e3199dce3bd47a4bfad7e3f84933fbdba01c2597/tmpl9dyx4gw/.tmp-ayibmca8/groundingdino-0.1.0.dist-info/WHEEL
  running build_py
  running build_ext
  /venv/RVCD/lib/python3.9/site-packages/torch/utils/cpp_extension.py:398: UserWarning: There are no /venv/RVCD/bin/x86_64-conda-linux-gnu-g++ version bounds defined for CUDA version 11.8
    warnings.warn(f'There are no {compiler_name} version bounds defined for CUDA version {cuda_str_version}')
  building 'groundingdino._C' extension
  creating /tmp/tmpuufviwyr.build-temp/root/RVCD/MAIN_CODES/decoder_zoo/GroundingDINO/groundingdino/models/GroundingDINO/csrc/MsDeformAttn
  Emitting ninja build file /tmp/tmpuufviwyr.build-temp/build.ninja...
  Compiling objects...
  Using envvar MAX_JOBS (1) as the number of workers...
  [1/4] /venv/RVCD/bin/x86_64-conda-linux-gnu-g++ -MMD -MF /tmp/tmpuufviwyr.build-temp/root/RVCD/MAIN_CODES/decoder_zoo/GroundingDINO/groundingdino/models/GroundingDINO/csrc/MsDeformAttn/ms_deform_attn_cpu.o.d -Wno-unused-result -Wsign-compare -DNDEBUG -fwrapv -O2 -Wall -fPIC -O2 -isystem /venv/RVCD/include -fPIC -O2 -isystem /venv/RVCD/include -fPIC -DWITH_CUDA -I/root/RVCD/MAIN_CODES/decoder_zoo/GroundingDINO/groundingdino/models/GroundingDINO/csrc -I/venv/RVCD/lib/python3.9/site-packages/torch/include -I/venv/RVCD/lib/python3.9/site-packages/torch/include/torch/csrc/api/include -I/venv/RVCD/lib/python3.9/site-packages/torch/include/TH -I/venv/RVCD/lib/python3.9/site-packages/torch/include/THC -I/venv/RVCD/include -I/venv/RVCD/include/python3.9 -c -c /root/RVCD/MAIN_CODES/decoder_zoo/GroundingDINO/groundingdino/models/GroundingDINO/csrc/MsDeformAttn/ms_deform_attn_cpu.cpp -o /tmp/tmpuufviwyr.build-temp/root/RVCD/MAIN_CODES/decoder_zoo/GroundingDINO/groundingdino/models/GroundingDINO/csrc/MsDeformAttn/ms_deform_attn_cpu.o -DTORCH_API_INCLUDE_EXTENSION_H '-DPYBIND11_COMPILER_TYPE="_gcc"' '-DPYBIND11_STDLIB="_libstdcpp"' '-DPYBIND11_BUILD_ABI="_cxxabi1011"' -DTORCH_EXTENSION_NAME=_C -D_GLIBCXX_USE_CXX11_ABI=0 -std=c++17
  [2/4] /venv/RVCD/bin/nvcc  -DWITH_CUDA -I/root/RVCD/MAIN_CODES/decoder_zoo/GroundingDINO/groundingdino/models/GroundingDINO/csrc -I/venv/RVCD/lib/python3.9/site-packages/torch/include -I/venv/RVCD/lib/python3.9/site-packages/torch/include/torch/csrc/api/include -I/venv/RVCD/lib/python3.9/site-packages/torch/include/TH -I/venv/RVCD/lib/python3.9/site-packages/torch/include/THC -I/venv/RVCD/include -I/venv/RVCD/include/python3.9 -c -c /root/RVCD/MAIN_CODES/decoder_zoo/GroundingDINO/groundingdino/models/GroundingDINO/csrc/MsDeformAttn/ms_deform_attn_cuda.cu -o /tmp/tmpuufviwyr.build-temp/root/RVCD/MAIN_CODES/decoder_zoo/GroundingDINO/groundingdino/models/GroundingDINO/csrc/MsDeformAttn/ms_deform_attn_cuda.o -D__CUDA_NO_HALF_OPERATORS__ -D__CUDA_NO_HALF_CONVERSIONS__ -D__CUDA_NO_BFLOAT16_CONVERSIONS__ -D__CUDA_NO_HALF2_OPERATORS__ --expt-relaxed-constexpr --compiler-options ''"'"'-fPIC'"'"'' -DCUDA_HAS_FP16=1 -D__CUDA_NO_HALF_OPERATORS__ -D__CUDA_NO_HALF_CONVERSIONS__ -D__CUDA_NO_HALF2_OPERATORS__ -DTORCH_API_INCLUDE_EXTENSION_H '-DPYBIND11_COMPILER_TYPE="_gcc"' '-DPYBIND11_STDLIB="_libstdcpp"' '-DPYBIND11_BUILD_ABI="_cxxabi1011"' -DTORCH_EXTENSION_NAME=_C -D_GLIBCXX_USE_CXX11_ABI=0 -gencode=arch=compute_80,code=sm_80 -ccbin /venv/RVCD/bin/x86_64-conda-linux-gnu-gcc -std=c++17
  /venv/RVCD/lib/python3.9/site-packages/torch/include/c10/util/irange.h(54): warning #186-D: pointless comparison of unsigned integer with zero
            detected during:
              instantiation of "__nv_bool c10::detail::integer_iterator<I, one_sided, <unnamed>>::operator==(const c10::detail::integer_iterator<I, one_sided, <unnamed>> &) const [with I=size_t, one_sided=false, <unnamed>=0]"
  (61): here
              instantiation of "__nv_bool c10::detail::integer_iterator<I, one_sided, <unnamed>>::operator!=(const c10::detail::integer_iterator<I, one_sided, <unnamed>> &) const [with I=size_t, one_sided=false, <unnamed>=0]"
  /venv/RVCD/lib/python3.9/site-packages/torch/include/c10/core/TensorImpl.h(77): here

  /venv/RVCD/lib/python3.9/site-packages/torch/include/c10/util/irange.h(54): warning #186-D: pointless comparison of unsigned integer with zero
            detected during:
              instantiation of "__nv_bool c10::detail::integer_iterator<I, one_sided, <unnamed>>::operator==(const c10::detail::integer_iterator<I, one_sided, <unnamed>> &) const [with I=std::size_t, one_sided=true, <unnamed>=0]"
  (61): here
              instantiation of "__nv_bool c10::detail::integer_iterator<I, one_sided, <unnamed>>::operator!=(const c10::detail::integer_iterator<I, one_sided, <unnamed>> &) const [with I=std::size_t, one_sided=true, <unnamed>=0]"
  /venv/RVCD/lib/python3.9/site-packages/torch/include/ATen/core/qualified_name.h(73): here

  /root/RVCD/MAIN_CODES/decoder_zoo/GroundingDINO/groundingdino/models/GroundingDINO/csrc/MsDeformAttn/ms_deform_im2col_cuda.cuh(261): warning #177-D: variable "q_col" was declared but never referenced
            detected during instantiation of "void ms_deformable_im2col_cuda(cudaStream_t, const scalar_t *, const int64_t *, const int64_t *, const scalar_t *, const scalar_t *, int, int, int, int, int, int, int, scalar_t *) [with scalar_t=double]"
  /root/RVCD/MAIN_CODES/decoder_zoo/GroundingDINO/groundingdino/models/GroundingDINO/csrc/MsDeformAttn/ms_deform_attn_cuda.cu(65): here

  /root/RVCD/MAIN_CODES/decoder_zoo/GroundingDINO/groundingdino/models/GroundingDINO/csrc/MsDeformAttn/ms_deform_im2col_cuda.cuh(762): warning #177-D: variable "q_col" was declared but never referenced
            detected during instantiation of "void ms_deformable_col2im_cuda(cudaStream_t, const scalar_t *, const scalar_t *, const int64_t *, const int64_t *, const scalar_t *, const scalar_t *, int, int, int, int, int, int, int, scalar_t *, scalar_t *, scalar_t *) [with scalar_t=double]"
  /root/RVCD/MAIN_CODES/decoder_zoo/GroundingDINO/groundingdino/models/GroundingDINO/csrc/MsDeformAttn/ms_deform_attn_cuda.cu(135): here

  /root/RVCD/MAIN_CODES/decoder_zoo/GroundingDINO/groundingdino/models/GroundingDINO/csrc/MsDeformAttn/ms_deform_im2col_cuda.cuh(872): warning #177-D: variable "q_col" was declared but never referenced
            detected during instantiation of "void ms_deformable_col2im_cuda(cudaStream_t, const scalar_t *, const scalar_t *, const int64_t *, const int64_t *, const scalar_t *, const scalar_t *, int, int, int, int, int, int, int, scalar_t *, scalar_t *, scalar_t *) [with scalar_t=double]"
  /root/RVCD/MAIN_CODES/decoder_zoo/GroundingDINO/groundingdino/models/GroundingDINO/csrc/MsDeformAttn/ms_deform_attn_cuda.cu(135): here

  /root/RVCD/MAIN_CODES/decoder_zoo/GroundingDINO/groundingdino/models/GroundingDINO/csrc/MsDeformAttn/ms_deform_im2col_cuda.cuh(331): warning #177-D: variable "q_col" was declared but never referenced
            detected during instantiation of "void ms_deformable_col2im_cuda(cudaStream_t, const scalar_t *, const scalar_t *, const int64_t *, const int64_t *, const scalar_t *, const scalar_t *, int, int, int, int, int, int, int, scalar_t *, scalar_t *, scalar_t *) [with scalar_t=double]"
  /root/RVCD/MAIN_CODES/decoder_zoo/GroundingDINO/groundingdino/models/GroundingDINO/csrc/MsDeformAttn/ms_deform_attn_cuda.cu(135): here

  /root/RVCD/MAIN_CODES/decoder_zoo/GroundingDINO/groundingdino/models/GroundingDINO/csrc/MsDeformAttn/ms_deform_im2col_cuda.cuh(436): warning #177-D: variable "q_col" was declared but never referenced
            detected during instantiation of "void ms_deformable_col2im_cuda(cudaStream_t, const scalar_t *, const scalar_t *, const int64_t *, const int64_t *, const scalar_t *, const scalar_t *, int, int, int, int, int, int, int, scalar_t *, scalar_t *, scalar_t *) [with scalar_t=double]"
  /root/RVCD/MAIN_CODES/decoder_zoo/GroundingDINO/groundingdino/models/GroundingDINO/csrc/MsDeformAttn/ms_deform_attn_cuda.cu(135): here

  /root/RVCD/MAIN_CODES/decoder_zoo/GroundingDINO/groundingdino/models/GroundingDINO/csrc/MsDeformAttn/ms_deform_im2col_cuda.cuh(544): warning #177-D: variable "q_col" was declared but never referenced
            detected during instantiation of "void ms_deformable_col2im_cuda(cudaStream_t, const scalar_t *, const scalar_t *, const int64_t *, const int64_t *, const scalar_t *, const scalar_t *, int, int, int, int, int, int, int, scalar_t *, scalar_t *, scalar_t *) [with scalar_t=double]"
  /root/RVCD/MAIN_CODES/decoder_zoo/GroundingDINO/groundingdino/models/GroundingDINO/csrc/MsDeformAttn/ms_deform_attn_cuda.cu(135): here

  /root/RVCD/MAIN_CODES/decoder_zoo/GroundingDINO/groundingdino/models/GroundingDINO/csrc/MsDeformAttn/ms_deform_im2col_cuda.cuh(649): warning #177-D: variable "q_col" was declared but never referenced
            detected during instantiation of "void ms_deformable_col2im_cuda(cudaStream_t, const scalar_t *, const scalar_t *, const int64_t *, const int64_t *, const scalar_t *, const scalar_t *, int, int, int, int, int, int, int, scalar_t *, scalar_t *, scalar_t *) [with scalar_t=double]"
  /root/RVCD/MAIN_CODES/decoder_zoo/GroundingDINO/groundingdino/models/GroundingDINO/csrc/MsDeformAttn/ms_deform_attn_cuda.cu(135): here

  /root/RVCD/MAIN_CODES/decoder_zoo/GroundingDINO/groundingdino/models/GroundingDINO/csrc/MsDeformAttn/ms_deform_attn_cuda.cu: In function 'at::Tensor groundingdino::ms_deform_attn_cuda_forward(const at::Tensor&, const at::Tensor&, const at::Tensor&, const at::Tensor&, const at::Tensor&, int)':
  /root/RVCD/MAIN_CODES/decoder_zoo/GroundingDINO/groundingdino/models/GroundingDINO/csrc/MsDeformAttn/ms_deform_attn_cuda.cu:35:61: warning: 'at::DeprecatedTypeProperties& at::Tensor::type() const' is deprecated: Tensor.type() is deprecated. Instead use Tensor.options(), which in many cases (e.g. in a constructor) is a drop-in replacement. If you were using data from type(), that is now available from Tensor itself, so instead of tensor.type().scalar_type(), use tensor.scalar_type() instead and instead of tensor.type().backend() use tensor.device(). [-Wdeprecated-declarations]
     35 |     AT_ASSERTM(value.type().is_cuda(), "value must be a CUDA tensor");
        |                                                   ~~~~~~~~~~^~
  /venv/RVCD/lib/python3.9/site-packages/torch/include/ATen/core/TensorBody.h:222:1: note: declared here
    222 |   DeprecatedTypeProperties & type() const {
        | ^ ~~
  /root/RVCD/MAIN_CODES/decoder_zoo/GroundingDINO/groundingdino/models/GroundingDINO/csrc/MsDeformAttn/ms_deform_attn_cuda.cu:36:70: warning: 'at::DeprecatedTypeProperties& at::Tensor::type() const' is deprecated: Tensor.type() is deprecated. Instead use Tensor.options(), which in many cases (e.g. in a constructor) is a drop-in replacement. If you were using data from type(), that is now available from Tensor itself, so instead of tensor.type().scalar_type(), use tensor.scalar_type() instead and instead of tensor.type().backend() use tensor.device(). [-Wdeprecated-declarations]
     36 |     AT_ASSERTM(spatial_shapes.type().is_cuda(), "spatial_shapes must be a CUDA tensor");
        |                                                   ~~~~~~~~~~~~~~~~~~~^~
  /venv/RVCD/lib/python3.9/site-packages/torch/include/ATen/core/TensorBody.h:222:1: note: declared here
    222 |   DeprecatedTypeProperties & type() const {
        | ^ ~~
  /root/RVCD/MAIN_CODES/decoder_zoo/GroundingDINO/groundingdino/models/GroundingDINO/csrc/MsDeformAttn/ms_deform_attn_cuda.cu:37:73: warning: 'at::DeprecatedTypeProperties& at::Tensor::type() const' is deprecated: Tensor.type() is deprecated. Instead use Tensor.options(), which in many cases (e.g. in a constructor) is a drop-in replacement. If you were using data from type(), that is now available from Tensor itself, so instead of tensor.type().scalar_type(), use tensor.scalar_type() instead and instead of tensor.type().backend() use tensor.device(). [-Wdeprecated-declarations]
     37 |     AT_ASSERTM(level_start_index.type().is_cuda(), "level_start_index must be a CUDA tensor");
        |                                                   ~~~~~~~~~~~~~~~~~~~~~~^~
  /venv/RVCD/lib/python3.9/site-packages/torch/include/ATen/core/TensorBody.h:222:1: note: declared here
    222 |   DeprecatedTypeProperties & type() const {
        | ^ ~~
  /root/RVCD/MAIN_CODES/decoder_zoo/GroundingDINO/groundingdino/models/GroundingDINO/csrc/MsDeformAttn/ms_deform_attn_cuda.cu:38:68: warning: 'at::DeprecatedTypeProperties& at::Tensor::type() const' is deprecated: Tensor.type() is deprecated. Instead use Tensor.options(), which in many cases (e.g. in a constructor) is a drop-in replacement. If you were using data from type(), that is now available from Tensor itself, so instead of tensor.type().scalar_type(), use tensor.scalar_type() instead and instead of tensor.type().backend() use tensor.device(). [-Wdeprecated-declarations]
     38 |     AT_ASSERTM(sampling_loc.type().is_cuda(), "sampling_loc must be a CUDA tensor");
        |                                                   ~~~~~~~~~~~~~~~~~^~
  /venv/RVCD/lib/python3.9/site-packages/torch/include/ATen/core/TensorBody.h:222:1: note: declared here
    222 |   DeprecatedTypeProperties & type() const {
        | ^ ~~
  /root/RVCD/MAIN_CODES/decoder_zoo/GroundingDINO/groundingdino/models/GroundingDINO/csrc/MsDeformAttn/ms_deform_attn_cuda.cu:39:67: warning: 'at::DeprecatedTypeProperties& at::Tensor::type() const' is deprecated: Tensor.type() is deprecated. Instead use Tensor.options(), which in many cases (e.g. in a constructor) is a drop-in replacement. If you were using data from type(), that is now available from Tensor itself, so instead of tensor.type().scalar_type(), use tensor.scalar_type() instead and instead of tensor.type().backend() use tensor.device(). [-Wdeprecated-declarations]
     39 |     AT_ASSERTM(attn_weight.type().is_cuda(), "attn_weight must be a CUDA tensor");
        |                                                   ~~~~~~~~~~~~~~~~^~
  /venv/RVCD/lib/python3.9/site-packages/torch/include/ATen/core/TensorBody.h:222:1: note: declared here
    222 |   DeprecatedTypeProperties & type() const {
        | ^ ~~
  /root/RVCD/MAIN_CODES/decoder_zoo/GroundingDINO/groundingdino/models/GroundingDINO/csrc/MsDeformAttn/ms_deform_attn_cuda.cu: In lambda function:
  /root/RVCD/MAIN_CODES/decoder_zoo/GroundingDINO/groundingdino/models/GroundingDINO/csrc/MsDeformAttn/ms_deform_attn_cuda.cu:65:42: warning: 'at::DeprecatedTypeProperties& at::Tensor::type() const' is deprecated: Tensor.type() is deprecated. Instead use Tensor.options(), which in many cases (e.g. in a constructor) is a drop-in replacement. If you were using data from type(), that is now available from Tensor itself, so instead of tensor.type().scalar_type(), use tensor.scalar_type() instead and instead of tensor.type().backend() use tensor.device(). [-Wdeprecated-declarations]
     65 |         AT_DISPATCH_FLOATING_TYPES(value.type(), "ms_deform_attn_forward_cuda", ([&] {
        |                              ~~~~~~~~~~~~^~
  /venv/RVCD/lib/python3.9/site-packages/torch/include/ATen/core/TensorBody.h:222:1: note: declared here
    222 |   DeprecatedTypeProperties & type() const {
        | ^ ~~
  /root/RVCD/MAIN_CODES/decoder_zoo/GroundingDINO/groundingdino/models/GroundingDINO/csrc/MsDeformAttn/ms_deform_attn_cuda.cu:65:163: warning: 'c10::ScalarType detail::scalar_type(const at::DeprecatedTypeProperties&)' is deprecated: passing at::DeprecatedTypeProperties to an AT_DISPATCH macro is deprecated, pass an at::ScalarType instead [-Wdeprecated-declarations]
     65 |         AT_DISPATCH_FLOATING_TYPES(value.type(), "ms_deform_attn_forward_cuda", ([&] {
        |                                                                                                                                                                   ^
  /venv/RVCD/lib/python3.9/site-packages/torch/include/ATen/Dispatch.h:122:1: note: declared here
    122 | inline at::ScalarType scalar_type(const at::DeprecatedTypeProperties& t) {
        | ^~~~~~~~~~~
  /root/RVCD/MAIN_CODES/decoder_zoo/GroundingDINO/groundingdino/models/GroundingDINO/csrc/MsDeformAttn/ms_deform_attn_cuda.cu: In lambda function:
  /root/RVCD/MAIN_CODES/decoder_zoo/GroundingDINO/groundingdino/models/GroundingDINO/csrc/MsDeformAttn/ms_deform_attn_cuda.cu:65:1102: warning: 'T* at::Tensor::data() const [with T = double]' is deprecated: Tensor.data<T>() is deprecated. Please use Tensor.data_ptr<T>() instead. [-Wdeprecated-declarations]
     65 |         AT_DISPATCH_FLOATING_TYPES(value.type(), "ms_deform_attn_forward_cuda", ([&] {
        |                                                                                                                                                                                                                                                                                                                                                                                                                                                                                                                                                                                                                                                                                                                                                                                                                                                                                                                                                                                                                                                                                                                                              ^
  /venv/RVCD/lib/python3.9/site-packages/torch/include/ATen/core/TensorBody.h:244:1: note: declared here
    244 |   T * data() const {
        | ^ ~~
  /root/RVCD/MAIN_CODES/decoder_zoo/GroundingDINO/groundingdino/models/GroundingDINO/csrc/MsDeformAttn/ms_deform_attn_cuda.cu:65:1188: warning: 'T* at::Tensor::data() const [with T = long int]' is deprecated: Tensor.data<T>() is deprecated. Please use Tensor.data_ptr<T>() instead. [-Wdeprecated-declarations]
     65 |         AT_DISPATCH_FLOATING_TYPES(value.type(), "ms_deform_attn_forward_cuda", ([&] {
        |                                                                                                                                                                                                                                                                                                                                                                                                                                                                                                                                                                                                                                                                                                                                                                                                                                                                                                                                                                                                                                                                                                                                                                                                                                    ^
  /venv/RVCD/lib/python3.9/site-packages/torch/include/ATen/core/TensorBody.h:244:1: note: declared here
    244 |   T * data() const {
        | ^ ~~
  /root/RVCD/MAIN_CODES/decoder_zoo/GroundingDINO/groundingdino/models/GroundingDINO/csrc/MsDeformAttn/ms_deform_attn_cuda.cu:65:1231: warning: 'T* at::Tensor::data() const [with T = long int]' is deprecated: Tensor.data<T>() is deprecated. Please use Tensor.data_ptr<T>() instead. [-Wdeprecated-declarations]
     65 |         AT_DISPATCH_FLOATING_TYPES(value.type(), "ms_deform_attn_forward_cuda", ([&] {
        |                                                                                                                                                                                                                                                                                                                                                                                                                                                                                                                                                                                                                                                                                                                                                                                                                                                                                                                                                                                                                                                                                                                                                                                                                                                                               ^
  /venv/RVCD/lib/python3.9/site-packages/torch/include/ATen/core/TensorBody.h:244:1: note: declared here
    244 |   T * data() const {
        | ^ ~~
  /root/RVCD/MAIN_CODES/decoder_zoo/GroundingDINO/groundingdino/models/GroundingDINO/csrc/MsDeformAttn/ms_deform_attn_cuda.cu:65:1264: warning: 'T* at::Tensor::data() const [with T = double]' is deprecated: Tensor.data<T>() is deprecated. Please use Tensor.data_ptr<T>() instead. [-Wdeprecated-declarations]
     65 |         AT_DISPATCH_FLOATING_TYPES(value.type(), "ms_deform_attn_forward_cuda", ([&] {
        |                                                                                                                                                                                                                                                                                                                                                                                                                                                                                                                                                                                                                                                                                                                                                                                                                                                                                                                                                                                                                                                                                                                                                                                                                                                                                                                ^
  /venv/RVCD/lib/python3.9/site-packages/torch/include/ATen/core/TensorBody.h:244:1: note: declared here
    244 |   T * data() const {
        | ^ ~~
  /root/RVCD/MAIN_CODES/decoder_zoo/GroundingDINO/groundingdino/models/GroundingDINO/csrc/MsDeformAttn/ms_deform_attn_cuda.cu:65:1347: warning: 'T* at::Tensor::data() const [with T = double]' is deprecated: Tensor.data<T>() is deprecated. Please use Tensor.data_ptr<T>() instead. [-Wdeprecated-declarations]
     65 |         AT_DISPATCH_FLOATING_TYPES(value.type(), "ms_deform_attn_forward_cuda", ([&] {
        |                                                                                                                                                                                                                                                                                                                                                                                                                                                                                                                                                                                                                                                                                                                                                                                                                                                                                                                                                                                                                                                                                                                                                                                                                                                                                                                                                                                                   ^
  /venv/RVCD/lib/python3.9/site-packages/torch/include/ATen/core/TensorBody.h:244:1: note: declared here
    244 |   T * data() const {
        | ^ ~~
  /root/RVCD/MAIN_CODES/decoder_zoo/GroundingDINO/groundingdino/models/GroundingDINO/csrc/MsDeformAttn/ms_deform_attn_cuda.cu:65:1505: warning: 'T* at::Tensor::data() const [with T = double]' is deprecated: Tensor.data<T>() is deprecated. Please use Tensor.data_ptr<T>() instead. [-Wdeprecated-declarations]
     65 |         AT_DISPATCH_FLOATING_TYPES(value.type(), "ms_deform_attn_forward_cuda", ([&] {
        |                                                                                                                                                                                                                                                                                                                                                                                                                                                                                                                                                                                                                                                                                                                                                                                                                                                                                                                                                                                                                                                                                                                                                                                                                                                                                                                                                                                                                                                                                                                                                                 ^
  /venv/RVCD/lib/python3.9/site-packages/torch/include/ATen/core/TensorBody.h:244:1: note: declared here
    244 |   T * data() const {
        | ^ ~~
  /root/RVCD/MAIN_CODES/decoder_zoo/GroundingDINO/groundingdino/models/GroundingDINO/csrc/MsDeformAttn/ms_deform_attn_cuda.cu: In lambda function:
  /root/RVCD/MAIN_CODES/decoder_zoo/GroundingDINO/groundingdino/models/GroundingDINO/csrc/MsDeformAttn/ms_deform_attn_cuda.cu:65:2424: warning: 'T* at::Tensor::data() const [with T = float]' is deprecated: Tensor.data<T>() is deprecated. Please use Tensor.data_ptr<T>() instead. [-Wdeprecated-declarations]
     65 |         AT_DISPATCH_FLOATING_TYPES(value.type(), "ms_deform_attn_forward_cuda", ([&] {
        |                                                                                                                                                                                                                                                                                                                                                                                                                                                                                                                                                                                                                                                                                                                                                                                                                                                                                                                                                                                                                                                                                                                                                                                                                                                                                                                                                                                                                                                                                                                                                                                                                                                                                                                                                                                                                                                                                                                                                                                                                                                                                                                                                                                                                                                                                                                                                                                                                                                                                                                        ^
  /venv/RVCD/lib/python3.9/site-packages/torch/include/ATen/core/TensorBody.h:244:1: note: declared here
    244 |   T * data() const {
        | ^ ~~
  /root/RVCD/MAIN_CODES/decoder_zoo/GroundingDINO/groundingdino/models/GroundingDINO/csrc/MsDeformAttn/ms_deform_attn_cuda.cu:65:2510: warning: 'T* at::Tensor::data() const [with T = long int]' is deprecated: Tensor.data<T>() is deprecated. Please use Tensor.data_ptr<T>() instead. [-Wdeprecated-declarations]
     65 |         AT_DISPATCH_FLOATING_TYPES(value.type(), "ms_deform_attn_forward_cuda", ([&] {
        |                                                                                                                                                                                                                                                                                                                                                                                                                                                                                                                                                                                                                                                                                                                                                                                                                                                                                                                                                                                                                                                                                                                                                                                                                                                                                                                                                                                                                                                                                                                                                                                                                                                                                                                                                                                                                                                                                                                                                                                                                                                                                                                                                                                                                                                                                                                                                                                                                                                                                                                                                                                                              ^
  /venv/RVCD/lib/python3.9/site-packages/torch/include/ATen/core/TensorBody.h:244:1: note: declared here
    244 |   T * data() const {
        | ^ ~~
  /root/RVCD/MAIN_CODES/decoder_zoo/GroundingDINO/groundingdino/models/GroundingDINO/csrc/MsDeformAttn/ms_deform_attn_cuda.cu:65:2553: warning: 'T* at::Tensor::data() const [with T = long int]' is deprecated: Tensor.data<T>() is deprecated. Please use Tensor.data_ptr<T>() instead. [-Wdeprecated-declarations]
     65 |         AT_DISPATCH_FLOATING_TYPES(value.type(), "ms_deform_attn_forward_cuda", ([&] {
        |                                                                                                                                                                                                                                                                                                                                                                                                                                                                                                                                                                                                                                                                                                                                                                                                                                                                                                                                                                                                                                                                                                                                                                                                                                                                                                                                                                                                                                                                                                                                                                                                                                                                                                                                                                                                                                                                                                                                                                                                                                                                                                                                                                                                                                                                                                                                                                                                                                                                                                                                                                                                                                                         ^
  /venv/RVCD/lib/python3.9/site-packages/torch/include/ATen/core/TensorBody.h:244:1: note: declared here
    244 |   T * data() const {
        | ^ ~~
  /root/RVCD/MAIN_CODES/decoder_zoo/GroundingDINO/groundingdino/models/GroundingDINO/csrc/MsDeformAttn/ms_deform_attn_cuda.cu:65:2585: warning: 'T* at::Tensor::data() const [with T = float]' is deprecated: Tensor.data<T>() is deprecated. Please use Tensor.data_ptr<T>() instead. [-Wdeprecated-declarations]
     65 |         AT_DISPATCH_FLOATING_TYPES(value.type(), "ms_deform_attn_forward_cuda", ([&] {
        |                                                                                                                                                                                                                                                                                                                                                                                                                                                                                                                                                                                                                                                                                                                                                                                                                                                                                                                                                                                                                                                                                                                                                                                                                                                                                                                                                                                                                                                                                                                                                                                                                                                                                                                                                                                                                                                                                                                                                                                                                                                                                                                                                                                                                                                                                                                                                                                                                                                                                                                                                                                                                                                                                         ^
  /venv/RVCD/lib/python3.9/site-packages/torch/include/ATen/core/TensorBody.h:244:1: note: declared here
    244 |   T * data() const {
        | ^ ~~
  /root/RVCD/MAIN_CODES/decoder_zoo/GroundingDINO/groundingdino/models/GroundingDINO/csrc/MsDeformAttn/ms_deform_attn_cuda.cu:65:2667: warning: 'T* at::Tensor::data() const [with T = float]' is deprecated: Tensor.data<T>() is deprecated. Please use Tensor.data_ptr<T>() instead. [-Wdeprecated-declarations]
     65 |         AT_DISPATCH_FLOATING_TYPES(value.type(), "ms_deform_attn_forward_cuda", ([&] {
        |                                                                                                                                                                                                                                                                                                                                                                                                                                                                                                                                                                                                                                                                                                                                                                                                                                                                                                                                                                                                                                                                                                                                                                                                                                                                                                                                                                                                                                                                                                                                                                                                                                                                                                                                                                                                                                                                                                                                                                                                                                                                                                                                                                                                                                                                                                                                                                                                                                                                                                                                                                                                                                                                                                                                                                           ^
  /venv/RVCD/lib/python3.9/site-packages/torch/include/ATen/core/TensorBody.h:244:1: note: declared here
    244 |   T * data() const {
        | ^ ~~
  /root/RVCD/MAIN_CODES/decoder_zoo/GroundingDINO/groundingdino/models/GroundingDINO/csrc/MsDeformAttn/ms_deform_attn_cuda.cu:65:2824: warning: 'T* at::Tensor::data() const [with T = float]' is deprecated: Tensor.data<T>() is deprecated. Please use Tensor.data_ptr<T>() instead. [-Wdeprecated-declarations]
     65 |         AT_DISPATCH_FLOATING_TYPES(value.type(), "ms_deform_attn_forward_cuda", ([&] {
        |                                                                                                                                                                                                                                                                                                                                                                                                                                                                                                                                                                                                                                                                                                                                                                                                                                                                                                                                                                                                                                                                                                                                                                                                                                                                                                                                                                                                                                                                                                                                                                                                                                                                                                                                                                                                                                                                                                                                                                                                                                                                                                                                                                                                                                                                                                                                                                                                                                                                                                                                                                                                                                                                                                                                                                                                                                                                                                                                        ^
  /venv/RVCD/lib/python3.9/site-packages/torch/include/ATen/core/TensorBody.h:244:1: note: declared here
    244 |   T * data() const {
        | ^ ~~
  /root/RVCD/MAIN_CODES/decoder_zoo/GroundingDINO/groundingdino/models/GroundingDINO/csrc/MsDeformAttn/ms_deform_attn_cuda.cu: In function 'std::vector<at::Tensor> groundingdino::ms_deform_attn_cuda_backward(const at::Tensor&, const at::Tensor&, const at::Tensor&, const at::Tensor&, const at::Tensor&, const at::Tensor&, int)':
  /root/RVCD/MAIN_CODES/decoder_zoo/GroundingDINO/groundingdino/models/GroundingDINO/csrc/MsDeformAttn/ms_deform_attn_cuda.cu:101:61: warning: 'at::DeprecatedTypeProperties& at::Tensor::type() const' is deprecated: Tensor.type() is deprecated. Instead use Tensor.options(), which in many cases (e.g. in a constructor) is a drop-in replacement. If you were using data from type(), that is now available from Tensor itself, so instead of tensor.type().scalar_type(), use tensor.scalar_type() instead and instead of tensor.type().backend() use tensor.device(). [-Wdeprecated-declarations]
    101 |     AT_ASSERTM(value.type().is_cuda(), "value must be a CUDA tensor");
        |                                                   ~~~~~~~~~~^~
  /venv/RVCD/lib/python3.9/site-packages/torch/include/ATen/core/TensorBody.h:222:1: note: declared here
    222 |   DeprecatedTypeProperties & type() const {
        | ^ ~~
  /root/RVCD/MAIN_CODES/decoder_zoo/GroundingDINO/groundingdino/models/GroundingDINO/csrc/MsDeformAttn/ms_deform_attn_cuda.cu:102:70: warning: 'at::DeprecatedTypeProperties& at::Tensor::type() const' is deprecated: Tensor.type() is deprecated. Instead use Tensor.options(), which in many cases (e.g. in a constructor) is a drop-in replacement. If you were using data from type(), that is now available from Tensor itself, so instead of tensor.type().scalar_type(), use tensor.scalar_type() instead and instead of tensor.type().backend() use tensor.device(). [-Wdeprecated-declarations]
    102 |     AT_ASSERTM(spatial_shapes.type().is_cuda(), "spatial_shapes must be a CUDA tensor");
        |                                                   ~~~~~~~~~~~~~~~~~~~^~
  /venv/RVCD/lib/python3.9/site-packages/torch/include/ATen/core/TensorBody.h:222:1: note: declared here
    222 |   DeprecatedTypeProperties & type() const {
        | ^ ~~
  /root/RVCD/MAIN_CODES/decoder_zoo/GroundingDINO/groundingdino/models/GroundingDINO/csrc/MsDeformAttn/ms_deform_attn_cuda.cu:103:73: warning: 'at::DeprecatedTypeProperties& at::Tensor::type() const' is deprecated: Tensor.type() is deprecated. Instead use Tensor.options(), which in many cases (e.g. in a constructor) is a drop-in replacement. If you were using data from type(), that is now available from Tensor itself, so instead of tensor.type().scalar_type(), use tensor.scalar_type() instead and instead of tensor.type().backend() use tensor.device(). [-Wdeprecated-declarations]
    103 |     AT_ASSERTM(level_start_index.type().is_cuda(), "level_start_index must be a CUDA tensor");
        |                                                   ~~~~~~~~~~~~~~~~~~~~~~^~
  /venv/RVCD/lib/python3.9/site-packages/torch/include/ATen/core/TensorBody.h:222:1: note: declared here
    222 |   DeprecatedTypeProperties & type() const {
        | ^ ~~
  /root/RVCD/MAIN_CODES/decoder_zoo/GroundingDINO/groundingdino/models/GroundingDINO/csrc/MsDeformAttn/ms_deform_attn_cuda.cu:104:68: warning: 'at::DeprecatedTypeProperties& at::Tensor::type() const' is deprecated: Tensor.type() is deprecated. Instead use Tensor.options(), which in many cases (e.g. in a constructor) is a drop-in replacement. If you were using data from type(), that is now available from Tensor itself, so instead of tensor.type().scalar_type(), use tensor.scalar_type() instead and instead of tensor.type().backend() use tensor.device(). [-Wdeprecated-declarations]
    104 |     AT_ASSERTM(sampling_loc.type().is_cuda(), "sampling_loc must be a CUDA tensor");
        |                                                   ~~~~~~~~~~~~~~~~~^~
  /venv/RVCD/lib/python3.9/site-packages/torch/include/ATen/core/TensorBody.h:222:1: note: declared here
    222 |   DeprecatedTypeProperties & type() const {
        | ^ ~~
  /root/RVCD/MAIN_CODES/decoder_zoo/GroundingDINO/groundingdino/models/GroundingDINO/csrc/MsDeformAttn/ms_deform_attn_cuda.cu:105:67: warning: 'at::DeprecatedTypeProperties& at::Tensor::type() const' is deprecated: Tensor.type() is deprecated. Instead use Tensor.options(), which in many cases (e.g. in a constructor) is a drop-in replacement. If you were using data from type(), that is now available from Tensor itself, so instead of tensor.type().scalar_type(), use tensor.scalar_type() instead and instead of tensor.type().backend() use tensor.device(). [-Wdeprecated-declarations]
    105 |     AT_ASSERTM(attn_weight.type().is_cuda(), "attn_weight must be a CUDA tensor");
        |                                                   ~~~~~~~~~~~~~~~~^~
  /venv/RVCD/lib/python3.9/site-packages/torch/include/ATen/core/TensorBody.h:222:1: note: declared here
    222 |   DeprecatedTypeProperties & type() const {
        | ^ ~~
  /root/RVCD/MAIN_CODES/decoder_zoo/GroundingDINO/groundingdino/models/GroundingDINO/csrc/MsDeformAttn/ms_deform_attn_cuda.cu:106:67: warning: 'at::DeprecatedTypeProperties& at::Tensor::type() const' is deprecated: Tensor.type() is deprecated. Instead use Tensor.options(), which in many cases (e.g. in a constructor) is a drop-in replacement. If you were using data from type(), that is now available from Tensor itself, so instead of tensor.type().scalar_type(), use tensor.scalar_type() instead and instead of tensor.type().backend() use tensor.device(). [-Wdeprecated-declarations]
    106 |     AT_ASSERTM(grad_output.type().is_cuda(), "grad_output must be a CUDA tensor");
        |                                                   ~~~~~~~~~~~~~~~~^~
  /venv/RVCD/lib/python3.9/site-packages/torch/include/ATen/core/TensorBody.h:222:1: note: declared here
    222 |   DeprecatedTypeProperties & type() const {
        | ^ ~~
  /root/RVCD/MAIN_CODES/decoder_zoo/GroundingDINO/groundingdino/models/GroundingDINO/csrc/MsDeformAttn/ms_deform_attn_cuda.cu: In lambda function:
  /root/RVCD/MAIN_CODES/decoder_zoo/GroundingDINO/groundingdino/models/GroundingDINO/csrc/MsDeformAttn/ms_deform_attn_cuda.cu:135:42: warning: 'at::DeprecatedTypeProperties& at::Tensor::type() const' is deprecated: Tensor.type() is deprecated. Instead use Tensor.options(), which in many cases (e.g. in a constructor) is a drop-in replacement. If you were using data from type(), that is now available from Tensor itself, so instead of tensor.type().scalar_type(), use tensor.scalar_type() instead and instead of tensor.type().backend() use tensor.device(). [-Wdeprecated-declarations]
    135 |         AT_DISPATCH_FLOATING_TYPES(value.type(), "ms_deform_attn_backward_cuda", ([&] {
        |                              ~~~~~~~~~~~~^~
  /venv/RVCD/lib/python3.9/site-packages/torch/include/ATen/core/TensorBody.h:222:1: note: declared here
    222 |   DeprecatedTypeProperties & type() const {
        | ^ ~~
  /root/RVCD/MAIN_CODES/decoder_zoo/GroundingDINO/groundingdino/models/GroundingDINO/csrc/MsDeformAttn/ms_deform_attn_cuda.cu:135:164: warning: 'c10::ScalarType detail::scalar_type(const at::DeprecatedTypeProperties&)' is deprecated: passing at::DeprecatedTypeProperties to an AT_DISPATCH macro is deprecated, pass an at::ScalarType instead [-Wdeprecated-declarations]
    135 |         AT_DISPATCH_FLOATING_TYPES(value.type(), "ms_deform_attn_backward_cuda", ([&] {
        |                                                                                                                                                                    ^
  /venv/RVCD/lib/python3.9/site-packages/torch/include/ATen/Dispatch.h:122:1: note: declared here
    122 | inline at::ScalarType scalar_type(const at::DeprecatedTypeProperties& t) {
        | ^~~~~~~~~~~
  /root/RVCD/MAIN_CODES/decoder_zoo/GroundingDINO/groundingdino/models/GroundingDINO/csrc/MsDeformAttn/ms_deform_attn_cuda.cu: In lambda function:
  /root/RVCD/MAIN_CODES/decoder_zoo/GroundingDINO/groundingdino/models/GroundingDINO/csrc/MsDeformAttn/ms_deform_attn_cuda.cu:135:1112: warning: 'T* at::Tensor::data() const [with T = double]' is deprecated: Tensor.data<T>() is deprecated. Please use Tensor.data_ptr<T>() instead. [-Wdeprecated-declarations]
    135 |         AT_DISPATCH_FLOATING_TYPES(value.type(), "ms_deform_attn_backward_cuda", ([&] {
        |                                                                                                                                                                                                                                                                                                                                                                                                                                                                                                                                                                                                                                                                                                                                                                                                                                                                                                                                                                                                                                                                                                                                                        ^
  /venv/RVCD/lib/python3.9/site-packages/torch/include/ATen/core/TensorBody.h:244:1: note: declared here
    244 |   T * data() const {
        | ^ ~~
  /root/RVCD/MAIN_CODES/decoder_zoo/GroundingDINO/groundingdino/models/GroundingDINO/csrc/MsDeformAttn/ms_deform_attn_cuda.cu:135:1138: warning: 'T* at::Tensor::data() const [with T = double]' is deprecated: Tensor.data<T>() is deprecated. Please use Tensor.data_ptr<T>() instead. [-Wdeprecated-declarations]
    135 |         AT_DISPATCH_FLOATING_TYPES(value.type(), "ms_deform_attn_backward_cuda", ([&] {
        |                                                                                                                                                                                                                                                                                                                                                                                                                                                                                                                                                                                                                                                                                                                                                                                                                                                                                                                                                                                                                                                                                                                                                                                  ^
  /venv/RVCD/lib/python3.9/site-packages/torch/include/ATen/core/TensorBody.h:244:1: note: declared here
    244 |   T * data() const {
        | ^ ~~
  /root/RVCD/MAIN_CODES/decoder_zoo/GroundingDINO/groundingdino/models/GroundingDINO/csrc/MsDeformAttn/ms_deform_attn_cuda.cu:135:1224: warning: 'T* at::Tensor::data() const [with T = long int]' is deprecated: Tensor.data<T>() is deprecated. Please use Tensor.data_ptr<T>() instead. [-Wdeprecated-declarations]
    135 |         AT_DISPATCH_FLOATING_TYPES(value.type(), "ms_deform_attn_backward_cuda", ([&] {
        |                                                                                                                                                                                                                                                                                                                                                                                                                                                                                                                                                                                                                                                                                                                                                                                                                                                                                                                                                                                                                                                                                                                                                                                                                                                                        ^
  /venv/RVCD/lib/python3.9/site-packages/torch/include/ATen/core/TensorBody.h:244:1: note: declared here
    244 |   T * data() const {
        | ^ ~~
  /root/RVCD/MAIN_CODES/decoder_zoo/GroundingDINO/groundingdino/models/GroundingDINO/csrc/MsDeformAttn/ms_deform_attn_cuda.cu:135:1267: warning: 'T* at::Tensor::data() const [with T = long int]' is deprecated: Tensor.data<T>() is deprecated. Please use Tensor.data_ptr<T>() instead. [-Wdeprecated-declarations]
    135 |         AT_DISPATCH_FLOATING_TYPES(value.type(), "ms_deform_attn_backward_cuda", ([&] {
        |                                                                                                                                                                                                                                                                                                                                                                                                                                                                                                                                                                                                                                                                                                                                                                                                                                                                                                                                                                                                                                                                                                                                                                                                                                                                                                                   ^
  /venv/RVCD/lib/python3.9/site-packages/torch/include/ATen/core/TensorBody.h:244:1: note: declared here
    244 |   T * data() const {
        | ^ ~~
  /root/RVCD/MAIN_CODES/decoder_zoo/GroundingDINO/groundingdino/models/GroundingDINO/csrc/MsDeformAttn/ms_deform_attn_cuda.cu:135:1300: warning: 'T* at::Tensor::data() const [with T = double]' is deprecated: Tensor.data<T>() is deprecated. Please use Tensor.data_ptr<T>() instead. [-Wdeprecated-declarations]
    135 |         AT_DISPATCH_FLOATING_TYPES(value.type(), "ms_deform_attn_backward_cuda", ([&] {
        |                                                                                                                                                                                                                                                                                                                                                                                                                                                                                                                                                                                                                                                                                                                                                                                                                                                                                                                                                                                                                                                                                                                                                                                                                                                                                                                                                    ^
  /venv/RVCD/lib/python3.9/site-packages/torch/include/ATen/core/TensorBody.h:244:1: note: declared here
    244 |   T * data() const {
        | ^ ~~
  /root/RVCD/MAIN_CODES/decoder_zoo/GroundingDINO/groundingdino/models/GroundingDINO/csrc/MsDeformAttn/ms_deform_attn_cuda.cu:135:1383: warning: 'T* at::Tensor::data() const [with T = double]' is deprecated: Tensor.data<T>() is deprecated. Please use Tensor.data_ptr<T>() instead. [-Wdeprecated-declarations]
    135 |         AT_DISPATCH_FLOATING_TYPES(value.type(), "ms_deform_attn_backward_cuda", ([&] {
        |                                                                                                                                                                                                                                                                                                                                                                                                                                                                                                                                                                                                                                                                                                                                                                                                                                                                                                                                                                                                                                                                                                                                                                                                                                                                                                                                                                                                                                       ^
  /venv/RVCD/lib/python3.9/site-packages/torch/include/ATen/core/TensorBody.h:244:1: note: declared here
    244 |   T * data() const {
        | ^ ~~
  /root/RVCD/MAIN_CODES/decoder_zoo/GroundingDINO/groundingdino/models/GroundingDINO/csrc/MsDeformAttn/ms_deform_attn_cuda.cu:135:1544: warning: 'T* at::Tensor::data() const [with T = double]' is deprecated: Tensor.data<T>() is deprecated. Please use Tensor.data_ptr<T>() instead. [-Wdeprecated-declarations]
    135 |         AT_DISPATCH_FLOATING_TYPES(value.type(), "ms_deform_attn_backward_cuda", ([&] {
        |                                                                                                                                                                                                                                                                                                                                                                                                                                                                                                                                                                                                                                                                                                                                                                                                                                                                                                                                                                                                                                                                                                                                                                                                                                                                                                                                                                                                                                                                                                                                                                                                        ^
  /venv/RVCD/lib/python3.9/site-packages/torch/include/ATen/core/TensorBody.h:244:1: note: declared here
    244 |   T * data() const {
        | ^ ~~
  /root/RVCD/MAIN_CODES/decoder_zoo/GroundingDINO/groundingdino/models/GroundingDINO/csrc/MsDeformAttn/ms_deform_attn_cuda.cu:135:1628: warning: 'T* at::Tensor::data() const [with T = double]' is deprecated: Tensor.data<T>() is deprecated. Please use Tensor.data_ptr<T>() instead. [-Wdeprecated-declarations]
    135 |         AT_DISPATCH_FLOATING_TYPES(value.type(), "ms_deform_attn_backward_cuda", ([&] {
        |                                                                                                                                                                                                                                                                                                                                                                                                                                                                                                                                                                                                                                                                                                                                                                                                                                                                                                                                                                                                                                                                                                                                                                                                                                                                                                                                                                                                                                                                                                                                                                                                                                                                                            ^
  /venv/RVCD/lib/python3.9/site-packages/torch/include/ATen/core/TensorBody.h:244:1: note: declared here
    244 |   T * data() const {
        | ^ ~~
  /root/RVCD/MAIN_CODES/decoder_zoo/GroundingDINO/groundingdino/models/GroundingDINO/csrc/MsDeformAttn/ms_deform_attn_cuda.cu:135:1716: warning: 'T* at::Tensor::data() const [with T = double]' is deprecated: Tensor.data<T>() is deprecated. Please use Tensor.data_ptr<T>() instead. [-Wdeprecated-declarations]
    135 |         AT_DISPATCH_FLOATING_TYPES(value.type(), "ms_deform_attn_backward_cuda", ([&] {
        |                                                                                                                                                                                                                                                                                                                                                                                                                                                                                                                                                                                                                                                                                                                                                                                                                                                                                                                                                                                                                                                                                                                                                                                                                                                                                                                                                                                                                                                                                                                                                                                                                                                                                                                                                                                    ^
  /venv/RVCD/lib/python3.9/site-packages/torch/include/ATen/core/TensorBody.h:244:1: note: declared here
    244 |   T * data() const {
        | ^ ~~
  /root/RVCD/MAIN_CODES/decoder_zoo/GroundingDINO/groundingdino/models/GroundingDINO/csrc/MsDeformAttn/ms_deform_attn_cuda.cu: In lambda function:
  /root/RVCD/MAIN_CODES/decoder_zoo/GroundingDINO/groundingdino/models/GroundingDINO/csrc/MsDeformAttn/ms_deform_attn_cuda.cu:135:2696: warning: 'T* at::Tensor::data() const [with T = float]' is deprecated: Tensor.data<T>() is deprecated. Please use Tensor.data_ptr<T>() instead. [-Wdeprecated-declarations]
    135 |         AT_DISPATCH_FLOATING_TYPES(value.type(), "ms_deform_attn_backward_cuda", ([&] {
        |                                                                                                                                                                                                                                                                                                                                                                                                                                                                                                                                                                                                                                                                                                                                                                                                                                                                                                                                                                                                                                                                                                                                                                                                                                                                                                                                                                                                                                                                                                                                                                                                                                                                                                                                                                                                                                                                                                                                                                                                                                                                                                                                                                                                                                                                                                                                                                                                                                                                                                                                                                                                                                                                                                                                                                                                        ^
  /venv/RVCD/lib/python3.9/site-packages/torch/include/ATen/core/TensorBody.h:244:1: note: declared here
    244 |   T * data() const {
        | ^ ~~
  /root/RVCD/MAIN_CODES/decoder_zoo/GroundingDINO/groundingdino/models/GroundingDINO/csrc/MsDeformAttn/ms_deform_attn_cuda.cu:135:2721: warning: 'T* at::Tensor::data() const [with T = float]' is deprecated: Tensor.data<T>() is deprecated. Please use Tensor.data_ptr<T>() instead. [-Wdeprecated-declarations]
    135 |         AT_DISPATCH_FLOATING_TYPES(value.type(), "ms_deform_attn_backward_cuda", ([&] {
        |                                                                                                                                                                                                                                                                                                                                                                                                                                                                                                                                                                                                                                                                                                                                                                                                                                                                                                                                                                                                                                                                                                                                                                                                                                                                                                                                                                                                                                                                                                                                                                                                                                                                                                                                                                                                                                                                                                                                                                                                                                                                                                                                                                                                                                                                                                                                                                                                                                                                                                                                                                                                                                                                                                                                                                                                                                 ^
  /venv/RVCD/lib/python3.9/site-packages/torch/include/ATen/core/TensorBody.h:244:1: note: declared here
    244 |   T * data() const {
        | ^ ~~
  /root/RVCD/MAIN_CODES/decoder_zoo/GroundingDINO/groundingdino/models/GroundingDINO/csrc/MsDeformAttn/ms_deform_attn_cuda.cu:135:2807: warning: 'T* at::Tensor::data() const [with T = long int]' is deprecated: Tensor.data<T>() is deprecated. Please use Tensor.data_ptr<T>() instead. [-Wdeprecated-declarations]
    135 |         AT_DISPATCH_FLOATING_TYPES(value.type(), "ms_deform_attn_backward_cuda", ([&] {
        |                                                                                                                                                                                                                                                                                                                                                                                                                                                                                                                                                                                                                                                                                                                                                                                                                                                                                                                                                                                                                                                                                                                                                                                                                                                                                                                                                                                                                                                                                                                                                                                                                                                                                                                                                                                                                                                                                                                                                                                                                                                                                                                                                                                                                                                                                                                                                                                                                                                                                                                                                                                                                                                                                                                                                                                                                                                                                                                       ^
  /venv/RVCD/lib/python3.9/site-packages/torch/include/ATen/core/TensorBody.h:244:1: note: declared here
    244 |   T * data() const {
        | ^ ~~
  /root/RVCD/MAIN_CODES/decoder_zoo/GroundingDINO/groundingdino/models/GroundingDINO/csrc/MsDeformAttn/ms_deform_attn_cuda.cu:135:2850: warning: 'T* at::Tensor::data() const [with T = long int]' is deprecated: Tensor.data<T>() is deprecated. Please use Tensor.data_ptr<T>() instead. [-Wdeprecated-declarations]
    135 |         AT_DISPATCH_FLOATING_TYPES(value.type(), "ms_deform_attn_backward_cuda", ([&] {
        |                                                                                                                                                                                                                                                                                                                                                                                                                                                                                                                                                                                                                                                                                                                                                                                                                                                                                                                                                                                                                                                                                                                                                                                                                                                                                                                                                                                                                                                                                                                                                                                                                                                                                                                                                                                                                                                                                                                                                                                                                                                                                                                                                                                                                                                                                                                                                                                                                                                                                                                                                                                                                                                                                                                                                                                                                                                                                                                                                                  ^
  /venv/RVCD/lib/python3.9/site-packages/torch/include/ATen/core/TensorBody.h:244:1: note: declared here
    244 |   T * data() const {
        | ^ ~~
  /root/RVCD/MAIN_CODES/decoder_zoo/GroundingDINO/groundingdino/models/GroundingDINO/csrc/MsDeformAttn/ms_deform_attn_cuda.cu:135:2882: warning: 'T* at::Tensor::data() const [with T = float]' is deprecated: Tensor.data<T>() is deprecated. Please use Tensor.data_ptr<T>() instead. [-Wdeprecated-declarations]
    135 |         AT_DISPATCH_FLOATING_TYPES(value.type(), "ms_deform_attn_backward_cuda", ([&] {
        |                                                                                                                                                                                                                                                                                                                                                                                                                                                                                                                                                                                                                                                                                                                                                                                                                                                                                                                                                                                                                                                                                                                                                                                                                                                                                                                                                                                                                                                                                                                                                                                                                                                                                                                                                                                                                                                                                                                                                                                                                                                                                                                                                                                                                                                                                                                                                                                                                                                                                                                                                                                                                                                                                                                                                                                                                                                                                                                                                                                                  ^
  /venv/RVCD/lib/python3.9/site-packages/torch/include/ATen/core/TensorBody.h:244:1: note: declared here
    244 |   T * data() const {
        | ^ ~~
  /root/RVCD/MAIN_CODES/decoder_zoo/GroundingDINO/groundingdino/models/GroundingDINO/csrc/MsDeformAttn/ms_deform_attn_cuda.cu:135:2964: warning: 'T* at::Tensor::data() const [with T = float]' is deprecated: Tensor.data<T>() is deprecated. Please use Tensor.data_ptr<T>() instead. [-Wdeprecated-declarations]
    135 |         AT_DISPATCH_FLOATING_TYPES(value.type(), "ms_deform_attn_backward_cuda", ([&] {
        |                                                                                                                                                                                                                                                                                                                                                                                                                                                                                                                                                                                                                                                                                                                                                                                                                                                                                                                                                                                                                                                                                                                                                                                                                                                                                                                                                                                                                                                                                                                                                                                                                                                                                                                                                                                                                                                                                                                                                                                                                                                                                                                                                                                                                                                                                                                                                                                                                                                                                                                                                                                                                                                                                                                                                                                                                                                                                                                                                                                                                                                                                    ^
  /venv/RVCD/lib/python3.9/site-packages/torch/include/ATen/core/TensorBody.h:244:1: note: declared here
    244 |   T * data() const {
        | ^ ~~
  /root/RVCD/MAIN_CODES/decoder_zoo/GroundingDINO/groundingdino/models/GroundingDINO/csrc/MsDeformAttn/ms_deform_attn_cuda.cu:135:3124: warning: 'T* at::Tensor::data() const [with T = float]' is deprecated: Tensor.data<T>() is deprecated. Please use Tensor.data_ptr<T>() instead. [-Wdeprecated-declarations]
    135 |         AT_DISPATCH_FLOATING_TYPES(value.type(), "ms_deform_attn_backward_cuda", ([&] {
        |                                                                                                                                                                                                                                                                                                                                                                                                                                                                                                                                                                                                                                                                                                                                                                                                                                                                                                                                                                                                                                                                                                                                                                                                                                                                                                                                                                                                                                                                                                                                                                                                                                                                                                                                                                                                                                                                                                                                                                                                                                                                                                                                                                                                                                                                                                                                                                                                                                                                                                                                                                                                                                                                                                                                                                                                                                                                                                                                                                                                                                                                                                                                                                                                                                                    ^
  /venv/RVCD/lib/python3.9/site-packages/torch/include/ATen/core/TensorBody.h:244:1: note: declared here
    244 |   T * data() const {
        | ^ ~~
  /root/RVCD/MAIN_CODES/decoder_zoo/GroundingDINO/groundingdino/models/GroundingDINO/csrc/MsDeformAttn/ms_deform_attn_cuda.cu:135:3207: warning: 'T* at::Tensor::data() const [with T = float]' is deprecated: Tensor.data<T>() is deprecated. Please use Tensor.data_ptr<T>() instead. [-Wdeprecated-declarations]
    135 |         AT_DISPATCH_FLOATING_TYPES(value.type(), "ms_deform_attn_backward_cuda", ([&] {
        |                                                                                                                                                                                                                                                                                                                                                                                                                                                                                                                                                                                                                                                                                                                                                                                                                                                                                                                                                                                                                                                                                                                                                                                                                                                                                                                                                                                                                                                                                                                                                                                                                                                                                                                                                                                                                                                                                                                                                                                                                                                                                                                                                                                                                                                                                                                                                                                                                                                                                                                                                                                                                                                                                                                                                                                                                                                                                                                                                                                                                                                                                                                                                                                                                                                                                                                                       ^
  /venv/RVCD/lib/python3.9/site-packages/torch/include/ATen/core/TensorBody.h:244:1: note: declared here
    244 |   T * data() const {
        | ^ ~~
  /root/RVCD/MAIN_CODES/decoder_zoo/GroundingDINO/groundingdino/models/GroundingDINO/csrc/MsDeformAttn/ms_deform_attn_cuda.cu:135:3294: warning: 'T* at::Tensor::data() const [with T = float]' is deprecated: Tensor.data<T>() is deprecated. Please use Tensor.data_ptr<T>() instead. [-Wdeprecated-declarations]
    135 |         AT_DISPATCH_FLOATING_TYPES(value.type(), "ms_deform_attn_backward_cuda", ([&] {
        |                                                                                                                                                                                                                                                                                                                                                                                                                                                                                                                                                                                                                                                                                                                                                                                                                                                                                                                                                                                                                                                                                                                                                                                                                                                                                                                                                                                                                                                                                                                                                                                                                                                                                                                                                                                                                                                                                                                                                                                                                                                                                                                                                                                                                                                                                                                                                                                                                                                                                                                                                                                                                                                                                                                                                                                                                                                                                                                                                                                                                                                                                                                                                                                                                                                                                                                                                                                                                              ^
  /venv/RVCD/lib/python3.9/site-packages/torch/include/ATen/core/TensorBody.h:244:1: note: declared here
    244 |   T * data() const {
        | ^ ~~
  [3/4] /venv/RVCD/bin/nvcc  -DWITH_CUDA -I/root/RVCD/MAIN_CODES/decoder_zoo/GroundingDINO/groundingdino/models/GroundingDINO/csrc -I/venv/RVCD/lib/python3.9/site-packages/torch/include -I/venv/RVCD/lib/python3.9/site-packages/torch/include/torch/csrc/api/include -I/venv/RVCD/lib/python3.9/site-packages/torch/include/TH -I/venv/RVCD/lib/python3.9/site-packages/torch/include/THC -I/venv/RVCD/include -I/venv/RVCD/include/python3.9 -c -c /root/RVCD/MAIN_CODES/decoder_zoo/GroundingDINO/groundingdino/models/GroundingDINO/csrc/cuda_version.cu -o /tmp/tmpuufviwyr.build-temp/root/RVCD/MAIN_CODES/decoder_zoo/GroundingDINO/groundingdino/models/GroundingDINO/csrc/cuda_version.o -D__CUDA_NO_HALF_OPERATORS__ -D__CUDA_NO_HALF_CONVERSIONS__ -D__CUDA_NO_BFLOAT16_CONVERSIONS__ -D__CUDA_NO_HALF2_OPERATORS__ --expt-relaxed-constexpr --compiler-options ''"'"'-fPIC'"'"'' -DCUDA_HAS_FP16=1 -D__CUDA_NO_HALF_OPERATORS__ -D__CUDA_NO_HALF_CONVERSIONS__ -D__CUDA_NO_HALF2_OPERATORS__ -DTORCH_API_INCLUDE_EXTENSION_H '-DPYBIND11_COMPILER_TYPE="_gcc"' '-DPYBIND11_STDLIB="_libstdcpp"' '-DPYBIND11_BUILD_ABI="_cxxabi1011"' -DTORCH_EXTENSION_NAME=_C -D_GLIBCXX_USE_CXX11_ABI=0 -gencode=arch=compute_80,code=sm_80 -ccbin /venv/RVCD/bin/x86_64-conda-linux-gnu-gcc -std=c++17
  [4/4] /venv/RVCD/bin/x86_64-conda-linux-gnu-g++ -MMD -MF /tmp/tmpuufviwyr.build-temp/root/RVCD/MAIN_CODES/decoder_zoo/GroundingDINO/groundingdino/models/GroundingDINO/csrc/vision.o.d -Wno-unused-result -Wsign-compare -DNDEBUG -fwrapv -O2 -Wall -fPIC -O2 -isystem /venv/RVCD/include -fPIC -O2 -isystem /venv/RVCD/include -fPIC -DWITH_CUDA -I/root/RVCD/MAIN_CODES/decoder_zoo/GroundingDINO/groundingdino/models/GroundingDINO/csrc -I/venv/RVCD/lib/python3.9/site-packages/torch/include -I/venv/RVCD/lib/python3.9/site-packages/torch/include/torch/csrc/api/include -I/venv/RVCD/lib/python3.9/site-packages/torch/include/TH -I/venv/RVCD/lib/python3.9/site-packages/torch/include/THC -I/venv/RVCD/include -I/venv/RVCD/include/python3.9 -c -c /root/RVCD/MAIN_CODES/decoder_zoo/GroundingDINO/groundingdino/models/GroundingDINO/csrc/vision.cpp -o /tmp/tmpuufviwyr.build-temp/root/RVCD/MAIN_CODES/decoder_zoo/GroundingDINO/groundingdino/models/GroundingDINO/csrc/vision.o -DTORCH_API_INCLUDE_EXTENSION_H '-DPYBIND11_COMPILER_TYPE="_gcc"' '-DPYBIND11_STDLIB="_libstdcpp"' '-DPYBIND11_BUILD_ABI="_cxxabi1011"' -DTORCH_EXTENSION_NAME=_C -D_GLIBCXX_USE_CXX11_ABI=0 -std=c++17
  In file included from /root/RVCD/MAIN_CODES/decoder_zoo/GroundingDINO/groundingdino/models/GroundingDINO/csrc/vision.cpp:3:
  /root/RVCD/MAIN_CODES/decoder_zoo/GroundingDINO/groundingdino/models/GroundingDINO/csrc/MsDeformAttn/ms_deform_attn.h: In function 'at::Tensor groundingdino::ms_deform_attn_forward(const at::Tensor&, const at::Tensor&, const at::Tensor&, const at::Tensor&, const at::Tensor&, int)':
  /root/RVCD/MAIN_CODES/decoder_zoo/GroundingDINO/groundingdino/models/GroundingDINO/csrc/MsDeformAttn/ms_deform_attn.h:30:19: warning: 'at::DeprecatedTypeProperties& at::Tensor::type() const' is deprecated: Tensor.type() is deprecated. Instead use Tensor.options(), which in many cases (e.g. in a constructor) is a drop-in replacement. If you were using data from type(), that is now available from Tensor itself, so instead of tensor.type().scalar_type(), use tensor.scalar_type() instead and instead of tensor.type().backend() use tensor.device(). [-Wdeprecated-declarations]
     30 |     if (value.type().is_cuda())
        |         ~~~~~~~~~~^~
  In file included from /venv/RVCD/lib/python3.9/site-packages/torch/include/ATen/core/Tensor.h:3,
                   from /venv/RVCD/lib/python3.9/site-packages/torch/include/ATen/Tensor.h:3,
                   from /venv/RVCD/lib/python3.9/site-packages/torch/include/torch/csrc/autograd/function_hook.h:3,
                   from /venv/RVCD/lib/python3.9/site-packages/torch/include/torch/csrc/autograd/cpp_hook.h:2,
                   from /venv/RVCD/lib/python3.9/site-packages/torch/include/torch/csrc/autograd/variable.h:6,
                   from /venv/RVCD/lib/python3.9/site-packages/torch/include/torch/csrc/autograd/autograd.h:3,
                   from /venv/RVCD/lib/python3.9/site-packages/torch/include/torch/csrc/api/include/torch/autograd.h:3,
                   from /venv/RVCD/lib/python3.9/site-packages/torch/include/torch/csrc/api/include/torch/all.h:7,
                   from /venv/RVCD/lib/python3.9/site-packages/torch/include/torch/extension.h:4,
                   from /root/RVCD/MAIN_CODES/decoder_zoo/GroundingDINO/groundingdino/models/GroundingDINO/csrc/MsDeformAttn/ms_deform_attn_cpu.h:12,
                   from /root/RVCD/MAIN_CODES/decoder_zoo/GroundingDINO/groundingdino/models/GroundingDINO/csrc/MsDeformAttn/ms_deform_attn.h:13,
                   from /root/RVCD/MAIN_CODES/decoder_zoo/GroundingDINO/groundingdino/models/GroundingDINO/csrc/vision.cpp:3:
  /venv/RVCD/lib/python3.9/site-packages/torch/include/ATen/core/TensorBody.h:222:30: note: declared here
    222 |   DeprecatedTypeProperties & type() const {
        |                              ^~~~
  In file included from /root/RVCD/MAIN_CODES/decoder_zoo/GroundingDINO/groundingdino/models/GroundingDINO/csrc/vision.cpp:3:
  /root/RVCD/MAIN_CODES/decoder_zoo/GroundingDINO/groundingdino/models/GroundingDINO/csrc/MsDeformAttn/ms_deform_attn.h: In function 'std::vector<at::Tensor> groundingdino::ms_deform_attn_backward(const at::Tensor&, const at::Tensor&, const at::Tensor&, const at::Tensor&, const at::Tensor&, const at::Tensor&, int)':
  /root/RVCD/MAIN_CODES/decoder_zoo/GroundingDINO/groundingdino/models/GroundingDINO/csrc/MsDeformAttn/ms_deform_attn.h:52:19: warning: 'at::DeprecatedTypeProperties& at::Tensor::type() const' is deprecated: Tensor.type() is deprecated. Instead use Tensor.options(), which in many cases (e.g. in a constructor) is a drop-in replacement. If you were using data from type(), that is now available from Tensor itself, so instead of tensor.type().scalar_type(), use tensor.scalar_type() instead and instead of tensor.type().backend() use tensor.device(). [-Wdeprecated-declarations]
     52 |     if (value.type().is_cuda())
        |         ~~~~~~~~~~^~
  In file included from /venv/RVCD/lib/python3.9/site-packages/torch/include/ATen/core/Tensor.h:3,
                   from /venv/RVCD/lib/python3.9/site-packages/torch/include/ATen/Tensor.h:3,
                   from /venv/RVCD/lib/python3.9/site-packages/torch/include/torch/csrc/autograd/function_hook.h:3,
                   from /venv/RVCD/lib/python3.9/site-packages/torch/include/torch/csrc/autograd/cpp_hook.h:2,
                   from /venv/RVCD/lib/python3.9/site-packages/torch/include/torch/csrc/autograd/variable.h:6,
                   from /venv/RVCD/lib/python3.9/site-packages/torch/include/torch/csrc/autograd/autograd.h:3,
                   from /venv/RVCD/lib/python3.9/site-packages/torch/include/torch/csrc/api/include/torch/autograd.h:3,
                   from /venv/RVCD/lib/python3.9/site-packages/torch/include/torch/csrc/api/include/torch/all.h:7,
                   from /venv/RVCD/lib/python3.9/site-packages/torch/include/torch/extension.h:4,
                   from /root/RVCD/MAIN_CODES/decoder_zoo/GroundingDINO/groundingdino/models/GroundingDINO/csrc/MsDeformAttn/ms_deform_attn_cpu.h:12,
                   from /root/RVCD/MAIN_CODES/decoder_zoo/GroundingDINO/groundingdino/models/GroundingDINO/csrc/MsDeformAttn/ms_deform_attn.h:13,
                   from /root/RVCD/MAIN_CODES/decoder_zoo/GroundingDINO/groundingdino/models/GroundingDINO/csrc/vision.cpp:3:
  /venv/RVCD/lib/python3.9/site-packages/torch/include/ATen/core/TensorBody.h:222:30: note: declared here
    222 |   DeprecatedTypeProperties & type() const {
        |                              ^~~~
  creating /tmp/tmpymio8kzw.build-lib/groundingdino
  /venv/RVCD/bin/x86_64-conda-linux-gnu-g++ -Wno-unused-result -Wsign-compare -DNDEBUG -fwrapv -O2 -Wall -fPIC -O2 -isystem /venv/RVCD/include -fPIC -O2 -isystem /venv/RVCD/include -pthread -B /venv/RVCD/compiler_compat -shared /tmp/tmpuufviwyr.build-temp/root/RVCD/MAIN_CODES/decoder_zoo/GroundingDINO/groundingdino/models/GroundingDINO/csrc/MsDeformAttn/ms_deform_attn_cpu.o /tmp/tmpuufviwyr.build-temp/root/RVCD/MAIN_CODES/decoder_zoo/GroundingDINO/groundingdino/models/GroundingDINO/csrc/MsDeformAttn/ms_deform_attn_cuda.o /tmp/tmpuufviwyr.build-temp/root/RVCD/MAIN_CODES/decoder_zoo/GroundingDINO/groundingdino/models/GroundingDINO/csrc/cuda_version.o /tmp/tmpuufviwyr.build-temp/root/RVCD/MAIN_CODES/decoder_zoo/GroundingDINO/groundingdino/models/GroundingDINO/csrc/vision.o -L/venv/RVCD/lib/python3.9/site-packages/torch/lib -L/venv/RVCD/lib -lc10 -ltorch -ltorch_cpu -ltorch_python -lcudart -lc10_cuda -ltorch_cuda -o /tmp/tmpymio8kzw.build-lib/groundingdino/_C.cpython-39-x86_64-linux-gnu.so
  copying /tmp/tmpymio8kzw.build-lib/groundingdino/_C.cpython-39-x86_64-linux-gnu.so -> groundingdino
  Editable install will be performed using a meta path finder.

  Options like `package-data`, `include/exclude-package-data` or
  `packages.find.exclude/include` may have no effect.

  adding '__editable___groundingdino_0_1_0_finder.py'
  adding '__editable__.groundingdino-0.1.0.pth'
  creating '/tmp/pip-ephem-wheel-cache-yjsf1a2s/wheels/63/14/c2/cd317ae4d4e3199dce3bd47a4bfad7e3f84933fbdba01c2597/tmpl9dyx4gw/.tmp-ayibmca8/groundingdino-0.1.0-0.editable-cp39-cp39-linux_x86_64.whl' and adding '/tmp/tmppx92gom_groundingdino-0.1.0-0.editable-cp39-cp39-linux_x86_64.whl' to it
  adding 'groundingdino-0.1.0.dist-info/licenses/LICENSE'
  adding 'groundingdino-0.1.0.dist-info/METADATA'
  adding 'groundingdino-0.1.0.dist-info/WHEEL'
  adding 'groundingdino-0.1.0.dist-info/top_level.txt'
  adding 'groundingdino-0.1.0.dist-info/RECORD'
  /venv/RVCD/lib/python3.9/site-packages/setuptools/command/editable_wheel.py:354: InformationOnly: Editable installation.
  !!

          ********************************************************************************
          Please be careful with folders in your working directory with the same
          name as your package as they may take precedence during imports.
          ********************************************************************************

  !!
    wheel_obj.write_files(unpacked)
  Building editable for groundingdino (pyproject.toml): finished with status 'done'
  Created wheel for groundingdino: filename=groundingdino-0.1.0-0.editable-cp39-cp39-linux_x86_64.whl size=11161 sha256=ba9a69e1656d314f40ec5d6459365db1342c002a21ed683d5cc59a89193b827b
  Stored in directory: /tmp/pip-ephem-wheel-cache-yjsf1a2s/wheels/63/14/c2/cd317ae4d4e3199dce3bd47a4bfad7e3f84933fbdba01c2597
Successfully built groundingdino
Installing collected packages: supervision, groundingdino
  Attempting uninstall: supervision
    Found existing installation: supervision 0.28.0
    Uninstalling supervision-0.28.0:
      Removing file or directory /venv/RVCD/lib/python3.9/site-packages/supervision-0.28.0.dist-info/
      Removing file or directory /venv/RVCD/lib/python3.9/site-packages/supervision/
      Successfully uninstalled supervision-0.28.0

Successfully installed groundingdino-0.1.0 supervision-0.6.0
WARNING: Running pip as the 'root' user can result in broken permissions and conflicting behaviour with the system package manager, possibly rendering your system unusable. It is recommended to use a virtual environment instead: https://pip.pypa.io/warnings/venv. Use the --root-user-action option if you know what you are doing and want to suppress this warning.
  Link requires a different Python (3.9.23 not in: '>=3.10'): https://files.pythonhosted.org/packages/70/7a/be4bd8bcbb24ea475856dd68159d78b03b2bb53dae369f69c9606b8888f5/pip-26.1-py3-none-any.whl (from https://pypi.org/simple/pip/) (requires-python:>=3.10)
  Link requires a different Python (3.9.23 not in: '>=3.10'): https://files.pythonhosted.org/packages/73/7e/d2b04004e1068ad4fdfa2f227b839b5d03e602e47cdbbf49de71137c9546/pip-26.1.tar.gz (from https://pypi.org/simple/pip/) (requires-python:>=3.10)
  Link requires a different Python (3.9.23 not in: '>=3.10'): https://files.pythonhosted.org/packages/3a/eb/fea4d1d51c49832120f7f285d07306db3960f423a2612c6057caf3e8196f/pip-26.1.1-py3-none-any.whl (from https://pypi.org/simple/pip/) (requires-python:>=3.10)
  Link requires a different Python (3.9.23 not in: '>=3.10'): https://files.pythonhosted.org/packages/b6/48/cb9b7a682f6fe01a4221e1728941dd4ac3cd9090a17db3779d6ff490b602/pip-26.1.1.tar.gz (from https://pypi.org/simple/pip/) (requires-python:>=3.10)

[notice] A new release of pip is available: 25.3 -> 26.0.1
[notice] To update, run: pip install --upgrade pip
